policy_no,policy_name,client_name,state,industry
NCI8356V,1000 MILE TRAVEL GROUP PTY LTD,1000 MILE TRAVEL GROUP PTY LTD,VIC,MISCELLANEOUS
P120000693,2020 FURNITURE DESIGN LTD,2020 FURNITURE DESIGN LTD,,FURNITURE / FLOORS
NCI5944Q,20CUBE LOGISTICS PTY LTD,20CUBE LOGISTICS PTY LTD,QLD,FREIGHT FORWARDERS
AU21091000,20CUBE LOGISTICS PTY LTD,20CUBE LOGISTICS PTY LTD,QLD,FREIGHT FORWARDERS
NCI8898N,212IGNITE PTY LTD,ATOMIC SEARCH PTY LTD,NSW,ADVERTISING
TW-11250,3.14 DEGREE PTY LTD,3.14 DEGREE PTY LTD,VIC,FURNITURE / FLOORS
NCI7662N,303 MULLENLOWE AUSTRALIA PTY LTD,ATTIVO LIMITED,NSW,ADVERTISING
AU22094200,303 MULLENLOWE AUSTRALIA PTY LTD,ATTIVO LIMITED,NSW,ADVERTISING
546401,3A COMPOSITES ASIA PACIFIC PTE LTD,3A COMPOSITES ASIA PACIFIC PTE LTD,,MAJOR STEEL
AU25146800,3D COMMERCIAL PTY LTD,3D COMMERCIAL PTY LTD,VIC,BUILDING / HARDWARE
NCI8975S,3D SITEWORXS PTY LTD,3D SITEWORXS PTY LTD,SA,BUILDING / HARDWARE
1480106-1,3D SITEWORXS PTY LTD,3D SITEWORXS PTY LTD,SA,BUILDING / HARDWARE
284617001,4SYTE LTD,4SYTE LTD,,FINANCE
T106724,7 FACADE PTY LIMITED,7 FACADE PTY LIMITED,NSW,BUILDING / HARDWARE
T106641,701RECRUITMENT PTY LTD,701RECRUITMENT PTY LTD,QLD,EMPLOYMENT AGENCIES
1000182799,786 SG PTE. LTD.,MEGA PACKERS ASSOCIATE PTE LTD,,MISCELLANEOUS
NCI8213V,A & J BUILDING PRODUCTS PTY LTD,A & J BUILDING PRODUCTS PTY LTD,VIC,BUILDING / HARDWARE
1331818-1,A & J BUILDING PRODUCTS PTY LTD,A & J BUILDING PRODUCTS PTY LTD,VIC,BUILDING / HARDWARE
NCI5984V,A & K INVESTMENTS (AUSTRALIA) PTY LTD,A & K INVESTMENTS (AUSTRALIA) PTY LTD,VIC,BUILDING / HARDWARE
AU19070200,A & K INVESTMENTS (AUSTRALIA) PTY LTD,A & K INVESTMENTS (AUSTRALIA) PTY LTD,VIC,BUILDING / HARDWARE
NCI8162S,A & L PEVREALL PTY LTD,A & L PEVREALL PTY LTD,SA,BUILDING / HARDWARE
AU25147200,A & L PEVREALL PTY LTD,A & L PEVREALL PTY LTD,SA,BUILDING / HARDWARE
NCI4373S,A 1 NOMINEES PTY. LTD.,A 1 NOMINEES PTY. LTD.,SA,MANUFACTURING
AU23114800,A 1 NOMINEES PTY. LTD.,A 1 NOMINEES PTY. LTD.,SA,MANUFACTURING
NCI7157Q,A 2 Z SHEETMETAL PTY LTD,A 2 Z SHEETMETAL PTY LTD,QLD,OTHER STEEL
AU-63956,A MUSUMECI PTY LTD,A MUSUMECI PTY LTD,NSW,FOOD / PROVISIONS
1418019-1,A PETROU PTY. LIMITED,A PETROU PTY. LIMITED,QLD,FOOD / PROVISIONS
663941,A PLUS PLASTICS & TOOLING PTY LTD,A PLUS PLASTICS & TOOLING PTY LTD,NSW,BUILDING / HARDWARE
AU-88458,A Y C PTY. LTD.,A Y C PTY. LTD.,VIC,BUILDING / HARDWARE
NCI7805V,A. & G. SHEET METAL FABRICATORS PTY. LTD.,A. & G. SHEET METAL FABRICATORS PTY. LTD.,VIC,OTHER STEEL
NCI6116Q,A. A. COMPANY PTY LTD,A. A. COMPANY PTY LTD,QLD,AGRICULTURE
AU24129200,A. A. COMPANY PTY LTD,A. A. COMPANY PTY LTD,QLD,AGRICULTURE
AU-48051,A. RAPTIS & SONS PTY. LTD. (ADMINISTRATORS APPOINTED),A RAPTIS & SONS PTY LTD,QLD,FOOD / PROVISIONS
NCI8159V,A.C.N. 070 073 871 PTY LTD (NMPS FOOD GROUP PTY LTD),A.C.N. 070 073 871 PTY LTD (NMPS FOOD GROUP PTY LTD),VIC,FOOD / PROVISIONS
TW-09436,A.C.N. 070 073 871 PTY LTD (NMPS FOOD GROUP PTY LTD),A.C.N. 070 073 871 PTY LTD (NMPS FOOD GROUP PTY LTD),VIC,FOOD / PROVISIONS
NCI8174N,A.C.N. 649 340 858 PTY LTD (BLITZ SYSTEMS PTY LTD),A.C.N. 649 340 858 PTY LTD (BLITZ SYSTEMS PTY LTD),NSW,BUILDING / HARDWARE
AU24122200,A.C.N. 649 340 858 PTY LTD (BLITZ SYSTEMS PTY LTD),A.C.N. 649 340 858 PTY LTD (BLITZ SYSTEMS PTY LTD),NSW,BUILDING / HARDWARE
NCI8433N,A.C.N. 676 266 863 PTY. LTD. (1000 MILE TRAVEL GROUP),1000 MILE TRAVEL GROUP PTY LTD,NSW,MISCELLANEOUS
P120000501,A.D.A. FASTFIX LIMITED,ADA FASTFIX LIMITED,,MISCELLANEOUS
AU22100700,A.G. COOMBS GROUP PTY. LTD.,A.G. COOMBS GROUP PTY. LTD.,VIC,BUILDING / HARDWARE
1129893,A.T. CARPET BROKERS PTY LTD,A T CARPET BROKERS PTY LTD,VIC,CARPETS
NCI5023Q,A1 INTERIORS CONTRACTING PTY LTD,A1 INTERIORS CONTRACTING PTY LTD,QLD,BUILDING / HARDWARE
1334180,A1 INTERIORS CONTRACTING PTY LTD,A1 INTERIORS CONTRACTING PTY LTD,QLD,BUILDING / HARDWARE
AU-91405,A2B PERSONNEL PTY LTD,PROTECH BUSINESS SERVICES PTY LTD,VIC,LABOUR HIRE
NCI7871V,A2B PERSONNEL PTY LTD,PROTECH BUSINESS SERVICES PTY LTD,VIC,LABOUR HIRE
NCI6029V,AAC BUILDING PRODUCTS PTY LTD,AAC BUILDING PRODUCTS PTY LTD,VIC,BUILDING / HARDWARE
AU25146900,AAC BUILDING PRODUCTS PTY LTD,AAC BUILDING PRODUCTS PTY LTD,VIC,BUILDING / HARDWARE
142259,AARQUE GROUP LIMITED,BJ BALL LIMITED,,PAPER / PRINTING / STATIONERY
TW-05617,AAW GROUP HOLDINGS PTY LTD,AAW GROUP HOLDINGS PTY LTD,VIC,FREIGHT FORWARDERS
NCI6955N,ABAX CONTRACTING PTY LTD,ABAX CONTRACTING PTY LTD,NSW,BUILDING / HARDWARE
NCI4541Q,ABFI STEEL GROUP PTY LTD,ABFI STEEL GROUP PTY LTD,QLD,OTHER STEEL
AU22102000,ABFI STEEL GROUP PTY LTD,ABFI STEEL GROUP PTY LTD,QLD,OTHER STEEL
NCI8735W,ABLE SALES PTY LTD,ABLE SALES PTY LTD,WA,ENGINEERING
NCI8931V,ABLE TRUSS PTY. LTD.,ABLE TRUSS PTY. LTD.,VIC,BUILDING / HARDWARE
1472441-1,ABOVE ALL CONCRETE CONSTRUCTIONS PTY LTD,ABOVE ALL CONCRETE CONSTRUCTIONS PTY LTD,VIC,BUILDING / HARDWARE
NCI6929V,ABP ELECTRICAL PTY LTD,ABP ELECTRICAL PTY LTD,VIC,ELECTRICAL
NCI6931Q,ABS GOLD COAST PTY LTD,THE ABS PARTNERSHIP,QLD,PLASTER
1421647-1,ABS GOLD COAST PTY LTD,THE ABS PARTNERSHIP,QLD,PLASTER
AU-50213,ABS GOLD COAST PTY LTD,THE ABS PARTNERSHIP,QLD,PLASTER
921021,ABSALOM HOLDINGS LIMITED,ABSALOM HOLDINGS LIMITED,,FOOD / PROVISIONS
NCI5924W,ACACIA CORROSION CONTROL PTY LTD,ACACIA CORROSION CONTROL PTY LTD,WA,BUILDING / HARDWARE
ACACIAP,ACACIA PRODUCTS PTY LTD,ACACIA PRODUCTS PTY LTD,NSW,PLASTICS
NCI8605V,ACCEL SERVICE GROUP PTY LTD,ACCEL SERVICE GROUP PTY LTD.,VIC,BUILDING / HARDWARE
AU-101295,ACCEL SERVICE GROUP PTY LTD,ACCEL SERVICE GROUP PTY LTD.,VIC,BUILDING / HARDWARE
NZ-75758,ACCENT GROUP NZ LIMITED,ACCENT GROUP NZ LIMITED,,BUILDING / HARDWARE
NCI7830V,ACCESS COVERS AUSTRALIA PTY LTD,ACCESS COVERS AUSTRALIA PTY LTD,VIC,BUILDING / HARDWARE
NCI5223W,ACCESS ICON PTY LTD,ACCESS ICON PTY LTD,WA,MANUFACTURING
NCI4350V,ACCESS PLATFORM SYSTEMS PTY LTD,ACCESS PLATFORM SYSTEMS PTY LTD,VIC,ENGINEERING
NCI8763S,ACCORD PROPERTY PTY LTD,ACCORD PROPERTY PTY. LTD.,SA,BUILDING / HARDWARE
AU25140300,ACCULINE PTY LTD,ACCULINE PTY LTD,VIC,MISCELLANEOUS
10284,ACE REO PTY LTD,ACE REO PTY LTD,VIC,OTHER STEEL
TW-08299,ACE REO PTY LTD,ACE REO PTY LTD,VIC,BUILDING / HARDWARE
NCI7764Q,ACE WASTE PTY. LTD.,ACE WASTE PTY. LTD.,QLD,MISCELLANEOUS
NCI3020N,ACEPOND PTY LIMITED,ACEPOND PTY LIMITED,NSW,TIMBER
AU-47660,ACEPOND PTY LIMITED,ACEPOND PTY LIMITED,NSW,TIMBER
NCI8921W,ACERO CONSTRUCTION PTY LTD,ACERO CONSTRUCTION PTY LTD,WA,BUILDING / HARDWARE
NCI2933N,ACETEK SYSTEMS PTY LIMITED,ACETEK SYSTEMS PTY LIMITED,NSW,TELECOMMUNICATIONS
AU-45921,ACETEK SYSTEMS PTY LIMITED,ACETEK SYSTEMS PTY LIMITED,NSW,TELECOMMUNICATIONS
NCI5245Q,ACHIEVE GROUP AUSTRALIA PTY LTD,ACHIEVE GROUP AUSTRALIA PTY LTD,QLD,LABOUR HIRE
1145617,ACL INDUSTRIAL PTY LTD,ACL INDUSTRIAL PTY LTD,QLD,BUILDING / HARDWARE
AU-86013,ACO PTY LTD,ACO PTY LTD,NSW,MANUFACTURING
NCI5544N,ACOUFELT PTY LTD,ACOUFELT PTY LTD,SA,FURNITURE / FLOORS
AU18061800,ACOUFELT PTY LTD,ACOUFELT PTY LTD,SA,FURNITURE / FLOORS
1349777-1,ACR AIR CONDITIONING PTY LTD,ACR AIR CONDITIONING PTY LTD,NSW,AIRCONDITIONING
NCI5995W,ACRIFAB MANUFACTURING PTY LTD,ACRIFAB MANUFACTURING PTY LTD,WA,MANUFACTURING
AU19070600,ACRIFAB MANUFACTURING PTY LTD,ACRIFAB MANUFACTURING PTY LTD,WA,MANUFACTURING
NCI5366V,ACROW FORMWORK AND SCAFFOLDING PTY LTD,ACROW FORMWORK AND SCAFFOLDING PTY LTD,NSW,BUILDING / HARDWARE
NCI8824N,ACRWORLD PTY LIMITED,ACRWORLD PTY LIMITED,NSW,LABOUR HIRE
AU-87216,ACRWORLD PTY LIMITED,ACRWORLD PTY LIMITED,NSW,LABOUR HIRE
1442202-1,ACS (NATIONAL) PTY LTD,AMRICK PTY LTD,VIC,BUILDING / HARDWARE
NCI6993N,ACT STEELWORKS PTY LTD,ACT STEELWORKS PTY LTD,NSW,MAJOR STEEL
658915,ACT STEELWORKS PTY LTD,ACT STEELWORKS PTY LTD,NSW,MAJOR STEEL
NCI1408Q,ACTION SUPPLY GROUP PTY. LTD.,ACTION SUPPLY GROUP PTY. LTD.,QLD,PLASTER
AU-48404,ACTION SUPPLY GROUP PTY. LTD.,ACTION SUPPLY GROUP PTY. LTD.,QLD,PLASTER
249360101,ACTIONPOINT GROUP LTD,ACTIONPOINT GROUP LTD,,MISCELLANEOUS
NCI0612Q,ACTIVE APPAREL GROUP PTY LTD,ACTIVE APPAREL GROUP PTY LTD,QLD,CLOTHING / TEXTILE
NCI7872Q,ACTIVE APPAREL GROUP PTY LTD,ACTIVE APPAREL GROUP PTY LTD,QLD,CLOTHING / TEXTILE
TB-11551,ACTIVE APPAREL GROUP PTY LTD,ACTIVE APPAREL GROUP PTY LTD,QLD,CLOTHING / TEXTILE
470800,ACTIVE ELECTRICAL SUPPLIERS LIMITED,ACTIVE ELECTRICAL SUPPLIERS LIMITED,,ELECTRICAL
705522,ACTIVE MANAGED LOGISTICS SOLUTIONS PTY LTD,ACTIVE MANAGED LOGISTICS SOLUTIONS PTY LTD,VIC,MISCELLANEOUS
NCI8426V,ACTJ TRAVEL PTY LTD (1000 MILE TRAVEL GROUP),1000 MILE TRAVEL GROUP PTY LTD,VIC,MISCELLANEOUS
NCI2741S,ACURA GROUP AUSTRALIA PTY LTD,ACURA GROUP AUSTRALIA PTY LTD,SA,PLASTICS
463150,ACURA GROUP AUSTRALIA PTY LTD,ACURA GROUP AUSTRALIA PTY LTD,SA,PLASTICS
NCI7632N,ADA CIVIL PTY LTD,ADA CIVIL PTY LTD,ACT,BUILDING / HARDWARE
NCI1458N,ADAMS AUSTRALIA PTY LTD,ADAMS AUSTRALIA PTY LTD,QLD,AGRICULTURE
702089,ADAPA UK EDINBURGH LIMITED,ADAPA UK EDINBURGH LIMITED,,MANUFACTURING
681926,ADCHEM (AUSTRALIA) PTY. LTD.,ADCHEM (AUSTRALIA) PTY. LTD.,SA,CHEMICALS
NCI4547S,ADDCASH FINANCE PTY LTD,ADDCASH FINANCE PTY LTD,SA,FINANCE
1152278,ADDITIVE SOLUTIONS PTY. LTD.,ADDITIVE SOLUTIONS PTY. LTD.,VIC,CHEMICALS
NCI8413S,ADELAIDE FUEL & SAFETY PTY LTD,ADELAIDE FUEL & SAFETY PTY LTD,SA,FUEL DISTRIBUTORS
NCI8846S,ADELAIDE LANDSCAPE CONSTRUCTION PTY LTD,ADELAIDE LANDSCAPE CONSTRUCTION PTY LTD,SA,LANDSCAPING
NCI8699S,ADELAIDE PLASTERBOARD SPECIALISTS PTY LTD,ADELAIDE PLASTERBOARD SPECIALISTS PTY LTD,SA,BUILDING / HARDWARE
NCI8911Q,ADFX PTY LTD,ADFX PTY LTD,QLD,ADVERTISING
AU-58730,ADITYA BIRLA GLOBAL TRADING (AUSTRALIA) PTY LTD,ADITYA BIRLA GLOBAL TRADING (AUSTRALIA) PTY LTD,VIC,FINANCE
272824601,ADKWIK LIMITED,ADKWIK LIMITED,,TIMBER
NZ19022300,ADLUX INDUSTRIES LIMITED,ADLUX INDUSTRIES LIMITED,,MANUFACTURING
NCI5965Z,ADLUX INDUSTRIES LIMITED,ADLUX INDUSTRIES LIMITED,,MANUFACTURING
1399418,ADM ASIA-PACIFIC TRADING PTE LTD,ADM TRADING AUSTRALIA PTY LTD,,AGRICULTURE
NCI1206N,ADM AUSTRALIA PTY LTD,ADM TRADING AUSTRALIA PTY LTD,NSW,MISCELLANEOUS
NCI6059Z,ADM NEW ZEALAND LTD,ADM TRADING AUSTRALIA PTY LTD,,AGRICULTURE
NCI6060S,ADM TRADING AUSTRALIA PTY LTD,ADM TRADING AUSTRALIA PTY LTD,SA,AGRICULTURE
AU19071700,ADMIRAL FOODS PTY LTD,ADMIRAL FOODS PTY LTD,VIC,FOOD / PROVISIONS
NCI2625N,ADROIT PIPING SYSTEMS PTY LTD,ADROIT PIPING SYSTEMS PTY LTD,NSW,PLUMBING
828587,ADSTEEL BROKERS PTY LTD,ADSTEEL BROKERS PTY LTD,SA,MAJOR STEEL
NCI8250W,ADVANCE EQUIPMENT GROUP PTY LTD,ADVANCE EQUIPMENT GROUP PTY LTD,WA,BUILDING / HARDWARE
AU-92556,ADVANCE EQUIPMENT GROUP PTY LTD,ADVANCE EQUIPMENT GROUP PTY LTD,WA,BUILDING / HARDWARE
1151510,ADVANCE VISION TECHNOLOGY PTY LTD,ADVANCE VISION TECHNOLOGY PTY LTD,VIC,TELECOMMUNICATIONS
TW-02799,ADVANCED AIR CONDITIONING PTY LTD,ADVANCED AIR CONDITIONING PTY LTD,QLD,AIRCONDITIONING
137944,ADVANCED CABINETRY PTY LTD,ADVANCED CABINETRY PTY LTD,VIC,BUILDING / HARDWARE
NCI2416W,ADVANCED ELECTRICAL EQUIPMENT PTY. LTD.,ADVANCED ELECTRICAL EQUIPMENT PTY. LTD.,WA,ELECTRICAL
NCI2621S,ADVANCED PIPING SYSTEMS PTY LTD,ADVANCED PIPING SYSTEMS PTY LTD,SA,PLASTICS
AU-59314,ADVANCED PIPING SYSTEMS PTY LTD,ADVANCED PIPING SYSTEMS PTY LTD,SA,PLASTICS
NCI6160W,ADVANCED PUMP TECHNOLOGIES PTY LTD,ADVANCED PUMP TECHNOLOGIES PTY LTD,WA,ENGINEERING
344249,ADVANCED SHEETMETAL PTY LTD,ADVANCED SHEETMETAL PTY LTD,VIC,OTHER STEEL
NCI2182Q,ADVANCED TRUSS SYSTEMS PTY. LTD.,ADVANCED TRUSS SYSTEMS PTY. LTD.,QLD,TIMBER
AU-46393,ADVANCED TRUSS SYSTEMS PTY. LTD.,ADVANCED TRUSS SYSTEMS PTY. LTD.,QLD,TIMBER
1008723,ADVANCED VIDEO INTEGRATION PTY LTD,ADVANCED VIDEO INTEGRATION PTY LTD,QLD,ELECTRONICS
NCI4561W,ADVANTA GROUP PTY LTD,ADVANTA GROUP PTY LTD,WA,FURNITURE / FLOORS
AU16047000,ADVANTA GROUP PTY LTD,ADVANTA GROUP PTY LTD,WA,FURNITURE / FLOORS
954740,ADVANTA SEEDS PTY LTD,ADVANTA SEEDS PTY LTD,QLD,AGRICULTURE
AU-45376,ADVANTAGE AIR AUST PTY LTD,ADVANTAGE AIR AUST PTY LTD,WA,AIRCONDITIONING
NCI8746Q,ADVENTURE ONLINE PTY LTD,ADVENTURE ONLINE PTY LTD,QLD,RETAIL
AU25144700,ADVENTURE ONLINE PTY LTD,ADVENTURE ONLINE PTY LTD,QLD,RETAIL
950250,AEC HARDWARE LIMITED,AEC HARDWARE LIMITED,NZL,BUILDING / HARDWARE
AU26152400,AERL PTY LTD,AERL PTY LTD,QLD,ENERGY
266418501,AERODYNE GLOBAL LIMITED,AERODYNE GLOBAL LIMITED,,VEHICLE / TYRES
NCI4500Q,AEROFAST AUSTRALIA PTY LTD,AEROFAST AUSTRALIA PTY LTD,QLD,BUILDING / HARDWARE
AU-57743,AEROFAST AUSTRALIA PTY LTD,AEROFAST AUSTRALIA PTY LTD,QLD,BUILDING / HARDWARE
1146785,AFFCO EUROPE LIMITED,AFFCO EUROPE LIMITED,,FOOD / PROVISIONS
NCI8166N,AFFINITI LIVING PTY LTD,AFFINITI LIVING PTY LTD,NSW,MISCELLANEOUS
AU-90917,AFFINITI LIVING PTY LTD,AFFINITI LIVING PTY LTD,NSW,MISCELLANEOUS
AU-91130,AFFORDABLE BALUSTRADES PTY. LTD.,AFFORDABLE BALUSTRADES PTY. LTD.,WA,BUILDING / HARDWARE
632184,AFRIGOLD SA PTY LTD,AFRIGOLD SA PTY LTD,QLD,FOOD / PROVISIONS
TW-08440,AG (AGRICULTURAL) SERVICES AUSTRALIA PTY LTD,RIDDOCH TRADING PTY LTD,VIC,AGRICULTURE
AU-94024,AG SAVE DIRECT PTY LTD,AG SAVE DIRECT PTY LTD,NSW,AGRICULTURE
AU14010200,AGMARK PTY LTD,AGMARK PTY LTD,NSW,AGRICULTURE
NCI7079N,AGNEW BUILDING SUPPLIES PTY LTD,AGNEW BUILDING SUPPLIES PTY LTD,NSW,EQUIPMENT HIRE
NCI8511V,AGNITEK PTY LTD,SPEEDPANEL SYSTEMS PTY LTD,VIC,BUILDING / HARDWARE
1426833-1,AGRI-BEST OCEANIA PTY LTD,AGRI-BEST OCEANIA PTY LTD,WA,FOOD / PROVISIONS
578391,AGRI-LABOUR AUSTRALIA PTY LTD,AGRI-LABOUR AUSTRALIA PTY LTD,QLD,AGRICULTURE
AU-99285,AGRISK MANAGEMENT PTY LTD,AGRISK MANAGEMENT PTY LTD,NSW,AGRICULTURE
AGROFOOD,AGRO FOODS PTY LTD,AGRO FOODS PTY LTD,VIC,FOOD / PROVISIONS
NCI1059W,AGRU AUSTRALIA PTY LIMITED,AGRU AUSTRALIA PTY LTD,WA,BUILDING / HARDWARE
NCI5822V,AHIC (AUSTRALIA) PTY LTD,AHIC (AUSTRALIA) PTY LTD,VIC,AIRCONDITIONING
NCI8336S,AHRENS GROUP PTY LTD,AHRENS GROUP PTY LTD,SA,BUILDING / HARDWARE
TW-11382,AI STAR PTY LTD,AI STAR PTY LTD,NSW,BUILDING / HARDWARE
NCI8630H,AIG ASIA PACIFIC INSURANCE PTE. LTD,AIG ASIA PACIFIC INSURANCE PTE. LTD,,MISCELLANEOUS
NCI7236Q,AILORT PTY LTD,AILORT PTY LTD,QLD,BUILDING / HARDWARE
1358125-1,AILORT PTY LTD,AILORT PTY LTD,QLD,BUILDING / HARDWARE
AU-98990,AIPER INTELLIGENCE PTY LTD,AIPER INTELLIGENCE PTY LTD,VIC,ELECTRONICS
NCI1681N,AIR CHANGE AUSTRALIA PTY LTD,AIR CHANGE PTY LTD,NSW,AIRCONDITIONING
AU-47108,AIR CHANGE AUSTRALIA PTY LTD,AIR CHANGE PTY LTD,NSW,AIRCONDITIONING
AU-93287,AIRCONDITIONING DIRECT PTY. LTD.,BEIJER REF HOLDINGS AUSTRALIA PTY LTD,QLD,WHITEGOODS / ELECTRICAL
NCI4975Q,AIRCONDITIONING DIRECT PTY. LTD.,BEIJER REF HOLDINGS AUSTRALIA PTY LTD,QLD,AIRCONDITIONING
NZ16008500,AIRMASTER AIRCONDITIONING LIMITED,AIRMASTER AIRCONDITIONING LIMITED,,AIRCONDITIONING
NCI8035V,AIRSMART PTY LTD,AIRSMART PTY LTD,VIC,AIRCONDITIONING
AU-99551,AIRSMART PTY LTD,AIRSMART PTY LTD,VIC,AIRCONDITIONING
NCI8389N,AIRWAY MECHANICAL PTY LIMITED,AIRWAY MECHANICAL PTY LIMITED,NSW,AUTOMOTIVE
TW-10171,AIRWAY MECHANICAL PTY LIMITED,AIRWAY MECHANICAL PTY LIMITED,NSW,AUTOMOTIVE
NCI8232V,AJ & MR HALL PTY LTD,AJ & MR HALL PTY LTD,TAS,MISCELLANEOUS
AU25141900,AJ STEEL PIPES PTY LTD,AJ STEEL PIPES PTY LTD,NSW,MAJOR STEEL
AU26154100,AJA INDUSTRIES AUSTRALIA PTY LTD,AJA INDUSTRIES AUSTRALIA PTY LTD,VIC,BUILDING / HARDWARE
687673,AJE WHOLESALING PTY LTD,AJE WHOLESALING PTY LTD,NSW,CLOTHING / TEXTILE
NCI8789Q,AKER ADVANTAGE PTY LTD,AKER ADVANTAGE PTY LTD,QLD,AIRCONDITIONING
NZ25034200,AKG TECH LIMITED,AKG TECH LIMITED,,COMPUTERS
NCI4999V,AKKARI TILING PTY. LTD.,AKKARI TILING PTY. LTD.,VIC,BUILDING / HARDWARE
606920,AKQA PTY LTD,W P P / GROUPM,NSW,ADVERTISING
NCI8559V,AKZ REINFORCING PTY LTD,AKZ REINFORCING PTY LTD,VIC,MANUFACTURING
1368903,AKZ REINFORCING PTY LTD,AKZ REINFORCING PTY LTD,VIC,MANUFACTURING
AU25140900,ALBERT AUTOMOTIVE OPERATIONS PTY LTD,ALBERT AUTOMOTIVE OPERATIONS PTY LTD,VIC,AUTOMOTIVE
C251409A00,ALBERT AUTOMOTIVE OPERATIONS PTY LTD / CAP,ALBERT AUTOMOTIVE OPERATIONS PTY LTD,VIC,AUTOMOTIVE
NCI5100N,ALCENTRE GROUP PTY. LTD.,ALCENTRE GROUP PTY. LTD.,NSW,MANUFACTURING
AU24132600,ALCLAD ARCHITECTURAL PTY LTD,ALCLAD ARCHITECTURAL PTY LTD,VIC,MANUFACTURING
AU00023TRC,ALEMAIS RAE PTY LTD,ALEMAIS RAE PTY LTD,NSW,CLOTHING / TEXTILE
724809,ALERT SECURITY GROUP PTY LTD,ALERT SECURITY GROUP PTY LTD,VIC,LABOUR HIRE
NZ-94909,ALEXANDER JOINERY LIMITED,ALEXANDER JOINERY LIMITED,,BUILDING / HARDWARE
NCI8592Q,ALFA HOLDINGS DISTRIBUTIONS PTY LTD,ALFA HOLDINGS DISTRIBUTIONS PTY LTD,QLD,AIRCONDITIONING
688832,ALFA HOLDINGS DISTRIBUTIONS PTY LTD,ALFA HOLDINGS DISTRIBUTIONS PTY LTD,QLD,AIRCONDITIONING
485761,ALFASI EQUIPMENT HIRE PTY LTD,ALFASI EQUIPMENT HIRE PTY LTD,VIC,EQUIPMENT HIRE
NCI8075N,ALICE LAWRENCE PTY LTD & C & N CERAMICS PTY LTD,ALICE LAWRENCE PTY LTD & C & N CERAMICS PTY LTD,ACT,BUILDING / HARDWARE
NCI8706N,ALINE AUSTRALASIA PTY LTD,ALINE AUSTRALASIA PTY LTD,NSW,MANUFACTURING
1442740,ALINE AUSTRALASIA PTY LTD,ALINE AUSTRALASIA PTY LTD,NSW,MANUFACTURING
NCI4565N,ALJO HOLDINGS PTY LTD,ALJO HOLDINGS PTY LTD,NSW,BUILDING / HARDWARE
AU16042000,ALJO HOLDINGS PTY LTD,ALJO HOLDINGS PTY LTD,NSW,BUILDING / HARDWARE
NCI7010Q,ALL BRANDS TOYS PTY LTD,ALL BRANDS TOYS PTY LTD,QLD,RETAIL
AU21085800,ALL BRANDS TOYS PTY LTD,ALL BRANDS TOYS PTY LTD,QLD,RETAIL
AU-99553,ALL BRIGHT BUILDING MATERIALS PTY LTD,ALL BRIGHT BUILDING MATERIALS PTY LTD,VIC,BUILDING / HARDWARE
347761,ALL METAL (AUSTRALIA) PTY LTD,ALL METAL (AUSTRALIA) PTY LTD,NSW,BUILDING / HARDWARE
NCI2289N,ALL METAL (AUSTRALIA) PTY LTD,ALL METAL (AUSTRALIA) PTY LTD,NSW,BUILDING / HARDWARE
AU-96040,ALL METAL PRODUCTS PTY LTD,TRAFALGAR GROUP PTY LTD,NSW,MANUFACTURING
BE-82280,ALL RESPONSE MEDIA LIMITED,ALL RESPONSE MEDIA LIMITED,,ADVERTISING
NCI2013W,ALL TERRAIN SERVICES PTY LTD,ALL TERRAIN SERVICES PTY LTD,WA,MINING
AU-53212,ALLAND GROUP PTY LTD,ALLAND GROUP PTY LTD,NSW,BUILDING / HARDWARE
NCI4567V,ALLCON GROUP PTY LTD,ALLCON GROUP PTY LTD,VIC,BUILDING / HARDWARE
AU15021000,ALLCON GROUP PTY LTD,ALLCON GROUP PTY LTD,VIC,BUILDING / HARDWARE
NCI8172N,ALLEGIANCE FIRE SERVICES PTY LTD,ALLEGIANCE FIRE SERVICES PTY LTD,NSW,MISCELLANEOUS
1327626-1,ALLEGIANCE FIRE SERVICES PTY LTD,ALLEGIANCE FIRE SERVICES PTY LTD,NSW,MISCELLANEOUS
1348935-1,ALLEGIANT SOLUTIONS PTY LTD,ALLEGIANT SOLUTIONS PTY LTD,QLD,MINING
NCI5050Q,ALLEN TAYLOR & COMPANY LTD,ALLEN TAYLOR & COMPANY LTD,QLD,TIMBER
NCI5330N,ALLIANCE DISTRIBUTION SERVICES PTY LTD,ALLIANCE DISTRIBUTION SERVICES PTY LTD,NSW,PAPER / PRINTING / STATIONERY
UA00215,ALLIANCE ENGINEERING GROUP PTY LTD,ALLIANCE ENGINEERING GROUP PTY LTD,NSW,BUILDING / HARDWARE
AU17050200,ALLIANCE GRAINS PTY LTD,ALLIANCE GRAINS PTY LTD,QLD,AGRICULTURE
NCI4470W,ALLIED CO RESOURCES PTY LTD,ALLIED PUMPS PTY LTD,WA,MANUFACTURING
AU21093000,ALLISON AU PTY LTD,ALLISON AU PTY LTD,NSW,RETAIL
NCI1280N,ALLNEX RESINS AUSTRALIA PTY LTD,ALLNEX RESINS AUSTRALIA PTY LTD,NSW,BUILDING / HARDWARE
NCI6640W,ALLOY STEEL AUSTRALIA (INT) PTY LTD,ALLOY STEEL AUSTRALIA (INT) PTY LTD,WA,BUILDING / HARDWARE
1337502,ALLPLATES PTY LTD,ALLPLATES PTY LTD,QLD,MANUFACTURING
NCI7681V,ALLUME ENERGY PTY LTD,ALLUME ENERGY PTY. LTD.,VIC,ENERGY
TW-11125,ALLUME ENERGY PTY LTD,ALLUME ENERGY PTY. LTD.,VIC,ENERGY
NCI5302W,ALLWEST PLANT HIRE AUSTRALIA PTY LTD,ALLWEST PLANT HIRE AUSTRALIA PTY LTD,WA,EQUIPMENT HIRE
TW-03350,ALLWEST PLANT HIRE AUSTRALIA PTY LTD,ALLWEST PLANT HIRE AUSTRALIA PTY LTD,WA,EQUIPMENT HIRE
504340,ALMONDCO AUSTRALIA LIMITED,ALMONDCO AUSTRALIA LIMITED,SA,FOOD / PROVISIONS
AU-82204,ALOGIC CORPORATION PTY LTD,ALOGIC CORPORATION PTY LTD,VIC,TELECOMMUNICATIONS
NCI4573N,ALPHA INDUSTRIAL GROUP PTY LTD,ALPHA INDUSTRIAL GROUP PTY LTD,NSW,MANUFACTURING
AU15020200,ALPHA INDUSTRIAL GROUP PTY LTD,ALPHA INDUSTRIAL GROUP PTY LTD,NSW,MANUFACTURING
TW-03012,ALPHA PRECAST PTY LTD,ALPHA PRECAST PTY LTD,NSW,MANUFACTURING
NCI4574V,ALPHA SUPPLY PTY LTD,ALPHA SUPPLY PTY LTD,VIC,BUILDING / HARDWARE
AU16040200,ALPHA SUPPLY PTY LTD,ALPHA SUPPLY PTY LTD,VIC,BUILDING / HARDWARE
693899,ALPHA SURFACES PTY LTD,ALPHA SURFACES PTY LTD,QLD,BUILDING / HARDWARE
T106922,ALPHA TILING GROUP PTY LTD,ALPHA TILING GROUP PTY LTD,VIC,BUILDING / HARDWARE
NCI8958N,ALPHA TIMBER PTY LTD,ALPHA TIMBER PTY LTD,NSW,TIMBER
738512,ALPHA TIMBER PTY LTD,ALPHA TIMBER PTY LTD,NSW,TIMBER
NCI4580W,ALPHAWELD SUPPLY GROUP PTY LTD,ALPHAWELD SUPPLY GROUP PTY LTD,WA,ELECTRICAL
AU15032600,ALPHAWELD SUPPLY GROUP PTY LTD,ALPHAWELD SUPPLY GROUP PTY LTD,WA,BUILDING / HARDWARE
NZ-72873BF,ALPINE EXPORT NZ LIMITED,ALPINE EXPORT NZ LIMITED,,FOOD / PROVISIONS
NZ-72873,ALPINE EXPORT NZ LIMITED,ALPINE EXPORT NZ LIMITED,,FOOD / PROVISIONS
NCI8855V,ALPINE VALLEY HARDWARE PTY LTD,TOTAL TOOLS & HARDWARE GROUP,VIC,BUILDING / HARDWARE
TW-11738,ALPINE VALLEY HARDWARE PTY LTD,TOTAL TOOLS & HARDWARE GROUP,VIC,BUILDING / HARDWARE
NCI5546Z,ALTA SAFETY LIMITED,MONKEY TOE GROUP LIMITED,,BUILDING / HARDWARE
WP56001001,ALTCOM GROUP HOLDINGS PTY LIMITED,OMNICOM,NSW,ADVERTISING
NCI2244V,ALTRO APAC PTY LTD,ALTRO APAC PTY LTD,VIC,FURNITURE / FLOORS
AU-56689,ALTRO APAC PTY LTD,ALTRO APAC PTY LTD,VIC,BUILDING / HARDWARE
NCI4581N,ALTRO AUSTRALIA PTY LTD,ALTRO AUSTRALIA PTY LTD,NSW,BUILDING / HARDWARE
AU15034800,ALTRO AUSTRALIA PTY LTD,ALTRO AUSTRALIA PTY LTD,NSW,BUILDING / HARDWARE
AU-94014,ALUMINIUM SHAPEMAKERS PTY. LIMITED,ALUMINIUM SHAPEMAKERS PTY. LIMITED,NSW,OTHER STEEL
745565,ALUPLAST PTY LTD,ALUPLAST PTY LTD,VIC,RETAIL
AU-56934,ALUTECH PTY LTD,ALUTECH PTY LTD,WA,MANUFACTURING
NCI7895W,AMAC CUSTOMS AND LOGISTICS PTY LTD,AMAC CUSTOMS AND LOGISTICS PTY LTD,WA,TRANSPORT
1122761,AMALGAMATED GROUP MANAGEMENT PTY LTD,AMALGAMATED GROUP MANAGEMENT PTY LTD,QLD,BUILDING / HARDWARE
NCI8863S,AMAR AND MITTAL PTY. LTD.,AMAR AND MITTAL PTY. LTD.,SA,FOOD / PROVISIONS
898191,AMERICOLD LOGISTICS LTD,AMERICOLD LOGISTICS LTD,NSW,TRANSPORT
NCI8943V,AMH CIVIL PTY LTD,AMH CIVIL PTY LTD,VIC,MISCELLANEOUS
NCI7886N,AMIRAN AUSTRALIA PTY LTD,AMIRAN AUSTRALIA PTY LTD,NSW,BUILDING / HARDWARE
AU-88522,AMIRAN AUSTRALIA PTY LTD,AMIRAN AUSTRALIA PTY LTD,NSW,BUILDING / HARDWARE
AU20080300,AMITY PACIFIC PTY LTD,AMITY PACIFIC PTY LIMITED,NSW,MAJOR STEEL
NCI5833N,AMPLEX GROUP PTY LTD,AMPLEX GROUP PTY LTD,NSW,ELECTRICAL
AU24127700,AMPLEX GROUP PTY LTD,AMPLEX GROUP PTY LTD,NSW,ELECTRICAL
956841,AMRICK PTY LTD,AMRICK PTY LTD,VIC,BUILDING / HARDWARE
NCI7053W,AMS TECHNOLOGY GROUP MELBOURNE PTY LTD,AMS TECHNOLOGY GROUP MELBOURNE PTY LTD,WA,BUILDING / HARDWARE
AU-91742,AMS TECHNOLOGY GROUP MELBOURNE PTY LTD,AMS TECHNOLOGY GROUP MELBOURNE PTY LTD,VIC,BUILDING / HARDWARE
AU-81122,AMS TECHNOLOGY GROUP PERTH PTY LTD,AMS TECHNOLOGY GROUP MELBOURNE PTY LTD,WA,BUILDING / HARDWARE
NCI8137V,AMTRADE INTERNATIONAL PTY LTD,AMTRADE INTERNATIONAL PTY LTD,VIC,CHEMICALS
AU-89691,AMTRADE INTERNATIONAL PTY LTD,AMTRADE INTERNATIONAL PTY LTD,VIC,CHEMICALS
AU-97165,AMW STAINLESS HOLDINGS PTY LTD,AMW STAINLESS HOLDINGS PTY LTD,ACT,BUILDING / HARDWARE
NCI8444V,ANDERSON ELECTRICAL HOLDINGS PTY LTD,ANDERSON ELECTRICAL HOLDINGS PTY LTD,VIC,ELECTRICAL
1357249-1,ANDERSON ELECTRICAL HOLDINGS PTY LTD,ANDERSON ELECTRICAL HOLDINGS PTY LTD,VIC,ELECTRICAL
AU-81723,ANDI-CO AUSTRALIA PTY. LTD.,ANDI-CO AUSTRALIA PTY. LTD.,VIC,WHITEGOODS / ELECTRICAL
NCI2906A,ANDRE HERZOG PTY LTD,ANDRE HERZOG PTY LTD,ACT,OTHER STEEL
1408121-1,ANDRE HERZOG PTY LTD,ANDRE HERZOG PTY LTD,ACT,OTHER STEEL
AU21091600,ANGEL OYSTERS AUSTRALIA PTY LTD,ANGEL OYSTERS AUSTRALIA PTY LTD,SA,AGRICULTURE
AU25134700,ANIMAL HEALTH SOLUTIONS PTY LTD,ANIMAL HEALTH SOLUTIONS PTY LTD,WA,RETAIL
C251347A00,ANIMAL HEALTH SOLUTIONS PTY LTD / CAP,ANIMAL HEALTH SOLUTIONS PTY LTD,WA,RETAIL
T106062,ANNE SEFTON GRAINS PTY LTD,ANNE SEFTON GRAINS PTY LTD,NSW,AGRICULTURE
WP56001503,ANSIBLE PTY LTD,OMNICOM,NSW,ADVERTISING
NCI4572N,ANSTEL BRANDS PTY LTD,ANSTEL BRANDS PTY LTD,VIC,MANUFACTURING
AU18061900,ANSTEL BRANDS PTY LTD,ANSTEL BRANDS PTY LTD,VIC,JEWELLERY/ WHOLESALE
AU-93345,ANTARIA PTY LTD,ANTARIA PTY LTD,QLD,MISCELLANEOUS
NCI8206N,ANTEC GROUP PTY LIMITED,METAL MANUFACTURES PTY LIMITED,NSW,MISCELLANEOUS
NCI7928Q,ANTHSUL PTY. LTD.,BRETTS PTY LTD,QLD,PLUMBING
1283613-1,ANTHSUL PTY. LTD.,BRETTS PTY LTD,QLD,PLUMBING
471604,ANTRAK LOGISTICS PTY LTD,CEVA (AIR AND OCEAN) AUSTRALIA PTY LTD,WA,TRANSPORT
708933,ANYMEAT PTY LTD,ANYMEAT PTY LTD,VIC,FOOD / PROVISIONS
NCI8698V,ANZ FISHERIES PTY LTD,ANZ FISHERIES PTY LTD,VIC,FOOD / PROVISIONS
AU-87748,ANZ FLOORING PTY LTD,ANZ FLOORING PTY LTD,VIC,BUILDING / HARDWARE
AU19071400,ANZCHEM PTY LIMITED,ANZCHEM PTY LIMITED,NSW,CHEMICALS
177919,AOTAI (AUSTRALIA) INVESTMENT AND HOLDING PTY LTD,AOTAI (AUSTRALIA) INVESTMENT AND HOLDING PTY LTD,NSW,BUILDING / HARDWARE
685422,AP PLANT & MACHINERY LIMITED,AP PLANT AND MACHINERY LIMITED,,BUILDING / HARDWARE
AU-63007,APEX BUILDING PRODUCTS (NSW) PTY LTD,APEX STEEL SUPPLIES PTY LTD,VIC,BUILDING / HARDWARE
AU-45906,APEX BUILDING PRODUCTS PTY LTD,APEX STEEL SUPPLIES PTY LTD,VIC,BUILDING / HARDWARE
AU-45904,APEX BUILDINGS PRODUCTS (QLD) PTY LTD,APEX STEEL SUPPLIES PTY LTD,VIC,BUILDING / HARDWARE
1289733-1,APEX COMMERCIAL FLOORING PTY LTD,APEX COMMERCIAL FLOORING PTY LTD,NSW,BUILDING / HARDWARE
AU-45910,APEX STEEL PTY LTD,APEX STEEL SUPPLIES PTY LTD,VIC,OTHER STEEL
AU-63006,APEX STEEL SUPPLIES DARWIN PTY LTD,APEX STEEL SUPPLIES PTY LTD,NT,OTHER STEEL
AU-45912,APEX STEEL SUPPLIES PTY LTD,APEX STEEL SUPPLIES PTY LTD,SA,OTHER STEEL
NCI1074N,APIL HEALTHCARE INT'L PTY LTD,APIL HEALTHCARE INT'L PTY LTD,NSW,MISCELLANEOUS
NCI8066N,APOLLO FABRICATION GROUP PTY LTD,APOLLO FABRICATION GROUP PTY LTD,NSW,MANUFACTURING
NCI7315V,APOSITIVE PTY LTD,APOSITIVE PTY LTD,VIC,FINANCE
AU22099600,APOSITIVE PTY LTD,APOSITIVE PTY LTD,VIC,FINANCE
HK21080400,APPAREL GROUP (HONG KONG) LIMITIED,APPAREL GROUP (HONG KONG) LIMITIED,,MISCELLANEOUS
UA00180,APPLIKOTE (QLD) PTY LTD,APQ PTY LTD,QLD,BUILDING / HARDWARE
NCI1577S,APS ADELAIDE PROFILE SERVICES PTY LTD,APS ADELAIDE PROFILE SERVICES PTY LTD,SA,MANUFACTURING
AU-47230,APS ADELAIDE PROFILE SERVICES PTY LTD,APS ADELAIDE PROFILE SERVICES PTY LTD,SA,OTHER STEEL
NZ23029200,APS EQUIPMENT LIMITED,APS EQUIPMENT LIMITED,,EQUIPMENT HIRE
NCI6302S,APS INDUSTRIAL PTY LTD,APS INDUSTRIAL PTY LTD,SA,ELECTRICAL
AU20078300,APS INDUSTRIAL PTY LTD,APS INDUSTRIAL PTY LTD,SA,ELECTRICAL
312461,AQUATEC MAXCON PTY LTD,AQUATEC MAXCON PTY LTD,QLD,ENGINEERING
NCI7797W,AR BUILDING PTY LTD,AR BUILDING PTY LTD,WA,BUILDING / HARDWARE
1335940-1,AR BUILDING PTY LTD,AR BUILDING PTY LTD,WA,BUILDING / HARDWARE
NCI8900N,ARC RENEWABLE GROUP PTY. LTD.,ARC RENEWABLE GROUP PTY. LTD.,NSW,ENGINEERING
GA2638586,ARCELIK HITACHI HOME APPLIANCES SALES (SINGAPORE) PTE. LTD,ARCELIK HITACHI HOME APPLIANCES SALES (SINGAPORE) PTE. LTD,,ELECTRONICS
G60638702,ARCELIK HITACHI HOME APPLIANCES SALES MALAYSIA SDN BHD,ARCELIK HITACHI HOME APPLIANCES SALES MALAYSIA SDN BHD,,WHITEGOODS / ELECTRICAL
NCI5779Q,ARCHQUIP PTY LTD,ARCHQUIP PTY LTD,QLD,BUILDING / HARDWARE
AU19064900,ARCHQUIP PTY LTD,ARCHQUIP PTY LTD,QLD,BUILDING / HARDWARE
AU-87971,ARCHR DESIGN PTY LTD (IN LIQUIDATION),ARCHR DESIGN PTY LTD (IN LIQUIDATION),QLD,ENGINEERING
NCI7766Z,ARCWELL ENGINEERING LIMITED,ARCWELL ENGINEERING LIMITED,,ENGINEERING
656150,ARCWELL ENGINEERING LIMITED,ARCWELL ENGINEERING LIMITED,,MANUFACTURING
1299884,ARDEX AUSTRALIA PTY LIMITED,ARDEX AUSTRALIA PTY LTD,NSW,MANUFACTURING
1300565,ARDEX NEW ZEALAND LTD,ARDEX NEW ZEALAND LTD,,CHEMICALS
1241076,ARDEX-QUICSEAL SINGAPORE PTE. LTD.,ARDEX-QUICSEAL SINGAPORE PTE. LTD.,,MANUFACTURING
NCI8809Z,ARENA COMMERCIAL LIMITED,ARENA COMMERCIAL LIMITED,,FURNITURE / FLOORS
NZ18018501,ARENA COMMERCIAL LIMITED,ARENA COMMERCIAL LIMITED,,FURNITURE / FLOORS
1478307,ARENA MEDIA AUSTRALIA PTY LTD,HAVAS WORLDWIDE AUSTRALIA PTY LTD,NSW,
NCI7566N,ARETEANS TECHNOLOGY SOLUTIONS AUSTRALIA PTY LTD,OMNICOM,NSW,ADVERTISING
WP56001049,ARETEANS TECHNOLOGY SOLUTIONS AUSTRALIA PTY LTD,OMNICOM,NSW,ADVERTISING
NCI7567Z,ARETEANS TECHNOLOGY SOLUTIONS PTY LIMITED,OMNICOM,,ADVERTISING
WP56027020,ARETEANS TECHNOLOGY SOLUTIONS PTY LIMITED,OMNICOM,,ADVERTISING
722513,ARGUS CONSTRUCTION SERVICES (VIC) PTY LTD,ARGUS CONSTRUCTION SERVICES (VIC) PTY LTD,VIC,BUILDING / HARDWARE
NCI7353V,ARISIT PTY LIMITED,HARVEY NORMAN COMMERCIAL GROUP,VIC,WHITEGOODS / ELECTRICAL
AU-82360,ARISIT PTY LIMITED,HARVEY NORMAN COMMERCIAL GROUP,VIC,ELECTRICAL
NCI4202S,ARKOTE PTY LTD,ARKOTE PTY LTD,SA,BUILDING / HARDWARE
AU15020400,ARKOTE PTY LTD,ARKOTE PTY LTD,SA,BUILDING / HARDWARE
AU-91887,ARKUS INDUSTRIES PTY LTD,ARKUS INDUSTRIES PTY LTD,NSW,BUILDING / HARDWARE
AU22096600,ARLEC AUSTRALIA PTY LTD,ARLEC AUSTRALIA PTY LTD,VIC,ELECTRICAL
251361401,ARMAFLO LTD,ARMAFLO LTD,,BUILDING / HARDWARE
NCI8690Q,ARP CORPORATION PTY LTD,ARP CORPORATION PTY LTD,QLD,BUILDING / HARDWARE
1434516-1,ARPPOS PTY LTD,ARPPOS PTY LTD,VIC,AIRCONDITIONING
NCI8545V,ARRB GROUP LTD,ARRB GROUP LTD,VIC,TRANSPORT
AU-95472,ARROW SALES PTY LTD,ARROW SALES PTY LTD,NSW,MISCELLANEOUS
TW-00963,ARROWCREST GROUP PTY LTD,ARROWCREST GROUP PTY LTD,SA,MANUFACTURING
TW-06295,ARTEDOMUS (AUST) PTY. LTD.,ARTEDOMUS (AUST) PTY. LTD.,NSW,BUILDING / HARDWARE
NCI6963V,ARTESTONE GROUP PTY LTD,ARTESTONE GROUP PTY LTD,VIC,MANUFACTURING
136098,ARUBIAL PTY LTD,ARUBIAL PTY LTD,QLD,AGRICULTURE
AU22100300,ARWB PTY LTD,ARWB PTY LTD,TAS,LIQUOR DISTRIBUTORS
NCI4587W,ASCENT ENTERPRISES WA PTY LTD,ASCENT ENTERPRISES WA PTY LTD,WA,BUILDING / HARDWARE
AU-77524,ASCENT ENTERPRISES WA PTY LTD,ASCENT ENTERPRISES WA PTY LTD,WA,BUILDING / HARDWARE
NCI5658Q,ASCENTO GROUP AUSTRALIA,ASCENTO GROUP AUSTRALIA,QLD,MANUFACTURING
AU19062100,ASCENTO GROUP AUSTRALIA,ASCENTO GROUP AUSTRALIA,QLD,MANUFACTURING
NCI7534N,ASHH STOCK PTY LTD,ASHH STOCK PTY LTD,NSW,BUILDING / HARDWARE
AU-89095,ASHH STOCK PTY LTD,ASHH STOCK PTY LTD,NSW,BUILDING / HARDWARE
NCI6991Q,ASHLEY COOPER CONSTRUCTION PTY LTD,ASHLEY COOPER CONSTRUCTION PTY LTD,QLD,BUILDING / HARDWARE
AU24120900,ASHO FAROHAR PTY LTD,ASHO FAROHAR PTY LTD,WA,BUILDING / HARDWARE
AU25139100,ASIATIC IMPORTERS NSW PTY LTD,ASIATIC IMPORTERS NSW PTY LTD,NSW,FOOD / PROVISIONS
1142666,ASKIN PTY LTD,ASKIN PTY LTD,VIC,MANUFACTURING
NCI4158V,ASKIN PTY LTD,ASKIN PTY LTD,VIC,MANUFACTURING
NCI5981Z,ASONA LIMITED,ASONA LIMITED,,BUILDING / HARDWARE
986700,ASONA LIMITED,ASONA LIMITED,,BUILDING / HARDWARE
NCI8928V,ASPIRE CONSTRUCTION GROUP PTY LTD,ASPIRE CONSTRUCTION GROUP PTY LTD,VIC,BUILDING / HARDWARE
1352151-1,ASPIRED ELECTRICAL PTY LTD,ASPIRED ELECTRICAL PTY LTD,VIC,ELECTRICAL
846751,ASSAB STEELS SINGAPORE PTE LTD,ASSAB STEELS SINGAPORE PTE LTD,,MAJOR STEEL
AU21089500,ASSOCIATED GRAIN PTY LTD,ASSOCIATED GRAIN PTY LTD,QLD,AGRICULTURE
678544,ASTENJOHNSON ASIA PTE. LTD.,ASTENJOHNSON ASIA SALES & MARKETING PTE LTD,,PAPER / PRINTING / STATIONERY
556462,ASTENJOHNSON ASIA SALES & MARKETING PTE LTD,ASTENJOHNSON ASIA SALES & MARKETING PTE LTD,,PAPER / PRINTING / STATIONERY
NCI5482Q,ASTIVITA LIMITED,ASTIVITA LIMITED,QLD,MANUFACTURING
NCI8414V,ASTON PRECISION PTY LTD,ASTON PRECISION PTY LTD,VIC,OTHER STEEL
276642801,ASTRA TECHNOLOGIES UK LLP,ASTRA TECHNOLOGIES UK LLP,,MANUFACTURING
1032695,ASTUS UK LIMITED,ASTUS UK LIMITED,,ADVERTISING
ASTUSUK-I,ASTUS UK LIMITED,ASTUS UK LIMITED,,ADVERTISING
NCI6110V,ATKAR GROUP PTY LTD,ATKAR GROUP PTY LTD,VIC,BUILDING / HARDWARE
AU26149700,ATKAR GROUP PTY LTD,ATKAR GROUP PTY LTD,VIC,BUILDING / HARDWARE
P120001468,ATLANTIS TANKS GROUP LTD,ATLANTIS TANKS GROUP LTD,,FUEL DISTRIBUTORS
AU00043TRC,ATOMIC SEARCH PTY LTD,ATOMIC SEARCH PTY LTD,NSW,ADVERTISING
AU23115300,ATOMOS GLOBAL PTY LTD,ATOMOS GLOBAL PTY LTD,VIC,ELECTRICAL
TS-11463,ATRAX MAINTENANCE PTY LTD,MINING PRO PTY LTD,QLD,MINING
AU25148400,ATRAX MAINTENANCE PTY LTD,MINING PRO PTY LTD,QLD,MINING
NCI5525N,ATROMILL PTY. LIMITED,ATROMILL PTY. LIMITED,NSW,BUILDING / HARDWARE
AU-48383,ATROMILL PTY. LIMITED,ATROMILL PTY. LIMITED,NSW,BUILDING / HARDWARE
NCI7688Z,ATTIVO LIMITED,ATTIVO LIMITED,,ADVERTISING
NZ23029300,ATTIVO LIMITED,ATTIVO LIMITED,,ADVERTISING
C230293A00,ATTIVO LIMITED / CAP,ATTIVO LIMITED,,ADVERTISING
NCI8718Z,ATTIVO MEDIA LIMITED,ATTIVO MEDIA LIMITED,NZ,MISCELLANEOUS
NZ25033600,ATTIVO MEDIA LIMITED,ATTIVO MEDIA LIMITED,NZ,MISCELLANEOUS
NCI7789V,AU & MW ENTERPRISE PTY LTD,AU & MW ENTERPRISE PTY LTD,VIC,PLASTER
1312832-1,AU & MW ENTERPRISE PTY LTD,AU & MW ENTERPRISE PTY LTD,VIC,PLASTER
NCI8788N,AUBURN CENTA PTY LIMITED,HARVEY NORMAN COMMERCIAL GROUP,NSW,MISCELLANEOUS
AU-96228,AUBURN CENTA PTY LIMITED,HARVEY NORMAN COMMERCIAL GROUP,NSW,ELECTRONICS
NZ-50369,AUCKLAND ALUMINIUM SALES (2019) LIMITED,AUCKLAND ALUMINIUM SALES (2019) LIMITED,NZ,MANUFACTURING
AU24132200,AUDAY PTY LTD,AUDAY PTY LTD,SA,MINING
NCI6644Z,AURORA PROCESS SOLUTIONS LTD,AURORA PROCESS SOLUTIONS LTD,,MANUFACTURING
NZ20025400,AURORA PROCESS SOLUTIONS LTD,AURORA PROCESS SOLUTIONS LTD,,MANUFACTURING
NCI6915W,AUS EMPLOYMENT SERVICES PTY LTD,AUS EMPLOYMENT SERVICES PTY LTD,WA,LABOUR HIRE
AU23107100,AUS EMPLOYMENT SERVICES PTY LTD,AUS EMPLOYMENT SERVICES PTY LTD,WA,LABOUR HIRE
NCI4918N,AUS STAR HOLDINGS INTERNATIONAL PTY LTD,AUS STAR HOLDINGS INTERNATIONAL PTY LTD,NSW,BUILDING / HARDWARE
961888,AUS STAR HOLDINGS INTERNATIONAL PTY LTD,AUS STAR HOLDINGS INTERNATIONAL PTY LTD,NSW,BUILDING / HARDWARE
AU-98276,AUS-TRUSS PTY LIMITED,AUS-TRUSS PTY LIMITED,NSW,OTHER STEEL
NCI8948S,AUSAB PTY LTD,AUSAB PTY LTD,SA,FOOD / PROVISIONS
NCI8650V,AUSCAT ENTERPRISES PTY. LTD.,AUSCAT ENTERPRISES PTY. LTD.,VIC,BUILDING / HARDWARE
AU-95479,AUSCAT ENTERPRISES PTY. LTD.,AUSCAT ENTERPRISES PTY. LTD.,VIC,BUILDING / HARDWARE
1339052-1,AUSCORP TILING SERVICES PTY LTD,AUSCORP TILING SERVICES PTY LTD,NSW,BUILDING / HARDWARE
AU25142400,AUSLAND EXPORT PTY LTD,AUSLAND EXPORT PTY LTD,SA,EXPORT
NCI8901N,AUSLINE ROADWAYS PTY LTD,AUSLINE ROADWAYS PTY LTD,NSW,FREIGHT FORWARDERS
NCI7076Q,AUSOURCE SOLUTIONS PTY LTD,AUSOURCE SOLUTIONS PTY LTD,QLD,BUILDING / HARDWARE
AU14012700,AUSPAN BUILDING SYSTEMS PTY LTD,AUSPAN BUILDING SYSTEMS PTY LTD,WA,MANUFACTURING
NCI0797N,AUSREO PTY LIMITED,AUSREO PTY LIMITED,NSW,BUILDING / HARDWARE
1151378,AUSREO PTY LIMITED,AUSREO PTY LIMITED,NSW,BUILDING / HARDWARE
NCIAUSSIE,AUSSIE BUCKETS PTY LTD,NCI COVERGAP/DEBTOR TRACK,,
TW-11428,AUSSIE BUCKETS PTY LTD,AUSSIE BUCKETS PTY LTD,VIC,MINING
T104414,AUSSIE SWITCHBOARDS AUST PTY LTD,AUSSIE SWITCHBOARDS AUST PTY LTD,QLD,ELECTRICAL
NCI8059Q,AUSSIE TRIDENT GROUP PTY LTD,AUSSIE TRIDENT GROUP PTY LTD,QLD,FUEL DISTRIBUTORS
AU23113100,AUSSIE TRIDENT GROUP PTY LTD,AUSSIE TRIDENT GROUP PTY LTD,QLD,FREIGHT FORWARDERS
1139178,AUST MIX AUSTRALIA PTY LTD,AUST MIX AUSTRALIA PTY LTD,QLD,BUILDING / HARDWARE
NCI7131Q,AUST MIX AUSTRALIA PTY LTD,AUST MIX AUSTRALIA PTY LTD,QLD,BUILDING / HARDWARE
NCI8291W,AUSTERN BUILDING SUPPLIES PTY LTD,AUSTERN BUILDING SUPPLIES PTY LTD,WA,BUILDING / HARDWARE
AU-90892,AUSTERN BUILDING SUPPLIES PTY LTD,AUSTERN BUILDING SUPPLIES PTY LTD,WA,BUILDING / HARDWARE
T104489,AUSTGRAINS PTY LIMITED,AUSTGRAINS PTY LIMITED,NSW,AGRICULTURE
AU-49601,AUSTIM PTY LTD,AUSTIM PTY LTD,WA,TIMBER
AU25143200,AUSTRAL CONTRACTORS GROUP PTY LTD,AUSTRAL CONTRACTORS GROUP PTY LTD,VIC,BUILDING / HARDWARE
NCI4133W,AUSTRAL FISHERIES PTY LTD,AUSTRAL FISHERIES PTY LTD,WA,FOOD / PROVISIONS
88112,AUSTRAL FISHERIES PTY LTD,AUSTRAL FISHERIES PTY LTD,WA,FOOD / PROVISIONS
NCI7608W,AUSTRALAND AGRICULTURE PTY. LTD.,AUSTRALAND AGRICULTURE PTY. LTD.,WA,AGRICULTURE
NCI4535Q,AUSTRALASIA TRADE BUILDING COMPANY PTY LTD,AUSTRALASIA TRADE BUILDING COMPANY PTY LTD,QLD,BUILDING / HARDWARE
AU-96597,AUSTRALASIA TRADE BUILDING COMPANY PTY LTD,AUSTRALASIA TRADE BUILDING COMPANY PTY LTD,QLD,BUILDING / HARDWARE
UA00206,AUSTRALIA EXTERNAL CLADDING PTY LTD,AUSTRALIA EXTERNAL CLADDING PTY LTD,VIC,BUILDING / HARDWARE
NCI7840V,AUSTRALIAN AIRCONDITIONING DISTRIBUTORS PTY LTD,BEIJER REF HOLDINGS AUSTRALIA PTY LTD,VIC,AIRCONDITIONING
AU-87776,AUSTRALIAN AIRCONDITIONING DISTRIBUTORS PTY LTD,BEIJER REF HOLDINGS AUSTRALIA PTY LTD,VIC,AIRCONDITIONING
NCI8368Q,AUSTRALIAN ARCHITECTURAL FIRE DOORS PTY LTD,AUSTRALIAN ARCHITECTURAL FIRE DOORS PTY LTD,QLD,BUILDING / HARDWARE
AU-89216,AUSTRALIAN ARCHITECTURAL FIRE DOORS PTY LTD,AUSTRALIAN ARCHITECTURAL FIRE DOORS PTY LTD,QLD,BUILDING / HARDWARE
AU24130300,AUSTRALIAN ASSET MAINTENANCE & ENGINEERING PTY LTD,AUSTRALIAN ASSET MAINTENANCE & ENGINEERING PTY LTD,QLD,MAJOR STEEL
616353,AUSTRALIAN CATTLE ENTERPRISES (NT) PTY LTD,AUSTRALIAN CATTLE ENTERPRISES (NT) PTY LTD,NT,AGRICULTURE
AU22096000,AUSTRALIAN CHAR PTY. LTD.,AUSTRALIAN CHAR PTY. LTD.,VIC,RETAIL
TW-05530,AUSTRALIAN DAIRY FARMERS CORPORATION LTD.,AUSTRALIAN DAIRY FARMERS CORPORATION LTD.,VIC,FOOD / PROVISIONS
AU24124900,AUSTRALIAN ECOTECH SOLUTIONS PTY LTD,AUSTRALIAN ECOTECH SOLUTIONS PTY LTD,VIC,BUILDING / HARDWARE
1406926-1,AUSTRALIAN EXPORT CONSORTIA PTY LTD,AUSTRALIAN EXPORT CONSORTIA PTY LTD,VIC,FOOD / PROVISIONS
821700,AUSTRALIAN FOOD & BEVERAGE GROUP PTY LTD,AUSTRALIAN FOOD & BEVERAGE GROUP PTY LTD,SA,LIQUOR DISTRIBUTORS
AU25145400,AUSTRALIAN FOOD CORPORATION PTY LIMITED,KILCOY PASTORAL COMPANY LIMITED,QLD,FOOD / PROVISIONS
NCI5294V,AUSTRALIAN FOOD GROUP PTY LTD,AUSTRALIAN FOOD GROUP PTY LTD,VIC,FOOD / PROVISIONS
TW-01075,AUSTRALIAN FRAMING SOLUTIONS PTY LTD,AUSTRALIAN FRAMING SOLUTIONS PTY LTD,QLD,BUILDING / HARDWARE
NCI5886S,AUSTRALIAN GRAIN EXPORT PTY LTD,AUSTRALIAN GRAIN EXPORT PTY LTD,SA,AGRICULTURE
AU-89028,AUSTRALIAN GRAIN EXPORT PTY LTD,AUSTRALIAN GRAIN EXPORT PTY LTD,SA,AGRICULTURE
NCI4285Q,AUSTRALIAN LINING COMPANY PTY LTD,AUSTRALIAN LINING COMPANY PTY LTD,QLD,CLOTHING / TEXTILE
842149,AUSTRALIAN LINING COMPANY PTY LTD,AUSTRALIAN LINING COMPANY PTY LTD,QLD,CLOTHING / TEXTILE
AU24125200,AUSTRALIAN MEAT GROUP PTY LTD,AUSTRALIAN MEAT GROUP PTY LTD,VIC,FOOD / PROVISIONS
NCI8245V,AUSTRALIAN MEAT GROUP PTY LTD,AUSTRALIAN MEAT GROUP PTY LTD,VIC,FOOD / PROVISIONS
C241252A00,AUSTRALIAN MEAT GROUP PTY LTD / CAP,AUSTRALIAN MEAT GROUP PTY LTD,VIC,FOOD / PROVISIONS
NCI2112V,AUSTRALIAN PROFILE GROUP PTY LTD,AUSTRALIAN PROFILE GROUP PTY LTD,VIC,MANUFACTURING
AU18060200,AUSTRALIAN PULSE GROUP PTY LTD,SOCIETA COFICA PTY LTD,QLD,AGRICULTURE
NCI7595Q,AUSTRALIAN RECRUITING PTY LTD,AUSTRALIAN RECRUITING PTY LTD,QLD,LABOUR HIRE
AU23112900,AUSTRALIAN RECRUITING PTY LTD,AUSTRALIAN RECRUITING PTY LTD,QLD,LABOUR HIRE
NCI7837V,AUSTRALIAN RECYCLING CORPORATION PTY LTD,AUSTRALIAN RECYCLING CORPORATION PTY LTD,VIC,MISCELLANEOUS
238347,AUSTRALIAN REGIONAL WHOLESALERS PTY LTD,REXEL ELECTRICAL SUPPLIES PTY LTD,NSW,ELECTRICAL
497319,AUSTRALIAN RURAL EXPORTS PTY. LTD.,AUSTRALIAN RURAL EXPORTS PTY. LTD.,QLD,AGRICULTURE
T106005,AUSTRALIAN SCAFFOLD & ACCESS PTY LTD,AUSTRALIAN SCAFFOLD PTY LTD,NSW,BUILDING / HARDWARE
NCI8830N,AUSTRALIAN SCAFFOLD PTY LTD,AUSTRALIAN SCAFFOLD PTY LTD,NSW,BUILDING / HARDWARE
648804,AUSTRALIAN SOLAR WAREHOUSE PTY LTD,AUSTRALIAN SOLAR WAREHOUSE PTY LTD,NSW,SOLAR
NCI4146W,AUSTRALIAN STEEL AND WIRE PTY LTD,AUSTRALIAN STEEL AND WIRE PTY LTD,WA,OTHER STEEL
NCI8299N,AUSTRALIAN STEEL TRADERS PTY LTD,AUSTRALIAN STEEL TRADERS PTY LTD,QLD,MAJOR STEEL
678083,AUSTRALIAN STEEL TRADERS PTY LTD,AUSTRALIAN STEEL TRADERS PTY LTD,QLD,MAJOR STEEL
75598,AUSTRALIAN TIMBER AND TRUSSES PTY LTD,AUSTRALIAN TIMBER AND TRUSSES PTY LTD,QLD,BUILDING / HARDWARE
NCI2693N,AUSTRALIAN TIMBER SUPPLIES PTY LTD,AUSTRALIAN TIMBER SUPPLIES PTY LTD,NSW,TIMBER
AU-51743,AUSTRALIAN TIMBER SUPPLIES PTY LTD,AUSTRALIAN TIMBER SUPPLIES PTY LTD,NSW,TIMBER
830386,AUSTRALIAN VINTAGE LTD,AUSTRALIAN VINTAGE LTD,SA,LIQUOR DISTRIBUTORS
10165,AUSTRALIAN WHOLESALE MEATS (SYDNEY) PTY LTD,AUSTRALIAN WHOLESALE MEATS (SYDNEY) PTY LTD,NSW,FREIGHT FORWARDERS
524301,AUSTRALIAN WHOLESALE MEATS (SYDNEY) PTY LTD,AUSTRALIAN WHOLESALE MEATS (SYDNEY) PTY LTD,NSW,FOOD / PROVISIONS
NCI5801N,AUSTRALIAN WHOLESALE MEATS (SYDNEY) PTY LTD,AUSTRALIAN WHOLESALE MEATS (SYDNEY) PTY LTD,NSW,FOOD / PROVISIONS
560690,AUSTRALIAN WHOLESALE MEATS (VICTORIA) PTY LTD,AUSTRALIAN WHOLESALE MEATS (SYDNEY) PTY LTD,VIC,FOOD / PROVISIONS
NCI5802V,AUSTRALIAN WHOLESALE MEATS (VICTORIA) PTY LTD,AUSTRALIAN WHOLESALE MEATS (SYDNEY) PTY LTD,VIC,FOOD / PROVISIONS
NCI5449Q,AUSTRALIAN WHOLESALE MEATS PTY LTD,AUSTRALIAN WHOLESALE MEATS PTY LTD,QLD,FOOD / PROVISIONS
527709,AUSTRALIAN WHOLESALE MEATS PTY LTD,AUSTRALIAN WHOLESALE MEATS PTY LTD,QLD,FOOD / PROVISIONS
337232,AUSTWINE EXPORTS PTY LIMITED,AUSTWINE EXPORTS PTY LIMITED,SA,LIQUOR DISTRIBUTORS
NCI5263N,AUSWOOD INTERNATIONAL PTY LTD,AUSWOOD INTERNATIONAL PTY LTD,NSW,BUILDING / HARDWARE
AU-79965,AUSWOOD INTERNATIONAL PTY LTD,AUSWOOD INTERNATIONAL PTY LTD,NSW,BUILDING / HARDWARE
NCI8771Q,AUTO INGRESS PTY LTD,AUTO INGRESS PTY LTD,QLD,VEHICLE / TYRES
AU-98725,AUTO INGRESS PTY LTD,AUTO INGRESS PTY LTD,QLD,VEHICLE / TYRES
NCI5729Z,AUTO TRANSFORM LIMITED,AUTO TRANSFORM LIMITED,,AUTOMOTIVE
NZ19020100,AUTO TRANSFORM LIMITED,AUTO TRANSFORM LIMITED,,AUTOMOTIVE
NCI7565W,AUTOLINE PTY LTD,AUTOLINE PTY LTD,WA,AUTOMOTIVE
AU24128900,AUTOLINE PTY LTD,AUTOLINE PTY LTD,WA,MINING
NCI8609N,AUTOMATED PTY. LTD.,AUTOMATED PTY LTD,NSW,ELECTRICAL
AU25141800,AUTOMATED PTY. LTD.,AUTOMATED PTY LTD,NSW,ELECTRICAL
NCI2477V,AUTOMATIC HEATING GLOBAL PTY LTD,AUTOMATIC HEATING GLOBAL PTY LTD,VIC,ELECTRICAL
AU17048700,AUTOMATIC HEATING GLOBAL PTY LTD,AUTOMATIC HEATING GLOBAL PTY LTD,VIC,ELECTRICAL
NCI8984Q,AUTONOMY & ASSET MANAGEMENT GROUP PTY LTD,AUTONOMY & ASSET MANAGEMENT GROUP PTY LTD,QLD,MINING
NCI8537N,AVELLA DEVELOPMENTS NSW PTY LIMITED,AVELLA DEVELOPMENTS NSW PTY LIMITED,NSW,LABOUR HIRE
AU25136200,AVELLA DEVELOPMENTS NSW PTY LIMITED,AVELLA DEVELOPMENTS NSW PTY LIMITED,NSW,LABOUR HIRE
1349553-1,AVENTINO GROUP PTY LTD,AVENTINO GROUP PTY LTD,NSW,FURNITURE / FLOORS
NCI8813Q,AVIA HOMES AUSTRALIA PTY LTD,AVIA HOMES AUSTRALIA PTY LTD,QLD,BUILDING / HARDWARE
AU14005601,AVK AUSTRALIA PTY LTD,AVK AUSTRALIA PTY LTD,SA,BUILDING / HARDWARE
NCI4259S,AVK INDUSTRIAL PTY LTD,AVK AUSTRALIA PTY LTD,SA,MANUFACTURING
299729,AVNET ASIA PTE LTD,AVNET ASIA PTE LTD,,ELECTRONICS
W028500001,AVNET ASIA PTE LTD - ALLIANZ TRADE,AVNET ASIA PTE LTD,,ELECTRONICS
477116,AVNET ELECTRONICS MARKETING (AUSTRALIA) PTY LIMITED,AVNET ELECTRONICS MARKETING (AUSTRALIA) PTY LTD,NSW,ELECTRONICS
NZ21027000,AVOCADO OIL NEW ZEALAND LIMITED,AVOCADO OIL NEW ZEALAND LIMITED,,FOOD / PROVISIONS
AU-92869,AVONDALE FOODS PTY LTD,AVONDALE FOODS PTY LTD,NSW,FOOD / PROVISIONS
TW-05603,AVRUS PTY LTD,AVRUS PTY LTD,VIC,BUILDING / HARDWARE
NZ-50912,AW FRASER LTD (AUD ACCOUNTS),AW FRASER LTD,NZL,OTHER STEEL
NZ-50915,AW FRASER LTD (NZD ACCOUNTS),AW FRASER LTD,NZL,OTHER STEEL
NZ-50911,AW FRASER LTD (USD ACCOUNTS),AW FRASER LTD,,MAJOR STEEL
AU-96034,AWARD ELECTRICAL ACT PTY LTD,AWARD ELECTRICAL ACT PTY LTD,ACT,ELECTRICAL
NCI7836V,AWF METAL ROOFING & CLADDING PTY LTD,AWF METAL ROOFING & CLADDING PTY LTD,VIC,BUILDING / HARDWARE
AU-90989,AWF METAL ROOFING & CLADDING PTY LTD,AWF METAL ROOFING & CLADDING PTY LTD,VIC,BUILDING / HARDWARE
AU19065500,AWX PTY LTD,PEOPLEIN LIMITED,QLD,EMPLOYMENT AGENCIES
NCI5814Q,AWX PTY LTD,PEOPLEIN LIMITED,QLD,LABOUR HIRE
NCI4594N,AXIFLOW GROUP PTY LTD,AXIFLOW GROUP PTY LTD,NSW,AIRCONDITIONING
NCI8667V,AXIMA PTY LTD,AXIMA PTY LTD,VIC,TRANSPORT
724588,AXIMA PTY LTD,AXIMA PTY LTD,VIC,TRANSPORT
263373501,AXIS HOUSE LTD,AXIS HOUSE LTD,,MISCELLANEOUS
NCI8677N,AXIS METAL ROOFING PTY LTD,AXIS METAL ROOFING PTY LTD,NSW,MANUFACTURING
812175,AXIS MINERAL SERVICES PTY LTD,AXIS MINERAL SERVICES PTY LTD,WA,MINING
NCI1774Q,AYLWARD DOWLING AND WALL PTY LTD,AYLWARD DOWLING AND WALL PTY LTD,QLD,BUILDING / HARDWARE
854043,AYLWARD DOWLING AND WALL PTY LTD,AYLWARD DOWLING AND WALL PTY LTD,QLD,MANUFACTURING
256250401,AYTAC FOODS LIMITED,AYTAC FOODS LIMITED,,FOOD / PROVISIONS
NCI2813V,AYWON CARPET CONTRACTORS PROPRIETARY LIMITED,AYWON CARPET CONTRACTORS PROPRIETARY LIMITED,VIC,CARPETS
1029814,AZ CEILINGS AND PARTITIONS PTY LTD,AZ CEILINGS AND PARTITIONS PTY LTD,WA,BUILDING / HARDWARE
1126723,AZ NU RENOVATIONS PTY LTD,AZ NU RENOVATIONS PTY LTD,QLD,BUILDING / HARDWARE
NCI8222V,AZELIS AUSTRALIA PTY LIMITED,AZELIS AUSTRALIA PTY LIMITED,VIC,FOOD / PROVISIONS
NCI8136V,B & C DOORS PTY LTD,B & C DOORS PTY LTD,VIC,BUILDING / HARDWARE
AU25136700,B & C DOORS PTY LTD,B & C DOORS PTY LTD,VIC,MANUFACTURING
TW-09518,B & D PLUMBING PTY LTD,B & D PLUMBING PTY LTD,VIC,PLUMBING
NCI8035Q,B & F MCDONALD INVESTMENTS PTY LTD,B & F MCDONALD INVESTMENTS PTY LTD,QLD,FURNITURE / FLOORS
AU-90289,B & F MCDONALD INVESTMENTS PTY LTD,B & F MCDONALD INVESTMENTS PTY LTD,QLD,FURNITURE / FLOORS
NCI5913Z,B & F PAPERS LIMITED,B & F PAPERS LIMITED,,PAPER / PRINTING / STATIONERY
397631,B & F PAPERS LIMITED,B & F PAPERS LIMITED,,PAPER / PRINTING / STATIONERY
NCI8894N,B & G ENTERPRISES (NSW) PTY LIMITED,B & G ENTERPRISES (NSW) PTY LIMITED,NSW,BUILDING / HARDWARE
NCI3021N,B & J MCNAMARA PTY LTD,B & J MCNAMARA PTY LTD,NSW,BUILDING / HARDWARE
AU-47524,B & J MCNAMARA PTY LTD,B & J MCNAMARA PTY LTD,NSW,BUILDING / HARDWARE
NCI8342Q,B & N GLASS AND ALUMINIUM PTY LTD,B & N GLASS AND ALUMINIUM PTY LTD,QLD,MANUFACTURING
201537,B & R ENCLOSURES PTY LTD,B & R ENCLOSURES PTY LTD,QLD,ELECTRICAL
1447425-1,B & T ELECTRICAL WHOLESALERS PTY LTD,B & T ELECTRICAL WHOLESALERS PTY LTD,NSW,ELECTRICAL
NCI8668N,B & W WINDOWS (RESIDENTIAL) PTY LIMITED,B & W WINDOWS (RESIDENTIAL) PTY LIMITED,NSW,BUILDING / HARDWARE
AU-98072,B & W WINDOWS (RESIDENTIAL) PTY LIMITED,B & W WINDOWS (RESIDENTIAL) PTY LIMITED,NSW,BUILDING / HARDWARE
NCI6958S,B.G.G. GROUP HOLDINGS PTY LTD,B.G.G. GROUP HOLDINGS PTY LTD,VIC,BUILDING / HARDWARE
265773401,B.M. FASHIONS UK LTD,B.M.FASHIONS (U.K.),,CLOTHING / TEXTILE
NCI8421V,BA FERGUSON TRAVEL GROUP PTY LTD (1000 MILE TRAVEL GROUP),1000 MILE TRAVEL GROUP PTY LTD,VIC,MISCELLANEOUS
1271705-1,BACH COMMERCIAL PTY LTD,BACH COMMERCIAL PTY LTD,VIC,MANUFACTURING
NCI6317N,BACKAM GROUP PTY LTD,BACKAM GROUP PTY LTD,NSW,LABOUR HIRE
643685,BACKAM GROUP PTY LTD,BACKAM GROUP PTY LTD,NSW,LABOUR HIRE
NCI8494W,BADEN ENGINEERING AND MANUFACTURING PTY. LTD.,BADEN ENGINEERING AND MANUFACTURING PTY. LTD.,WA,ENGINEERING
AU-94932,BADEN ENGINEERING AND MANUFACTURING PTY. LTD.,BADEN ENGINEERING AND MANUFACTURING PTY. LTD.,WA,ENGINEERING
AU21092600,BAKER ADVERTISING & MARKETING PTY. LTD.,BAKER ADVERTISING & MARKETING PTY. LTD.,SA,ADVERTISING
1209485,BAKER BOOTH PLUMBING & GASFITTING PTY LTD,BAKER BOOTH PLUMBING & GASFITTING PTY LTD,QLD,PLUMBING
AU-46745,BALCO AUSTRALIA PTY LTD,BALCO AUSTRALIA PTY LTD,SA,AGRICULTURE
AU-102009,BALCO WANNAMAL PTY LTD,BALCO AUSTRALIA PTY LTD,WA,AGRICULTURE
1443945,BALL & DOGGETT PTY LTD,BALL & DOGGETT PTY LTD,VIC,PAPER / PRINTING / STATIONERY
NCI5905V,BALL & DOGGETT PTY LTD,BALL & DOGGETT PTY LTD,VIC,PAPER / PRINTING / STATIONERY
138635,BALL & DOGGETT PTY LTD,BALL & DOGGETT PTY LTD,VIC,PAPER / PRINTING / STATIONERY
NZ-45438,BALLANDE NEW ZEALAND LIMITED,BALLANDE NEW ZEALAND LIMITED,,FOOD / PROVISIONS
728410,BALMFORTH GROUP PTY LTD,BALMFORTH GROUP PTY LTD,NSW,FUEL DISTRIBUTORS
469195,BANDAI NAMCO ENTERTAINMENT ASIA PTE LTD,BANDAI NAMCO GAMES AUSTRALIA PTY LTD,,COMPUTERS / ELECTRONICS
467793,BANDAI NAMCO ENTERTAINMENT AUSTRALIA PTY LTD,BANDAI NAMCO GAMES AUSTRALIA PTY LTD,NSW,COMPUTERS / ELECTRONICS
NZ-63605,BANK OF NEW ZEALAND,BANK OF NEW ZEALAND,,FINANCE
474422,BANLAW PTY LTD,BANLAW PTY LTD,NSW,OTHER STEEL
1258296-1,BARATECH ENGINEERING PTY LTD,BARATECH ENGINEERING PTY LTD,NSW,ENGINEERING
890908,BARENBRUG NEW ZEALAND LIMITED,BARENBRUG NEW ZEALAND LIMITED,,AGRICULTURE
NCI5516S,BAROSSAVALE WINES PTY LTD,BAROSSAVALE WINES PTY LTD,SA,LIQUOR DISTRIBUTORS
NCI2414V,BARRO GROUP PTY. LIMITED,BARRO GROUP PTY. LIMITED,VIC,BUILDING / HARDWARE
AU-96427,BARRO GROUP PTY. LIMITED,BARRO GROUP PTY. LIMITED,VIC,MANUFACTURING
NCI8594V,BARWON TIMBER & HARDWARE PTY LTD,BARWON TIMBER & HARDWARE PTY LTD,VIC,BUILDING / HARDWARE
AU-83807,BARWON TIMBER & HARDWARE PTY LTD,BARWON TIMBER & HARDWARE PTY LTD,VIC,BUILDING / HARDWARE
TW-11100,BASELINE FLOORING PTY LTD,BASELINE FLOORING PTY LTD,QLD,FURNITURE / FLOORS
700849,BASELL ADVANCED POLYOLEFINS (THAILAND) COMPANY LIMITED,BASELL ADVANCED POLYOLEFINS (THAILAND) COMPANY LIMITED,,PLASTICS
NCI2205V,BASFORD BRANDS PTY LTD,BASFORD BRANDS PTY LTD,VIC,FURNITURE / FLOORS
1462012,BASTION BRANDING PTY LTD,HAVAS WORLDWIDE AUSTRALIA PTY LTD,NSW,ADVERTISING
NCI2902V,BATES PIPES & PRODUCTS PTY. LTD.,BATES PIPES & PRODUCTS PTY. LTD.,VIC,PLASTICS
BATESPI,BATES PIPES & PRODUCTS PTY. LTD.,BATES PIPES & PRODUCTS PTY. LTD.,VIC,PLASTICS
NCI8891N,BATHROOM COLLECTIONS PTY LTD,BATHROOM COLLECTIONS PTY LTD,NSW,BUILDING / HARDWARE
728432,BATHURST PTY LTD & GLS ENTERPRISES PTY LTD,BATHURST PTY LTD & GLS ENTERPRISES PTY. LTD.,WA,MANUFACTURING
NCI5344W,BATHURST PTY LTD & GLS ENTERPRISES PTY. LTD.,BATHURST PTY LTD & GLS ENTERPRISES PTY. LTD.,WA,PAPER / PRINTING / STATIONERY
NCI8167V,BATHWARE SUPPLIES PTY. LTD.,BATHWARE SUPPLIES PTY. LTD.,VIC,BUILDING / HARDWARE
NCI7442N,BAXTER ENGINEERING (ACT) PTY LTD,BAXTER ENGINEERING (ACT) PTY LTD,ACT,ENGINEERING
NCI6778W,BAXTER ENTERPRISES PTY LTD,BAXTER ENTERPRISES PTY LTD,WA,MANUFACTURING
AU-47324,BAXTER ENTERPRISES PTY LTD,BAXTER ENTERPRISES PTY LTD,WA,MAJOR STEEL
TW-09894,BAY AND COAST PTY LTD,BAY AND COAST PTY LTD,NSW,BUILDING / HARDWARE
AU-77502,BAY TRUSSES & FRAMES PTY LTD,BAY TRUSSES & FRAMES PTY LTD,NSW,BUILDING / HARDWARE
NCI7475Q,BAYSET PTY LTD.,BAYSET PTY LTD.,QLD,BUILDING / HARDWARE
1340532-1,BAYSET PTY LTD.,BAYSET PTY LTD.,QLD,BUILDING / HARDWARE
T107110,BAYSIDE GATE FRAMES PTY LTD,BAYSIDE GATE FRAMES PTY LTD,QLD,BUILDING / HARDWARE
AU-51588,BAYSWOOD TIMBER WHOLESALERS PTY LTD,BAYSWOOD TIMBER WHOLESALERS PTY. LTD.,VIC,TIMBER
NCI2762V,BAYSWOOD TIMBER WHOLESALERS PTY. LTD.,BAYSWOOD TIMBER WHOLESALERS PTY. LTD.,VIC,TIMBER
NCI4576Q,BAYWOOD PRODUCTS PTY LTD,BAYWOOD PRODUCTS PTY LTD,QLD,TIMBER
NCI1804N,BCFG MANAGEMENT PTY LIMITED,BCFG MANAGEMENT PTY LIMITED,NSW,FINANCE
NCI8691N,BD BUILDING PROJECTS AUSTRALIA PTY LTD,BD BUILDING PROJECTS AUSTRALIA PTY LTD,NSW,LABOUR HIRE
AU-97934,BD BUILDING PROJECTS AUSTRALIA PTY LTD (RESTRUCTURING PRAC APPTD),BD BUILDING PROJECTS AUSTRALIA PTY LTD,NSW,BUILDING / HARDWARE
1149432,BE FLOORED PTY. LTD.,BE FLOORED PTY. LTD.,VIC,FURNITURE / FLOORS
1434511-1,BE LANDSCAPE CONSTRUCTION PTY LTD,BE LANDSCAPE CONSTRUCTION PTY LTD,QLD,BUILDING / HARDWARE
NCI5927N,BEAK & JOHNSTON PTY LTD,BEAK & JOHNSTON PTY. LIMITED,NSW,FOOD / PROVISIONS
AU20078200,BEAK & JOHNSTON PTY LTD,BEAK & JOHNSTON PTY. LIMITED,NSW,FOOD / PROVISIONS
BK261,BEARFIELDS OF LONDON LIMITED,BEARFIELDS OF LONDON LTD,,MISCELLANEOUS
NCI5517Z,BEATSON GROUP LIMITED,BEATSON GROUP LIMITED,NZ,BUILDING / HARDWARE
NZ21027100,BEATSON GROUP LIMITED,BEATSON GROUP LIMITED,NZ,BUILDING / HARDWARE
AU-93286,BEIJER REF AUSTRALIA PTY LTD,BEIJER REF HOLDINGS AUSTRALIA PTY LTD,NSW,WHITEGOODS / ELECTRICAL
NCI8373N,BEIJER REF AUSTRALIA PTY LTD,BEIJER REF HOLDINGS AUSTRALIA PTY LTD,NSW,WHITEGOODS / ELECTRICAL
1393916,BEKO A AND NZ PTY LTD,BEKO A AND NZ PTY LTD,QLD,WHITEGOODS / ELECTRICAL
1392102,BEKO A AND NZ PTY LTD,BEKO A AND NZ PTY LTD,QLD,WHITEGOODS / ELECTRICAL
678374,BEKO A AND NZ PTY LTD,BEKO A AND NZ PTY LTD,QLD,WHITEGOODS / ELECTRICAL
405117,BEKO A AND NZ PTY LTD,BEKO A AND NZ PTY LTD,QLD,WHITEGOODS / ELECTRICAL
500146,BEKO APPLIANCES MALAYSIA SDN BHD,BEKO APPLIANCES MALAYSIA SDN BHD,,WHITEGOODS / ELECTRICAL
NZ18017001,BELCANTO GROUP LIMITED,BELCANTO GROUP LIMITED,,MANUFACTURING
NZ-46095,BELGOTEX NEW ZEALAND LIMITED,BELGOTEX NEW ZEALAND LIMITED,,FURNITURE / FLOORS
NCI4679N,BELL'S CARPETS (FAIRFIELD) PTY LTD,BELL'S CARPETS (FAIRFIELD) PTY LTD,NSW,CARPETS
AU-98771,BELLA BODIES AUSTRALIA PTY LTD,BELLA BODIES AUSTRALIA PTY LTD,NSW,CLOTHING / TEXTILE
AU20078901,BELLEVUE GROUP AUSTRALASIA PTY LTD,BELLEVUE GROUP AUSTRALASIA PTY LTD,TAS,BUILDING / HARDWARE
NCI4184V,BELMAX SERVICES PTY. LTD.,BELMAX SERVICES PTY. LTD.,VIC,PLUMBING
NCI5410Q,BELMORE GROUP HOLDINGS PTY LTD,BELMORE GROUP HOLDINGS PTY LTD,QLD,BUILDING / HARDWARE
TW-03724,BELMORE GROUP HOLDINGS PTY LTD,BELMORE GROUP HOLDINGS PTY LTD,QLD,BUILDING / HARDWARE
AU-89241,BELRIDGE HOLDINGS PTY LTD,BELRIDGE HOLDINGS PTY LTD,WA,BUILDING / HARDWARE
516808,BEMCO (AUSTRALIA) PTY. LTD.,BEMCO (AUSTRALIA) PTY. LTD.,VIC,FOOD / PROVISIONS
NCI7935V,BENDIGO FLOORWORLD PTY LTD,BENDIGO FLOORWORLD PTY LTD,VIC,FURNITURE / FLOORS
AU15024900,BENDTECH GROUP PTY LTD,BENDTECH GROUP PTY LTD,WA,ELECTRICAL
NCI4578W,BENDTECH GROUP PTY LTD,BENDTECH GROUP PTY LTD,WA,ELECTRICAL
NCI8521N,BENMAX PTY LTD,BENMAX PTY LTD,NSW,AIRCONDITIONING
AU24133200,BENMAX PTY LTD,BENMAX PTY LTD,NSW,AIRCONDITIONING
NCI6649W,BENTON PTY LTD,LOTUS ENGINEERING PTY LTD,WA,MINING
T104455,BENTON PTY LTD,LOTUS ENGINEERING PTY LTD,WA,MINING
AU24125901,BERALON PTY LTD,BERALON PTY LTD,NSW,CHEMICALS
AU-56700,BERAMYT PTY LTD,BERAMYT PTY LTD,VIC,PLASTER
NCI8941V,BERDIS LIGHTING PTY LTD,BERDIS LIGHTING PTY LTD,VIC,WHITEGOODS / ELECTRICAL
AU21085000,BERGER INGREDIENTS PTY LTD,BERGER INGREDIENTS PTY LTD,NSW,FOOD / PROVISIONS
NCI4605N,BERKELEY ENGINEERING PTY LTD,BERKELEY ENGINEERING PTY LTD,NSW,MANUFACTURING
AU16041800,BERKELEY ENGINEERING PTY LTD,BERKELEY ENGINEERING PTY LTD,NSW,MANUFACTURING
NZ21027300,BESPOKE MEDIA MARKETING LIMITED,BESPOKE MEDIA MARKETING LIMITED,,ADVERTISING
NCI8030V,BEST ASSEMBLY PTY LTD,BEST ASSEMBLY PTY LTD,VIC,BUILDING / HARDWARE
T106674,BETHELL FLOORING PTY. LTD.,BETHELL FLOORING PTY. LTD.,QLD,FURNITURE / FLOORS
NCI8947S,BETTER MD PTY LTD,BETTER MD PTY LTD,SA,MANUFACTURING
AU-67186,BETTER WEAR WELDING PTY LTD,BETTER WEAR WELDING PTY LTD,WA,OTHER STEEL
NCI8631N,BETTERTILES PTY LTD,BETTERTILES PTY LTD,NSW,BUILDING / HARDWARE
AU-45567,BEVALYN PTY. LTD.,BEVALYN PTY. LTD.,QLD,FOOD / PROVISIONS
859204,BEVERLY HILLS INTERNATIONAL LTD,BEVERLY HILLS INTERNATIONAL LTD,,CLOTHING / TEXTILE
NCI8422N,BF TRAVEL PTY LTD (1000 MILE TRAVEL GROUP),1000 MILE TRAVEL GROUP PTY LTD,NSW,MISCELLANEOUS
NCI5164Q,BG GROUP NQ PTY LTD,BG GROUP NQ PTY LTD,QLD,BUILDING / HARDWARE
1226210,BG GROUP NQ PTY LTD,BG GROUP NQ PTY LTD,QLD,BUILDING / HARDWARE
NCI5502S,BH SAH PTY LTD,BH SAH PTY LTD,SA,EQUIPMENT HIRE
NCI7860V,BHAMARE'S PTY LTD,BHAMARE'S PTY LTD,VIC,BUILDING / HARDWARE
NCI8122Q,BIAMP SYSTEMS PTY LTD,BIAMP SYSTEMS PTY LTD,QLD,COMPUTERS / ELECTRONICS
AU-89472,BIAMP SYSTEMS PTY LTD,BIAMP SYSTEMS PTY LTD,QLD,ELECTRONICS
NCI5761S,BIANCO CONSTRUCTION SUPPLIES PTY LTD,TOTAL TOOLS & HARDWARE GROUP,SA,BUILDING / HARDWARE
TW-01037,BIANCO CONSTRUCTION SUPPLIES PTY LTD,TOTAL TOOLS & HARDWARE GROUP,SA,BUILDING / HARDWARE
NCI8946S,BIANCO HIRING SERVICE PTY LTD,BIANCO HIRING SERVICE PTY LTD,SA,BUILDING / HARDWARE
AU-84928,BIANCO REINFORCING PTY LTD,BIANCO REINFORCING PTY LTD,SA,BUILDING / HARDWARE
TW-01039,BIANCO WALLING PTY. LTD.,BIANCO WALLING PTY LTD,SA,BUILDING / HARDWARE
NCI4901SD,BICKFORD'S AUSTRALIA PTY LTD,BICKFORD'S AUSTRALIA PTY LTD,SA,LIQUOR DISTRIBUTORS
NCI4901S,BICKFORD'S AUSTRALIA PTY LTD,BICKFORD'S AUSTRALIA PTY LTD,SA,LIQUOR DISTRIBUTORS
232933,BIDFOOD AUSTRALIA LIMITED,BIDFOOD AUSTRALIA LIMITED,NSW,FOOD / PROVISIONS
NCI8951Z,BIDFOOD LIMITED,BIDFOOD AUSTRALIA LIMITED,,FOOD / PROVISIONS
237969,BIDFOOD SINGAPORE PTE LTD,BIDFOOD AUSTRALIA LIMITED,,FOOD / PROVISIONS
NCI4502W,BIG DOG EQUIPMENT PTY LTD,BIG DOG EQUIPMENT PTY LTD,WA,FUEL DISTRIBUTORS
NCI1679N,BIG RIVER GROUP PTY LTD,BIG RIVER GROUP PTY LTD,NSW,BUILDING / HARDWARE
NCI8475V,BIG WEST GARDEN & BUILDING SUPPLIES PTY LTD,BIG WEST GARDEN & BUILDING SUPPLIES PTY LTD,VIC,BUILDING / HARDWARE
TW-11754,BIG WEST GARDEN & BUILDING SUPPLIES PTY LTD,BIG WEST GARDEN & BUILDING SUPPLIES PTY LTD,VIC,BUILDING / HARDWARE
T100511,BILLIE GROUP AUST PTY LTD,BILLIE GROUP AUST PTY LTD,NSW,MANUFACTURING
676381,BILU PROPRIETARY LIMITED,BILU PROPRIETARY LIMITED,VIC,BUILDING / HARDWARE
SR100089,BINTANI AUSTRALIA PTY LTD,BINTANI AUSTRALIA PTY LTD,VIC,LIQUOR DISTRIBUTORS
AU-86972,BINTANI AUSTRALIA PTY LTD,BINTANI AUSTRALIA PTY LTD,VIC,FOOD / PROVISIONS
463048,BIOPAK PTY LTD,BIOPAK PTY LTD,NSW,MANUFACTURING
374182,BISALLOY STEELS PTY. LTD.,BISALLOY STEELS PTY LTD,NSW,OTHER STEEL
NCI5834V,BISKO BAKEHOUSE PTY LTD,BISKO BAKEHOUSE PTY LTD,VIC,MANUFACTURING
AU19065901,BISKO BAKEHOUSE PTY LTD,BISKO BAKEHOUSE PTY LTD,VIC,MANUFACTURING
TB-11583,BIYON PTY LTD,BIYON PTY LTD,VIC,COMPUTERS / ELECTRONICS
142258BF,BJ BALL LIMITED,BJ BALL LIMITED,,PAPER / PRINTING / STATIONERY
NCI6119Z,BJ BALL LIMITED,BJ BALL LIMITED,,PAPER / PRINTING / STATIONERY
142258,BJ BALL LIMITED,BJ BALL LIMITED,,PAPER / PRINTING / STATIONERY
925765,BJP LABORATORIES PTY LTD,BJP LABORATORIES PTY LTD,QLD,MANUFACTURING
NCI6260Q,BK HIRE PTY LTD,BK HIRE PTY LTD,QLD,EQUIPMENT HIRE
NCI8936Q,BL AIR CONDITIONING PTY LTD,BL AIR CONDITIONING PTY LTD,QLD,AIRCONDITIONING
AU-96035,BL AIR MECHANICAL SERVICES PTY LTD,BL AIR CONDITIONING PTY LTD,NSW,AIRCONDITIONING
AU25147800,BLACK FOX INDUSTRIES PTY LTD,BLACK FOX INDUSTRIES PTY LTD,QLD,BUILDING / HARDWARE
AU-47714,BLAE COMMERCIAL PTY LIMITED,HARVEY NORMAN COMMERCIAL GROUP,NSW,ELECTRONICS
10117,BLAE COMMERCIAL PTY LIMITED,HARVEY NORMAN COMMERCIAL GROUP,NSW,ELECTRONICS
NCI2918N,BLAE COMMERCIAL PTY LIMITED,HARVEY NORMAN COMMERCIAL GROUP,NSW,WHITEGOODS / ELECTRICAL
AU15037700,BLASTONE INTERNATIONAL (AUST) PTY LTD,BLASTONE INTERNATIONAL (AUST) PTY LTD,VIC,MANUFACTURING
NCI7227S,BLED PTY LTD,BLED PTY LTD,SA,TIMBER
AU-47964,BLESSINGTON PTY LIMITED,BLESSINGTON PTY LIMITED,NSW,CLOTHING / TEXTILE
804562,BLIS TECHNOLOGIES LIMITED,BLIS TECHNOLOGIES LIMITED,,CHEMICALS
371387,BLOCH & BEHRENS WOOL (NZ)  LIMITED,BLOCH & BEHRENS WOOL (NZ)  LIMITED,,WOOL SUPPLIERS
LE922,BLOCK AND CLEAVER LIMITED,BLOCK AND CLEAVER LIMITED,,FOOD / PROVISIONS
NCI8617Q,BLS WHOLESALERS PTY LTD,BLS WHOLESALERS PTY LTD,NSW,CHEMICALS
NCI2700W,BLUE CHIP GROUP PTY LTD,BLUE CHIP GROUP PTY LTD,WA,BUILDING / HARDWARE
NCI8803W,BLUE FORCE PTY LTD,BLUE FORCE PTY LTD,WA,COMPUTERS / ELECTRONICS
AU-46316,BLUE GUM CLOTHING CO. PTY LTD,BLUE GUM CLOTHING CO. PTY. LTD.,VIC,CLOTHING / TEXTILE
AU-49701,BLUE LAKE MILLING PTY LTD,BLUE LAKE MILLING PTY LTD,SA,AGRICULTURE
AU-82812,BLUE SUN GROUP PTY LTD,BLUE SUN GROUP PTY LTD,QLD,SOLAR
NCI8120Q,BLUE SUN GROUP PTY LTD,BLUE SUN GROUP PTY LTD,QLD,SOLAR
NCI8231V,BLUEBOTTLE 3 PTY. LTD.,BLUEBOTTLE 3 PTY. LTD.,VIC,ELECTRICAL
687668,BLUEBOTTLE 3 PTY. LTD.,BLUEBOTTLE 3 PTY. LTD.,VIC,ELECTRICAL
NCI8751V,BLUEMOUTH INTERACTIVE PTY LTD,BLUEMOUTH INTERACTIVE PTY LTD,VIC,ELECTRONICS
AU25146400,BLUEMOUTH INTERACTIVE PTY LTD,BLUEMOUTH INTERACTIVE PTY LTD,VIC,ELECTRONICS
AU-48470,BLUESCOPE DISTRIBUTION PTY LTD,BLUESCOPE STEEL LTD,VIC,OTHER STEEL
NCI1252V,BLUESCOPE DISTRIBUTION PTY LTD,BLUESCOPE STEEL LTD,VIC,MAJOR STEEL
1151385,BLUESCOPE STEEL (AIS) PTY. LTD.,BLUESCOPE STEEL LTD,NSW,MAJOR STEEL
NCI1907N,BLUESCOPE STEEL LIMITED,BLUESCOPE STEEL LTD,NSW,MAJOR STEEL
AU-65471,BLUESCOPE STEEL LIMITED,BLUESCOPE STEEL LTD,VIC,MAJOR STEEL
AU-66082,BLUESCOPE STEEL LIMITED,BLUESCOPE STEEL LTD,NSW,MAJOR STEEL
AU-60369,BLUESCOPE STEEL LIMITED,BLUESCOPE STEEL LTD,NSW,MAJOR STEEL
792772,BLUESCOPE STEEL LIMITED,BLUESCOPE STEEL LTD,NSW,MAJOR STEEL
NCI0001Q,BLUESCOPE STEEL LTD,BLUESCOPE STEEL LTD,QLD,MAJOR STEEL
NCI0002N,BLUESCOPE STEEL LTD,BLUESCOPE STEEL LTD,NSW,MAJOR STEEL
NCI0003S,BLUESCOPE STEEL LTD,BLUESCOPE STEEL LTD,SA,MAJOR STEEL
NCI0004V,BLUESCOPE STEEL LTD,BLUESCOPE STEEL LTD,VIC,MAJOR STEEL
NCI0006W,BLUESCOPE STEEL LTD,BLUESCOPE STEEL LTD,WA,MAJOR STEEL
AU-48803,BLUESCOPE STEEL LTD,BLUESCOPE STEEL LTD,NSW,MAJOR STEEL
NCI0080N,BLUESCOPE STEEL LTD,BLUESCOPE STEEL LTD,NSW,MAJOR STEEL
AU24124500,BMD WINES PTY LTD (SUBJECT TO DOCA),BMD WINES PTY LTD,SA,LIQUOR DISTRIBUTORS
AU-57961,BMG MET-ALL PTY LTD,BMG MET-ALL PTY LTD,VIC,PLUMBING
TW-10195,BNE PLASTER CO PTY LTD,BNE PLASTER CO PTY LTD,QLD,BUILDING / HARDWARE
NCI8881N,BONDI KITCHENS PTY LTD,BONDI KITCHENS PTY LTD,NSW,BUILDING / HARDWARE
T100917,BONEDA PTY LTD,BONEDA PTY. LIMITED,QLD,FURNITURE / FLOORS
NCI2060Q,BONEDA PTY. LIMITED,BONEDA PTY. LIMITED,QLD,FURNITURE / FLOORS
NCI4348V,BONNEY ENERGY VICTORIA PTY LTD,BONNEY ENERGY VICTORIA PTY LTD,TAS,FUEL DISTRIBUTORS
NZ25033500,BOOSTER WINES LIMITED,BOOSTER WINES LIMITED,,LIQUOR DISTRIBUTORS
C250335Z00,BOOSTER WINES LIMITED / CAP,BOOSTER WINES LIMITED,,LIQUOR DISTRIBUTORS
AU-92530,BORUN TRADING CORPORATION PTY LTD,STILCON HOLDINGS PTY LTD,VIC,MISCELLANEOUS
947021,BOSCH REXROTH PTY LTD,"BSH, ROBERT BOSCH AUST., BOSCH SECURITY SYSTEMS + BOSCH REXROTH",NSW,WHITEGOODS / ELECTRICAL
NCI6036V,BOSOAR WINDOW PTY LTD,BOSOAR STONE (VIC) PTY LTD,VIC,BUILDING / HARDWARE
UA00008,BOSOAR WINDOW PTY LTD,BOSOAR STONE (VIC) PTY LTD,VIC,MANUFACTURING
NCI2346V,BOSS PLASTER PRODUCTS (AUST) PTY LTD,BOSS PLASTER PRODUCTS (AUST) PTY LTD,VIC,BUILDING / PLASTAMASTA
349879,BOSS PLASTER PRODUCTS (AUST) PTY LTD,BOSS PLASTER PRODUCTS (AUST) PTY LTD,VIC,PLASTER
NCI5820V,BOSWEN (AUST) PTY LTD,BOSWEN (AUST) PTY LTD,VIC,BUILDING / HARDWARE
10438,BOULDER WALL CONSTRUCTIONS PTY LTD,BOULDER WALL CONSTRUCTIONS PTY LTD,QLD,BUILDING / HARDWARE
AU-56567,BOULDER WALL CONSTRUCTIONS PTY LTD,BOULDER WALL CONSTRUCTIONS PTY LTD,QLD,BUILDING / HARDWARE
AU-51499,BOWEN & POMEROY PROPRIETARY LIMITED,BOWEN & POMEROY PTY LTD,QLD,TIMBER
AU-48180,BOWEN & POMEROY PROPRIETARY LIMITED,BOWEN & POMEROY PTY LTD,VIC,TIMBER
AU-48179,BOWEN & POMEROY PTY LTD,BOWEN & POMEROY PTY LTD,VIC,BUILDING / HARDWARE
AU-88620,BOWERMANS PTY LIMITED,HARVEY NORMAN COMMERCIAL GROUP,NSW,FURNITURE / FLOORS
NCI7210S,BOWHILL ENGINEERING PTY LTD,BOWHILL ENGINEERING PTY LTD,SA,ENGINEERING
828900,BOYSENBERRIES NEW ZEALAND LIMITED,BOYSENBERRIES NEW ZEALAND LIMITED,,EXPORT
UA00064,BPC CLADDING PTY LTD,BPC CLADDING PTY LTD,VIC,BUILDING / HARDWARE
TW-11311,BPH (WA) PTY LTD,BPH (WA) PTY LTD,WA,TRANSPORT
1026966,BPH BRANCATELLA PLANT HIRE PTY LTD,BPH BRANCATELLA PLANT HIRE PTY LTD,QLD,TRANSPORT
NCI8914Q,BRACKENS FIELD MAINTENANCE PTY LTD,BRACKENS FIELD MAINTENANCE PTY LTD,QLD,VEHICLE REPAIRERS
814739,BRADCO (QLD) PTY LTD,BRADCO (QLD) PTY LTD,QLD,MANUFACTURING
NCI7747S,BRADEAN PTY LTD,BRADEAN PTY LTD,SA,FURNITURE / FLOORS
NCI7561Q,BRADLEY CONSTRUCTIONS PTY LTD,BRADLEY CONSTRUCTIONS PTY LTD,VIC,BUILDING / HARDWARE
847535,BRADNAM'S WINDOWS AND DOORS PTY. LTD.,BRADNAM'S WINDOWS AND DOORS PTY. LTD.,QLD,BUILDING / HARDWARE
NCI6795Q,BRADNAM'S WINDOWS AND DOORS PTY. LTD.,BRADNAM'S WINDOWS AND DOORS PTY. LTD.,QLD,BUILDING / HARDWARE
627296,BRAHMAN COMMODITIES PTY LTD,BRAHMAN COMMODITIES PTY LTD,NSW,AGRICULTURE
NCI8233V,BRANCHED NATIONAL LOGISTICS PTY LTD,BRANCHED NATIONAL LOGISTICS PTY LTD,VIC,FREIGHT FORWARDERS
TW-10759,BRAND M.O PTY LTD,BRAND M.O PTY LTD,SA,ADVERTISING
NCI8862N,BRANDE GROUP PTY LTD,BRANDE GROUP PTY LTD,NSW,CLOTHING / TEXTILE
AU26151700,BRANDE GROUP PTY LTD,BRANDE GROUP PTY LTD,NSW,CLOTHING / TEXTILE
NCI8601V,BRAR TRADING COMPANY PTY LTD,BRAR TRADING COMPANY PTY LTD,VIC,BUILDING / HARDWARE
AU26150900,BRAR TRADING COMPANY PTY LTD,BRAR TRADING COMPANY PTY LTD,VIC,BUILDING / HARDWARE
10247,BRASTIN ROOFING PTY LTD,BRASTIN ROOFING PTY LTD,QLD,BUILDING / HARDWARE
NCI5194Q,BRASTIN ROOFING PTY LTD,BRASTIN ROOFING PTY LTD,QLD,BUILDING / HARDWARE
TW-00683,BRASTIN ROOFING PTY LTD,BRASTIN ROOFING PTY LTD,QLD,BUILDING / HARDWARE
674334,BRAVO FOODS PTY LTD,BRAVO FOODS PTY LTD,NSW,FOOD / PROVISIONS
SR100224,BRAZCO INTERNATIONAL PTY LTD,BRAZCO INTERNATIONAL PTY LTD,QLD,RETAIL
NCI4406Q,BRAZCO INTERNATIONAL PTY LTD,BRAZCO INTERNATIONAL PTY LTD,QLD,RETAIL
TW-00915,BRAZCO INTERNATIONAL PTY LTD,BRAZCO INTERNATIONAL PTY LTD,QLD,RETAIL
NCI8036W,BRE-ENGINEERING PTY LTD,BRE-ENGINEERING PTY LTD,WA,MANUFACTURING
NZ15004000,BREMCA HOLDINGS LIMITED,BREMCA HOLDINGS LIMITED,NZL,ELECTRICAL
NCI8267V,BREMCO ELECTRICAL PTY LTD,BREMCO ELECTRICAL PTY LTD,VIC,BUILDING / HARDWARE
NCI6787Z,BREMWORTH CARPETS AND RUGS LIMITED,BREMWORTH CARPETS AND RUGS LIMITED,NZL,CARPETS
NZ24031700,BREMWORTH CARPETS AND RUGS LIMITED,BREMWORTH CARPETS AND RUGS LIMITED,,CARPETS
AU24131200,BREMWORTH PTY LTD,BREMWORTH CARPETS AND RUGS LIMITED,NSW,CARPETS
NCI2986N,BREMWORTH PTY LTD,BREMWORTH CARPETS AND RUGS LIMITED,NSW,CARPETS
NCI2723Q,BRETTS PTY LIMITED,BRETTS PTY LTD,QLD,BUILDING / HARDWARE
1255394,BRETTS PTY LTD,BRETTS PTY LTD,QLD,BUILDING / HARDWARE
NCI4267Q,BREXPORT PTY. LTD.,BREXPORT PTY. LTD.,QLD,TIMBER
AU-67560,BREZAC CONSTRUCTIONS PTY. LTD.,BREZAC CONSTRUCTIONS PTY. LTD.,QLD,BUILDING / HARDWARE
NCI8926V,BRIDGMAN METAL SERVICES PTY LTD,BRIDGMAN METAL SERVICES PTY LTD,VIC,OTHER STEEL
143080,BRIDGNORTH ALUMINIUM LIMITED,BRIDGNORTH ALUMINIUM LIMITED,,MAJOR STEEL
5967/1,BRIDGNORTH ALUMINIUM LIMITED,BRIDGNORTH ALUMINIUM LIMITED,,MAJOR STEEL
CA9PT8686D,BRIDGNORTH ALUMINIUM LIMITED,BRIDGNORTH ALUMINIUM LIMITED,,MAJOR STEEL
NCI7972V,BRIEF ACCESS PTY LTD,BRIEF ACCESS PTY LTD,VIC,BUILDING / HARDWARE
NCI8874N,BRIGGS VENEERS PTY LTD,BRIGGS VENEERS PTY LTD,NSW,TIMBER
1225019,BRIGHTER SIGNS LTD,BRIGHTER SIGNS LTD,,MISCELLANEOUS
T106104,BRIGHTWAY WINDOWS AND DOORS PTY LTD,BRIGHTWAY WINDOWS AND DOORS PTY LTD,VIC,BUILDING / HARDWARE
935417,BRISBANE ALARM MONITORING SECURITY SERVICES PTY LTD,BRISBANE ALARM MONITORING SECURITY SERVICES PTY LTD,QLD,ELECTRICAL
NCI2450Q,BRISBANE METAL MARKET PTY LTD,BRISBANE METAL MARKET PTY LTD,QLD,OTHER STEEL
UA00091,BRISBANE PLASTER COMMERCIAL PTY LTD,BRISBANE PLASTER COMMERCIAL PTY LTD,QLD,BUILDING / HARDWARE
730888,BROADLAND HAMS (NORFOLK) LTD,BROADLAND HAMS (NORFOLK) LIMITED,,FOOD / PROVISIONS
NZ25034400,BROADSTEER LIMITED,BROADSTEER LIMITED,,ASSOCIATED EXPORT
C250344Z00,BROADSTEER LIMITED / CAP,BROADSTEER LIMITED,,ASSOCIATED EXPORT
161964301,BROOKES BACON LTD,BROOKES BACON LTD,,FOOD / PROVISIONS
7152819,BROOKFIELD FARM (DORSET) LIMITED,BROOKFIELD FARM (DORSET) LIMITED,,FOOD / PROVISIONS
1188379,BROOKFIELD FARM (DORSET) LIMITED,BROOKFIELD FARM (DORSET) LIMITED,,FOOD / PROVISIONS
NCI7520V,BROVIN PTY LTD,BROVIN PTY LTD,VIC,FURNITURE / FLOORS
NCI5548V,BROWN & WATSON INTERNATIONAL PTY. LIMITED,BROWN & WATSON INTERNATIONAL PTY. LIMITED,VIC,AUTOMOTIVE
117625,BROWN BROTHERS MILAWA VINEYARD PTY LTD,BROWN BROTHERS MILAWA VINEYARD PTY LTD,VIC,LIQUOR DISTRIBUTORS
NCI7726W,BRUBEST FINANCE AUSTRALIA PTY LTD,BRUBEST FINANCE AUSTRALIA PTY LTD,WA,FINANCE
NCI8974V,BRW ELEC INDUSTRIES PTY LTD,BRW ELEC INDUSTRIES PTY LTD,VIC,ELECTRICAL
UA00251,BRW ELEC INDUSTRIES PTY LTD,BRW ELEC INDUSTRIES PTY LTD,VIC,ELECTRICAL
NCI8993N,BSG COMMERCIAL PTY LTD,BSG COMMERCIAL PTY LTD,NSW,BUILDING / HARDWARE
AU-101977,BSG COMMERCIAL PTY LTD,BSG COMMERCIAL PTY LTD,NSW,BUILDING / HARDWARE
930168,BSH HOME APPLIANCES LIMITED,"BSH, ROBERT BOSCH AUST., BOSCH SECURITY SYSTEMS + BOSCH REXROTH",,WHITEGOODS / ELECTRICAL
1187890,BSH HOME APPLIANCES PTY LTD,"BSH, ROBERT BOSCH AUST., BOSCH SECURITY SYSTEMS + BOSCH REXROTH",VIC,WHITEGOODS / ELECTRICAL
930167,BSH HOME APPLIANCES PTY LTD,"BSH, ROBERT BOSCH AUST., BOSCH SECURITY SYSTEMS + BOSCH REXROTH",VIC,WHITEGOODS / ELECTRICAL
NCI7061W,BSL AUSTRALIA PTY LTD,BSL AUSTRALIA PTY LTD,WA,EQUIPMENT HIRE
1140272,BSL AUSTRALIA PTY LTD,BSL AUSTRALIA PTY LTD,WA,EQUIPMENT HIRE
NCI7820W,BSL NZ PTY LIMITED,BSL AUSTRALIA PTY LTD,,EQUIPMENT HIRE
NCI8360V,BSP ENGINEERING PTY LTD,DRILLCUT PTY LTD,VIC,ENGINEERING
NCI5262Q,BSR FRANCHISING PTY LTD,BSR FRANCHISING PTY LTD,QLD,ELECTRICAL
NCI6756Q,BSR FRANCHISING PTY LTD,BSR FRANCHISING PTY LTD,QLD,ELECTRICAL
921422,BSR FRANCHISING PTY LTD,BSR FRANCHISING PTY LTD,QLD,ELECTRICAL
1099871,BUDCARL PTY. LIMITED,BUDCARL PTY. LIMITED,QLD,PLASTER
NCI2635Q,BUDCARL PTY. LIMITED,BUDCARL PTY. LIMITED,QLD,BUILDING / HARDWARE
NCI8682S,BUILD CLEAN ADELAIDE PTY LTD,BUILD CLEAN ADELAIDE PTY LTD,SA,LABOUR HIRE
AU25143800,BUILD CLEAN ADELAIDE PTY LTD,BUILD CLEAN ADELAIDE PTY LTD,SA,LABOUR HIRE
NCI7800N,BUILDING & INDUSTRIAL SUPPLIES GROUP PTY LIMITED,METAL MANUFACTURES PTY LIMITED,VIC,ELECTRICAL
NCI4868Q,BUILDING MATERIAL SUPPLIES PTY LTD,BUILDING MATERIAL SUPPLIES PTY LTD,QLD,BUILDING / HARDWARE
799159,BUILDING MATERIAL SUPPLIES PTY LTD,BUILDING MATERIAL SUPPLIES PTY LTD,QLD,BUILDING / HARDWARE
1137002,BUILDING SUPPLIES GROUP HOLDINGS LIMITED,CARTERS BUILDING SUPPLIES LIMITED,,TIMBER
1476294,BUILDLINK GROUP LIMITED,BUILDLINK GROUP LIMITED,,BUILDING / HARDWARE
NZ-73439,BUILDLINK GROUP LIMITED,BUILDLINK GROUP LIMITED,,BUILDING / HARDWARE
AU-99142,BUILDMAT TRADE PTY LTD,BUILDMAT TRADE PTY LTD,VIC,BUILDING / HARDWARE
270339,BUITELAAR PRODUCTION LIMITED,BUITELAAR PRODUCTION LIMITED,,AGRICULTURE
NCI8860N,BUK (AUST) PTY LTD,BUK (AUST) PTY LTD,NSW,BUILDING / HARDWARE
TW-11610,BUK (AUST) PTY LTD,BUK (AUST) PTY LTD,NSW,BUILDING / HARDWARE
AU25141400,BULK TRANSPORT SOLUTIONS PTY. LIMITED,BULK TRANSPORT SOLUTIONS PTY. LIMITED,NSW,TRANSPORT
NCI5770W,BULLANT SECURITY PTY LTD,BULLANT SECURITY PTY LTD,WA,MISCELLANEOUS
AU23114700,BUNDABERG BREWED DRINKS PTY LTD,BUNDABERG BREWED DRINKS PTY LTD,QLD,FOOD / PROVISIONS
C231147A00,BUNDABERG BREWED DRINKS PTY LTD / CAP,BUNDABERG BREWED DRINKS PTY LTD,QLD,FOOD / PROVISIONS
530881,BUNGLE TRADING PTY LTD,BUNGLE TRADING PTY LTD,VIC,FOOD / PROVISIONS
AU-68692,BUONTEMPO ENTERPRISES PTY. LTD.,BUONTEMPO ENTERPRISES PTY. LTD.,VIC,FOOD / PROVISIONS
AU24130700,BURGE FAMILY WINE ESTATES PTY LTD,BURGE FAMILY WINE ESTATES PTY LTD,SA,LIQUOR DISTRIBUTORS
NCI8435S,BUSINESS & LEISURE TRAVEL PTY LTD (1000 MILE TRAVEL GROUP),1000 MILE TRAVEL GROUP PTY LTD,SA,MISCELLANEOUS
699728,BUSISOFT AV PTY LTD,BUSISOFT AV PTY LTD,VIC,ELECTRONICS
NCI8719W,BUSS ROOF PLUMBING & CARPENTRY PTY LTD,BUSS ROOF PLUMBING & CARPENTRY PTY LTD,WA,BUILDING / HARDWARE
T107102,BUSS ROOF PLUMBING & CARPENTRY PTY LTD,BUSS ROOF PLUMBING & CARPENTRY PTY LTD,WA,BUILDING / HARDWARE
AU-58785,BUTTERFIELDS SERVICES (AUST) PTY LTD,BUTTERFIELDS SERVICES (AUST) PTY LTD,SA,AIRCONDITIONING
243276501,BUTTERFLY POULTRY LTD,BUTTERFLY POULTRY LTD,,FOOD / PROVISIONS
NCI1374S,BUYRIGHT PTY LTD,BUYRIGHT PTY LTD,SA,BUILDING / HARDWARE
AU-57705,BUYRIGHT PTY LTD,BUYRIGHT PTY LTD,SA,BUILDING / HARDWARE
NCIBYRNEVINEY,BYRNE VINEYARDS PTY LTD,BYRNE VINEYARDS PTY LTD,SA,LIQUOR DISTRIBUTORS
AU26154300,BYRNE VINEYARDS PTY LTD,BYRNE VINEYARDS PTY LTD,SA,LIQUOR DISTRIBUTORS
NCI8917Q,C & P LININGS PTY LTD,C & P LININGS PTY LTD,QLD,BUILDING / HARDWARE
19109800,C J UPTON & SONS LTD,C J UPTON & SONS LTD,,OTHER STEEL
NCI2973Z,C R KENNEDY (NZ) LIMITED,C R KENNEDY (NZ) LIMITED,NZL,ELECTRICAL
433178,C R KENNEDY (NZ) LIMITED,C R KENNEDY (NZ) LIMITED,NZL,ELECTRONICS
AU-50510,C T LABOUR HIRE PTY LTD,C T LABOUR HIRE PTY LTD,QLD,LABOUR HIRE
NCI8738N,C-LITE ARCHITECTURAL WINDOWS PTY LTD,C-LITE ARCHITECTURAL WINDOWS PTY LTD,NSW,BUILDING / HARDWARE
AU-98827,C-LITE ARCHITECTURAL WINDOWS PTY LTD,C-LITE ARCHITECTURAL WINDOWS PTY LTD,NSW,BUILDING / HARDWARE
880623,C.A.S.F. AUSTRALIA PTY LTD,C A S F AUSTRALIA PTY LTD,NSW,BUILDING / HARDWARE
NCI8168V,C.T. STEEL SUPPLIES PTY LTD,C.T. STEEL SUPPLIES PTY LTD,VIC,BUILDING / HARDWARE
NCI8935W,C&S DRAINAGE CONTRACTORS PTY LTD,C&S DRAINAGE CONTRACTORS PTY LTD,WA,PLUMBING
AU-92376,CABLEWISE ELECTRICAL & COMMUNICATIONS PTY LTD,CABLEWISE ELECTRICAL & COMMUNICATIONS PTY LTD,WA,ELECTRICAL
NCI4153W,CABLEWISE ELECTRICAL & COMMUNICATIONS PTY LTD,CABLEWISE ELECTRICAL & COMMUNICATIONS PTY LTD,WA,ELECTRICAL
NCI5422Z,CABTEC LIMITED,CABTEC LIMITED,,BUILDING / HARDWARE
NZ18017100,CABTEC LIMITED,CABTEC LIMITED,,BUILDING / HARDWARE
1160621,CADDY INDUSTRIAL SALES PTY LTD,CADDY INDUSTRIAL SALES PTY LTD,WA,BUILDING / HARDWARE
NCI4119Q,CADEFORD PTY LTD,CADEFORD PTY LTD,QLD,FURNITURE / FLOORS
AU-58046,CADEFORD PTY LTD,CADEFORD PTY LTD,QLD,FURNITURE / FLOORS
278527901,CAFFIA COFFEE GROUP LIMITED,CAFFIA COFFEE GROUP LIMITED,,MISCELLANEOUS
TW-09448,CAIRNS FENCING SERVICES PTY LTD,CAIRNS FENCING SERVICES PTY LTD,QLD,BUILDING / HARDWARE
1359307,CALM MEDIA INVESTMENTS PCC LIMITED,CALM MEDIA INVESTMENTS PCC LIMITED,,ADVERTISING
NCI6752Z,CAMBRIDGE EXCAVATORS LTD,CAMBRIDGE EXCAVATORS LTD,,BUILDING / HARDWARE
NZ-45216,CAMBRIDGE FARMS (NZ) LTD,CAMBRIDGE FARMS (NZ) LTD,,FOOD / PROVISIONS
AU-84362,CAMBRIDGE SUPERSTORE PTY LIMITED,HARVEY NORMAN COMMERCIAL GROUP,TAS,RETAIL
NCI4343T,CAMBRIDGE SUPERSTORE PTY LIMITED,HARVEY NORMAN COMMERCIAL GROUP,TAS,WHITEGOODS / ELECTRICAL
T105379,CAMPBELL SIGNATURE GROUP PTY LTD,CAMPBELL SIGNATURE GROUP PTY LTD,QLD,BUILDING / HARDWARE
NCI8884N,CAN-WELD CONTRACTING PTY. LIMITED,CAN-WELD CONTRACTING PTY. LIMITED,ACT,BUILDING / HARDWARE
NCI6774N,CANBERRA BUILDING SUPPLIES PTY LTD,CANBERRA BUILDING SUPPLIES PTY LTD,ACT,BUILDING / HARDWARE
NCI7060V,CANNATREK MEDICAL PTY LTD,CANNATREK MEDICAL PTY LTD,VIC,MANUFACTURING
TW-10850,CANNIM GROUP PTY LTD (ADMINISTRATORS APPOINTED),CANNIM GROUP PTY LTD (ADMINISTRATORS APPOINTED),NSW,MISCELLANEOUS
NCI7045Q,CANNON LOGISTICS PTY LTD,CANNON LOGISTICS PTY LTD,QLD,TRANSPORT
AU22099400,CANNON LOGISTICS PTY LTD,CANNON LOGISTICS PTY LTD,QLD,TRANSPORT
C26A5390,CANOPY MEDIA MANAGEMENT LIMITED,CANOPY MEDIA MANAGEMENT LIMITED,,ADVERTISING
NZ21026400,CANTERBURY DRIED FOODS LIMITED,CANTERBURY DRIED FOODS LIMITED,,FOOD / PROVISIONS
C210264Z00,CANTERBURY DRIED FOODS LIMITED / CAP,CANTERBURY DRIED FOODS LIMITED,,FOOD / PROVISIONS
NZ-99493,CANTERBURY PRENAIL LIMITED,CANTERBURY PRENAIL LIMITED,,BUILDING / HARDWARE
NCI8689N,CAPEX GROUP PTY LTD,CAPEX GROUP PTY LTD,NSW,PLUMBING
10166,CAPRAL LIMITED,CAPRAL LIMITED,QLD,MANUFACTURING
NCI4412Q,CAPRAL LIMITED,CAPRAL LIMITED,QLD,MANUFACTURING
AU-47933,CAPRAL LIMITED,CAPRAL LIMITED,QLD,MANUFACTURING
1115235,CAPRICORN BULK HAULAGE PTY LTD,CAPRICORN BULK HAULAGE PTY LTD,QLD,TRANSPORT
657443,CARBROOK HAULAGE PTY LTD,CARBROOK HAULAGE PTY LTD,QLD,TRANSPORT
NCI6685V,CARDINIA REAL ESTATE PTY LTD,OMNICOM,VIC,ADVERTISING
NCI1954Q,CARPET CALL (HOLDINGS) PTY. LTD.,CARPET CALL (HOLDINGS) PTY. LTD.,QLD,CARPETS
AU-48478,CARPET CALL (HOLDINGS) PTY. LTD.,CARPET CALL (HOLDINGS) PTY. LTD.,QLD,BUILDING / HARDWARE
1144318,CARPET COURT AUSTRALIA LTD,CARPET COURT AUSTRALIA LTD,VIC,CARPETS
NCI6928V,CARPET WORLD (PAKENHAM) PTY LTD,CARPET WORLD (PAKENHAM) PTY LTD,VIC,CARPETS
NCI7525V,CARPETS GALORE (VIC) PTY LTD,CARPETS GALORE (VIC) PTY LTD,VIC,FURNITURE / FLOORS
NCI5288V,CARRIER AUSTRALIA PTY LTD,CARRIER AUSTRALIA PTY LTD,VIC,AIRCONDITIONING
NCI3051N,CARROLLS WHOLESALE TIMBER PTY LTD,CARROLLS WHOLESALE TIMBER PTY LTD,NSW,TIMBER
AU-47733,CARROLLS WHOLESALE TIMBER PTY LTD,CARROLLS WHOLESALE TIMBER PTY LTD,NSW,TIMBER
AU25135800,CARSBURG EARTHMOVING PTY LTD,CARSBURG EARTHMOVING PTY LTD,QLD,BUILDING / HARDWARE
NCI8790Q,CARTELLA SERVICES PTY LTD,CARTELLA SERVICES PTY LTD,QLD,BUILDING / HARDWARE
AU-94298,CARTELLA SERVICES PTY LTD,CARTELLA SERVICES PTY LTD,QLD,BUILDING / HARDWARE
NCI8939V,CARTER HOLT HARVEY BUILDING PRODUCTS PTY LIMITED,CARTERS BUILDING SUPPLIES LIMITED,VIC,TIMBER
NCI6226W,CARTER ROOFING & SLATING PTY LTD,CARTER ROOFING & SLATING PTY LTD,WA,BUILDING / HARDWARE
1115562,CARTERS BUILDING SUPPLIES LIMITED,CARTERS BUILDING SUPPLIES LIMITED,,BUILDING / HARDWARE
NCI8633V,CASA LOGISTICS GROUP PTY LTD,CASA LOGISTICS GROUP PTY LTD,VIC,TRANSPORT
NCI8765W,CASAIR PTY LTD,CASAIR PTY LTD,WA,TRANSPORT
AU25146200,CASAIR PTY LTD,CASAIR PTY LTD,WA,TRANSPORT
NCI5677S,CASH FACTOR PTY LTD,CASH FACTOR PTY LTD,SA,FINANCE
NCI8574W,CASL CONSTRUCTION PTY LTD,CASL CONSTRUCTION PTY LTD,WA,BUILDING / HARDWARE
NCI4609V,CASTELLA GROUP PTY LTD,CASTELLA GROUP PTY LTD,VIC,EQUIPMENT HIRE
1318381-1,CASTLE CONSTRUCTION SUPPLIES PTY LTD,CASTLE CONSTRUCTION SUPPLIES PTY LTD,ACT,BUILDING / HARDWARE
P110019609,CASTLE HILL MEATS LIMITED,CASTLE HILL MEATS LIMITED,,FOOD / PROVISIONS
NCI2470V,CASTLEGATE JAMES AUSTRALASIA PTY LTD,CASTLEGATE JAMES AUSTRALASIA PTY LTD,VIC,AGRICULTURE
299421,CASTLEGATE JAMES AUSTRALASIA PTY LTD,CASTLEGATE JAMES AUSTRALASIA PTY LTD,VIC,AGRICULTURE
431209,CASTLEWOOD FAMILY HOLDINGS PTY LTD,CASTLEWOOD FAMILY HOLDINGS PTY LTD,NSW,MANUFACTURING
NCI6016S,CAVRENT PTY LTD,CAVRENT PTY LTD,SA,EQUIPMENT HIRE
AU22095600,CAVRENT PTY LTD,CAVRENT PTY LTD,SA,EQUIPMENT HIRE
NZ26034900,CAYTHORPE FARM LIMITED,CAYTHORPE FARM LIMITED,,AGRICULTURE
T102921,CB AIR CONDITIONING PTY LTD,CB AIR CONDITIONING PTY LTD,VIC,AIRCONDITIONING
954767,CB ENERGY PTY LTD,CB ENERGY PTY LTD,QLD,ELECTRICAL
AU24121500,CBS PRINT GROUP PTY LIMITED,CBS PRINT GROUP PTY LIMITED,NSW,ADVERTISING
1270022,CCR GROUP PTY LTD,CCR GROUP PTY LTD,WA,BUILDING / HARDWARE
NCI4610W,CEDAR WEST PTY LTD,CEDAR WEST PTY LTD,WA,ADVERTISING
AU15022400,CEDAR WEST PTY LTD,CEDAR WEST PTY LTD,WA,MANUFACTURING
NZ-97306,CEDEX STEEL AND METALS LTD,CEDEX STEEL AND METALS LTD,,BUILDING / HARDWARE
834771,CELLNET GROUP LTD,CELLNET GROUP,QLD,COMPUTERS / ELECTRONICS
TW-05132,CELMAC PTY LTD,CELMAC PTY LTD,VIC,ELECTRONICS
NCI2943V,CELMEC INTERNATIONAL PTY. LTD.,CELMEC INTERNATIONAL PTY LTD,VIC,AIRCONDITIONING
1241639,CEMIX PRODUCTS LIMITED,CEMIX PRODUCTS LIMITED,,BUILDING / HARDWARE
NCI2850Q,CENTRAL ENGINEERING PTY LTD,CENTRAL ENGINEERING PTY LTD,QLD,ENGINEERING
NCI8847V,CENTRAL TIMBER 10 PTY LTD,TOTAL TOOLS & HARDWARE GROUP,VIC,FURNITURE / FLOORS
TW-06642,CENTRAL TIMBER 10 PTY LTD,TOTAL TOOLS & HARDWARE GROUP,VIC,FURNITURE / FLOORS
187110,CENTRE COM SUNSHINE PTY LTD,CENTRE COM SUNSHINE PTY LTD,VIC,ELECTRONICS
AU14005500,CENTRE STATE EXPORTS PTY LTD,CENTRE STATE EXPORTS PTY LTD,SA,AGRICULTURE
879053,CENTREPOINT PLUMBING PTY LTD,CENTREPOINT PLUMBING PTY LTD,QLD,PLUMBING
NCI7073W,CENTURION FRAMING SYSTEMS PTY LTD,CENTURION GARAGE DOORS PTY LTD,WA,MANUFACTURING
AU-93297,CENTURION FRAMING SYSTEMS PTY LTD,CENTURION GARAGE DOORS PTY LTD,WA,OTHER STEEL
AU-88465,CENTURION GARAGE DOORS PTY LTD,CENTURION GARAGE DOORS PTY LTD,WA,MANUFACTURING
NCI1216W,CENTURION GARAGE DOORS PTY LTD,CENTURION GARAGE DOORS PTY LTD,WA,MANUFACTURING
NCI7801S,CENTURY PRODUCTS (S.A.) PROPRIETARY LIMITED,CENTURY PRODUCTS (S.A.) PROPRIETARY LIMITED,SA,ENGINEERING
NCI8090N,CERTECH PTY LTD,CERTECH PTY LTD,NSW,COMPUTERS / ELECTRONICS
UA00242,CESANA PTY LTD,CESANA PTY LTD,ACT,BUILDING / HARDWARE
189095,CEVA (AIR AND OCEAN) AUSTRALIA PTY LTD,CEVA (AIR AND OCEAN) AUSTRALIA PTY LTD,NSW,FREIGHT FORWARDERS
652756,CEVA (AIR AND OCEAN) NEW ZEALAND LIMITED,CEVA (AIR AND OCEAN) AUSTRALIA PTY LTD,,FREIGHT FORWARDERS
GA2605380,CEVA ANIMAL HEALTH MALAYSIA SDN BHD,CEVA ANIMAL HEALTH MALAYSIA SDN BHD,,MISCELLANEOUS
NCI6763V,CHAIR SOLUTIONS VIC PTY LTD,CHAIR SOLUTIONS VIC PTY LTD,VIC,RETAIL
AU25143900,CHAIR SOLUTIONS VIC PTY LTD,CHAIR SOLUTIONS VIC PTY LTD,VIC,MISCELLANEOUS
NCI1937V,CHALLENGER UNITED PTY LTD,CHALLENGER UNITED PTY LTD,VIC,MANUFACTURING
UA00171,CHALLENGER UNITED PTY LTD,CHALLENGER UNITED PTY LTD,VIC,BUILDING / HARDWARE
AU-97330,CHAMBERLAIN AUSTRALIA PTY LTD,CHAMBERLAIN AUSTRALIA PTY LTD,NSW,BUILDING / HARDWARE
AU20074000,CHANDLER RECRUITMENT SERVICES PTY LTD,CHANDLER RECRUITMENT SERVICES PTY LTD,VIC,EMPLOYMENT AGENCIES
AU22095800,CHAPERONE HOLDINGS PTY LTD,CHAPERONE HOLDINGS PTY LTD,NSW,ADVERTISING
NCI0886Q,CHARLES PORTER & SONS PTY LTD,CHARLES PORTER & SONS PTY LTD,QLD,BUILDING / HARDWARE
AU-46564,CHARLES PORTER & SONS PTY LTD,CHARLES PORTER & SONS PTY LTD,QLD,BUILDING / HARDWARE
NCI7114V,CHARTERS PAPER PTY LTD,CHARTERS PAPER PTY LTD,VIC,PAPER / PRINTING / STATIONERY
WP56001011,CHE PROXIMITY PTY LTD,OMNICOM,VIC,ADVERTISING
NCI0121V,CHE PROXIMITY PTY LTD,OMNICOM,VIC,ADVERTISING
NCI7333N,CHECKPOINT GROUP PTY LTD,CHECKPOINT GROUP PTY LTD,NSW,BUILDING / HARDWARE
AU-46533,CHEMSUPPLY AUSTRALIA PTY LTD,CHEMSUPPLY AUSTRALIA PTY LTD,SA,CHEMICALS
NCI2278S,CHEMSUPPLY AUSTRALIA PTY LTD,CHEMSUPPLY AUSTRALIA PTY LTD,SA,CHEMICALS
AU-94088,CHERGAR DEVELOPMENTS PTY LTD,CHERGAR DEVELOPMENTS PTY LTD,SA,BUILDING / HARDWARE
NCI4182Q,CHEVRON AUSTRALIA DOWNSTREAM FUELS PTY LTD,CHEVRON AUSTRALIA DOWNSTREAM FUELS PTY LTD,QLD,FUEL DISTRIBUTORS
NCI6279Q,CHILLIN AIR CONDITIONING PTY LTD,CHILLIN LABS PTY LTD,QLD,AIRCONDITIONING
NCI6195V,CHOBANI PTY LTD,CHOBANI PTY LTD,VIC,FOOD / PROVISIONS
NCI6103V,CHS BROADBENT PTY LTD,CHS BROADBENT PTY LTD,VIC,AGRICULTURE
688382,CHS BROADBENT PTY LTD,CHS BROADBENT PTY LTD,VIC,MISCELLANEOUS
AU-88926,CIE CERAMICS (NSW) PTY LTD,CIE CERAMICS (NSW) PTY LTD,NSW,MISCELLANEOUS
AU24126000,CITI-STEEL PTY LTD,CITI-STEEL PTY LTD,QLD,MAJOR STEEL
NCI2929Q,CITI-STEEL PTY LTD,CITI-STEEL PTY LTD,QLD,OTHER STEEL
NCI7540V,CITY CIRCLE DEMOLITION & EXCAVATION PTY. LTD.,CITY CIRCLE DEMOLITION & EXCAVATION PTY. LTD.,VIC,BUILDING / HARDWARE
NCI3011S,CITY CONCRETE PUMPING PTY LTD,CITY CONCRETE PUMPING PTY LTD,SA,BUILDING / HARDWARE
AU-46143,CITY CONCRETE PUMPING PTY LTD,CITY CONCRETE PUMPING PTY LTD,SA,BUILDING / HARDWARE
NCI8892N,CITY PEOPLE SOLUTIONS PTY LTD,CITY PEOPLE SOLUTIONS PTY LTD,NSW,COMPUTERS / ELECTRONICS
AU-47379,CITY TIMBER PTY. LTD.,CITY TIMBER PTY. LTD.,VIC,TIMBER
NCI8757V,CITY TO COAST CONSTRUCTIONS (VIC) PTY LTD,CITY TO COAST CONSTRUCTIONS (VIC) PTY LTD,VIC,BUILDING / HARDWARE
1439619,CITY TO COAST CONSTRUCTIONS (VIC) PTY LTD,CITY TO COAST CONSTRUCTIONS (VIC) PTY LTD,VIC,MANUFACTURING
NCI8861V,CITY WATCH SECURITY (AUST) PTY LTD,CITYWATCH SECURITY (AUST) PTY LTD,VIC,MISCELLANEOUS
AU-75552,CITY WATCH SECURITY (AUST) PTY LTD,CITYWATCH SECURITY (AUST) PTY LTD,VIC,LABOUR HIRE
NCI5085N,CITYGREEN SYSTEMS PTY LTD,CITYGREEN SYSTEMS PTY LTD,NSW,BUILDING / HARDWARE
AU17053000,CITYGREEN SYSTEMS PTY LTD,CITYGREEN SYSTEMS PTY LTD,NSW,BUILDING / HARDWARE
NCI4296Q,CIVFORCE TRAFFIC MANAGEMENT PTY LTD,CIVFORCE TRAFFIC MANAGEMENT PTY LTD,QLD,TRANSPORT
611756,CIVFORCE TRAFFIC MANAGEMENT PTY LTD,CIVFORCE TRAFFIC MANAGEMENT PTY LTD,QLD,TRANSPORT
TW-08127,CIVIFLEET PTY. LTD.,CIVIFLEET PTY. LTD.,VIC,EQUIPMENT HIRE
AU24122500,CIVIHIRE PTY LTD,CIVIHIRE PTY LTD,SA,EQUIPMENT HIRE
T105510,CIVIL & MARINE PTY. LTD.,CIVIL & MARINE PTY. LTD.,QLD,LANDSCAPING
NCI8134W,CIVIL PRODUCTS WA PTY LTD,CIVIL PRODUCTS WA PTY LTD,WA,MISCELLANEOUS
AU24121000,CIVIL PRODUCTS WA PTY LTD,CIVIL PRODUCTS WA PTY LTD,WA,MISCELLANEOUS
AU25142000,CIVILPIPES PTY LTD,CIVILPIPES PTY LTD,QLD,BUILDING / HARDWARE
NCI8292N,CIVION CONSTRUCTION PTY LTD,CIVION CONSTRUCTION PTY LTD,ACT,BUILDING / HARDWARE
AU-87602,CL COMMODITIES PTY LTD,CL COMMODITIES PTY LTD,NSW,AGRICULTURE
NCI7493S,CLARE QUARRY PTY. LTD.,CLARE QUARRY PTY. LTD.,SA,BUILDING / HARDWARE
T106971,CLARK WINDOWS TASMANIA PTY LTD,CLARK WINDOWS TASMANIA PTY LTD,TAS,BUILDING / HARDWARE
NCI5061V,CLASS PLASTICS PTY LTD,CLASS PLASTICS PTY LTD,VIC,PLASTICS
NCI4611V,CLASSIC ARCHITECTURAL GROUP PTY LTD,CLASSIC ARCHITECTURAL GROUP PTY LTD,VIC,BUILDING / HARDWARE
TW-11876,CLASSIC CONTRACTORS PTY LTD,CLASSIC CONTRACTORS PTY LTD,WA,BUILDING / HARDWARE
NCI6167Z,CLEANLINE DISTRIBUTORS LIMITED,CLEANLINE DISTRIBUTORS LIMITED,,CLOTHING / TEXTILE
NZ20024200,CLEANLINE DISTRIBUTORS LIMITED,CLEANLINE DISTRIBUTORS LIMITED,,CLOTHING / TEXTILE
NCI8916Q,CLEARPRO CONSTRUCTION WATER SOLUTIONS PTY LTD,CLEARPRO CONSTRUCTION WATER SOLUTIONS PTY LTD,QLD,PLUMBING
NCI3971V,CLEMENGER ADVERTISING PTY LTD,OMNICOM,VIC,ADVERTISING
WP56001017,CLEMENGER ADVERTISING PTY LTD,OMNICOM,VIC,ADVERTISING
NCI0125V,CLEMENGER BBDO PTY LTD,OMNICOM,VIC,ADVERTISING
WP56001015,CLEMENGER BBDO PTY LTD,OMNICOM,VIC,ADVERTISING
C560010A00,CLEMENGER BBDO PTY LTD / CAP,OMNICOM,VIC,ADVERTISING
WP56027012,CLEMENGER UNLTD LIMITED,OMNICOM,,ADVERTISING
NCI0429Z,CLEMENGER UNLTD LIMITED,OMNICOM,,ADVERTISING
1256618-1,CLENNETT HIRE PTY LTD,CLENNETT HIRE PTY LTD,VIC,EQUIPMENT HIRE
AU-97217,CLIMAT TC (VIC) PTY LTD,ONLINE AIR PTY. LTD.,VIC,AIRCONDITIONING
354228,CLIMATE TECHNOLOGIES PTY LTD,CLIMATE TECHNOLOGIES PTY LTD,SA,AIRCONDITIONING
NCI5172V,CLIMATE-CONTROL INSULATION CO PTY LTD,CLIMATE-CONTROL INSULATION CO PTY LTD,VIC,BUILDING / HARDWARE
TW-04711,CLLCL GROUP PTY LTD,CLLCL GROUP PTY LTD,WA,MANUFACTURING
225740201,CLOSE BROTHERS VEHICLE HIRE LIMITED,CLOSE BROTHERS VEHICLE HIRE LIMITED,,AUTOMOTIVE
568604,CLOUDY BAY VINEYARDS LIMITED,MOET HENNESSY AUSTRALIA PTY LIMITED,,LIQUOR DISTRIBUTORS
AU23116200,CLYDE GROUP AUSTRALIA PTY LTD,CLYDE GROUP AUSTRALIA PTY LTD,NSW,BUILDING / HARDWARE
AU21092900,CMACTIVE PTY LTD,CMACTIVE PTY LTD,NSW,FOOD / PROVISIONS
NCI8223Z,CMT GROUP NZ LIMITED,CMT GROUP NZ LIMITED,,BUILDING / HARDWARE
NCI4972V,CMTP PTY LTD,CMTP PTY LTD,VIC,MANUFACTURING
NCI7929V,CMW-BVA VALVES PTY. LTD,CMW-BVA VALVES PTY. LTD.,VIC,MANUFACTURING
10150,CNW PTY LTD,CNW PTY LTD,QLD,ELECTRICAL
AU-46867,CNW PTY LTD,CNW PTY LTD,QLD,ELECTRICAL
NCI0802Q,CNW PTY LTD,CNW PTY LTD,QLD,ELECTRICAL
NCI7563Q,COAST 2 COAST EARTHMOVING PTY LTD,COAST 2 COAST EARTHMOVING PTY LTD,QLD,LANDSCAPING
1390607-1,COAST 2 COAST EARTHMOVING PTY LTD,COAST 2 COAST EARTHMOVING PTY LTD,QLD,BUILDING / HARDWARE
NCI6054W,COASTLINE KITCHENS (WA) PTY. LTD.,COASTLINE KITCHENS (WA) PTY. LTD.,WA,BUILDING / HARDWARE
NCI2014S,CODAN LIMITED,CODAN LTD,SA,TELECOMMUNICATIONS
AU-74954,COLBROS ELECTRICAL CONTRACTING PTY LTD,COLBROS ELECTRICAL CONTRACTING PTY LTD,NSW,ELECTRICAL
1286905,COLDCHOICE FOODS LIMITED,COLDCHOICE FOODS LIMITED,,FOOD / PROVISIONS
NCI7448V,COLDFLOW MECHANICAL PTY LTD,COLDFLOW MECHANICAL PTY LTD,VIC,AIRCONDITIONING
AU-45253,COLDFLOW MECHANICAL PTY LTD,COLDFLOW MECHANICAL PTY LTD,VIC,AIRCONDITIONING
NCI8759Q,COLDSHIELD GROUP PTY LTD,COLDSHIELD GROUP PTY LTD,QLD,BUILDING / HARDWARE
AU-82577,COLDSHIELD GROUP PTY LTD,COLDSHIELD GROUP PTY LTD,QLD,BUILDING / HARDWARE
NCI4264Q,COLEMAN GOLF PTY LTD,COLEMAN GOLF PTY LTD,QLD,MANUFACTURING
1278160-1,COLEMAN GOLF PTY LTD,COLEMAN GOLF PTY LTD,QLD,MANUFACTURING
NCI0131Z,COLENSO BBDO LTD,OMNICOM,NZ,ADVERTISING
WP56027014,COLENSO BBDO LTD,OMNICOM,,ADVERTISING
NCI8590W,COLLAR CARE GROUP PTY LTD,MASS RESOURCES PTY LTD,WA,LABOUR HIRE
AU25138400,COLLAR CARE GROUP PTY LTD,MASS RESOURCES PTY LTD,WA,LABOUR HIRE
NZ24030900,COLLECTIVE DISTRIBUTION LIMITED,COLLECTIVE DISTRIBUTION LIMITED,,RETAIL
NCI6794Q,COLLECTIVE INTERIORS PTY LTD,COLLECTIVE INTERIORS PTY LTD,QLD,BUILDING / HARDWARE
1455624-1,COLLECTIVE INTERIORS PTY LTD,COLLECTIVE INTERIORS PTY LTD,QLD,BUILDING / HARDWARE
292225201,COLLINS DEBDEN LIMITED,COLLINS DEBDEN LIMITED,,PAPER / PRINTING / STATIONERY
1146703,COLLINS DEBDEN PTY LTD,COLLINS DEBDEN PTY LTD,NSW,MANUFACTURING
AU21090100,COLLINSON'S VACUUM PACKAGING PTY LTD,COLLINSON'S VACUUM PACKAGING PTY LTD,VIC,MANUFACTURING
NCI8969N,COMMANDEX PTY LIMITED,COMMANDEX PTY LIMITED,NSW,
AU-50963,COMMANDEX PTY LIMITED,COMMANDEX PTY LIMITED,NSW,BUILDING / HARDWARE
NCI5825S,COMMERCIAL & GENERAL HIRE PTY LTD,COMMERCIAL & GENERAL HIRE PTY LTD,SA,BUILDING / HARDWARE
TW-09147,COMMERCIAL & GENERAL HIRE PTY LTD,COMMERCIAL & GENERAL HIRE PTY LTD,SA,BUILDING / HARDWARE
NZ24031500,COMMERCIAL UTILITIES LIMITED,COMMERCIAL UTILITIES LIMITED,NZ,ENERGY
1158464,COMPLEMENTARY MEDICINES GROUP PTY LIMITED,COMPLEMENTARY MEDICINES GROUP PTY LIMITED,NSW,MISCELLANEOUS
NCI7479Q,COMPLETE AIR SUPPLY PTY LTD,BEIJER REF HOLDINGS AUSTRALIA PTY LTD,QLD,AIRCONDITIONING
AU-93290,COMPLETE AIR SUPPLY PTY LTD,BEIJER REF HOLDINGS AUSTRALIA PTY LTD,QLD,WHITEGOODS / ELECTRICAL
NCI8922W,COMPLETE CORROSION CONTROL PTY LTD,COMPLETE CORROSION CONTROL PTY LTD,WA,BUILDING / HARDWARE
NCI2924N,COMPLETE RECRUITMENT SOLUTIONS PTY LIMITED,COMPLETE RECRUITMENT SOLUTIONS PTY LIMITED,NSW,EMPLOYMENT AGENCIES
TW-05464,COMPLETE SUPPLY CO (AUST) PTY LTD,COMPLETE SUPPLY CO (AUST) PTY LTD,VIC,BUILDING / HARDWARE
NCI6722V,COMPLIANT BUILDING MATERIALS AUSTRALASIA PTY LTD,COMPLIANT BUILDING MATERIALS AUSTRALASIA PTY LTD,VIC,BUILDING / HARDWARE
T104653,COMPLIANT BUILDING MATERIALS AUSTRALASIA PTY LTD,COMPLIANT BUILDING MATERIALS AUSTRALASIA PTY LTD,VIC,BUILDING / HARDWARE
NCI6288Q,CONCEPT ENVIRONMENTAL SERVICES PTY LTD,CONCEPT ENVIRONMENTAL SERVICES PTY LTD,QLD,BUILDING / HARDWARE
NCI7362W,CONCEPT FLOORING PTY LTD,CONCEPT FLOORING PTY LTD (AS TRUSTEE FOR JEFFERY FAMILY TRUST),WA,BUILDING / HARDWARE
NZ-93190,CONCRETE MANAGEMENT LIMITED,CONCRETE MANAGEMENT LIMITED,,BUILDING / HARDWARE
1367884-1,CONCRETING MELBOURNE PTY LTD,CONCRETING MELBOURNE PTY LTD,VIC,BUILDING / HARDWARE
NCI2478N,CONDESA PTY LTD,CONDESA PTY LTD,NSW,MISCELLANEOUS
AU26152900,CONDESA PTY LTD,CONDESA PTY LTD,NSW,FOOD / PROVISIONS
195341,CONDRA NO.13. PTY. LTD. & CONDRA NO.14. PTY. LTD.,CONDRA NO.13. PTY. LTD. & CONDRA NO.14. PTY. LTD.,QLD,TIMBER
1346344-1,CONDUIT SUPPLIES PTY LTD,CONDUIT SUPPLIES PTY LTD,QLD,BUILDING / HARDWARE
NCI8306Q,CONEXSON PTY LTD,INSELEC GROUP PTY LTD,QLD,LABOUR HIRE
AU24124100,CONEXSON PTY LTD,INSELEC GROUP PTY LTD,QLD,LABOUR HIRE
1366059-1,CONFOIL PTY. LIMITED,CONFOIL PTY. LIMITED,VIC,MISCELLANEOUS
1219084,CONKEL PTY. LTD.,CONKEL PTY. LTD.,QLD,LANDSCAPING
NCI8473W,CONNECT RESOURCES PTY LTD,CONNECT RESOURCES PTY LTD,WA,LABOUR HIRE
AU25134300,CONNECT RESOURCES PTY LTD,CONNECT RESOURCES PTY LTD,WA,LABOUR HIRE
AU-99171,CONNEKT CONTRACTING PTY LTD,CONNEKT CONTRACTING PTY LTD,SA,PLUMBING
NCI6791W,CONQUEST CROP PROTECTION PTY LTD,CONQUEST CROP PROTECTION PTY LTD,WA,AGRICULTURE
T100685,CONSOLIDATED PANELS & VENEERS PTY LIMITED,CONSOLIDATED PANELS & VENEERS PTY LIMITED,NSW,MANUFACTURING
AU24129800,CONSOLIDATED TRAVEL PTY LTD,CONSOLIDATED TRAVEL PTY LTD,VIC,HOSPITALITY
NCI8629N,CONSTRUCTION CONTROL AUSTRALIA PTY LIMITED,CONSTRUCTION CONTROL AUSTRALIA PTY LIMITED,ACT,BUILDING / HARDWARE
AU-56646,CONSTRUCTION SPECIALTIES AUSTRALIA PTY LTD,CONSTRUCTION SPECIALTIES AUSTRALIA PTY LTD,NSW,BUILDING / HARDWARE
659805,CONTEXT ARCHITECTS LIMITED,CONTEXT ARCHITECTS LIMITED,,LANDSCAPING
NCI8469Z,CONTOUR INTERNATIONAL LIMITED,CONTOUR INTERNATIONAL LIMITED,,MANUFACTURING
NZ25032200,CONTOUR INTERNATIONAL LIMITED,CONTOUR INTERNATIONAL LIMITED,,MANUFACTURING
AU00033TRC,CONTRACT AND COMMERCIAL RESOURCES PTY LTD,CONTRACT AND COMMERCIAL RESOURCES PTY LTD,NSW,BUILDING / HARDWARE
NCI8243Q,CONTREX GROUP PTY LTD,CONTREX GROUP PTY LTD,QLD,BUILDING / HARDWARE
AU24125300,CONTREX GROUP PTY LTD,CONTREX GROUP PTY LTD,QLD,BUILDING / HARDWARE
NCI8598N,CONTROLLING POWER PTY LIMITED,CONTROLLING POWER PTY LIMITED,NSW,MANUFACTURING
AU-101781,CONTROLLING POWER PTY LIMITED,CONTROLLING POWER PTY LIMITED,NSW,MANUFACTURING
NCI8227Q,CONVEYOR BELT COMPANY PTY LTD,DALBY GENERAL STEEL PTY LTD,QLD,OTHER STEEL
WP34300018,COOKSON PRECIOUS METALS LIMITED,COOKSON PRECIOUS METALS LIMITED,,MAJOR STEEL
NCI7115V,COOLIBAH HERBS PTY LTD,COOLIBAH HERBS PTY LTD,VIC,FOOD / PROVISIONS
719183,COOLIBAH HERBS PTY LTD,COOLIBAH HERBS PTY LTD,VIC,AGRICULTURE
NCI2095W,COOLING BROS. GLASS COMPANY PTY LTD,COOLING BROS. GLASS COMPANY PTY LTD,WA,BUILDING / HARDWARE
AU26154400,COOLTIMES SERVICES PTY LTD,COOLTIMES SERVICES PTY LTD,QLD,AIRCONDITIONING
1390302-1,COOPE-ELEC PTY LTD,COOPE-ELEC PTY LTD,QLD,ELECTRICAL
NCI2063S,COOPERS BREWERY LTD,COOPERS BREWERY LTD,SA,LIQUOR DISTRIBUTORS
613400,COOPERS BREWERY LTD,COOPERS BREWERY LTD,SA,LIQUOR DISTRIBUTORS
NCI8897N,CORD CIVIL PTY LTD,CORD CIVIL PTY LTD,ACT,BUILDING / HARDWARE
NCI4653W,CORE HOSPITALITY GROUP PTY LTD,CORE HOSPITALITY GROUP PTY LTD,WA,FURNITURE / FLOORS
AU15036401,CORE HOSPITALITY GROUP PTY LTD,CORE HOSPITALITY GROUP PTY LTD,WA,FURNITURE / FLOORS
AU19064200,CORE TALENT PTY LTD,CORE TALENT PTY LTD,NSW,LABOUR HIRE
281459001,CORECARE GLOBAL LTD,CORECARE GLOBAL LTD,,
NCI7869N,CORPORATE ALLIANCE PTY LTD,CORPORATE ALLIANCE PTY LTD,NSW,FINANCE
NCI2892Q,CORPORATE TRAVEL MANAGEMENT GROUP PTY LTD,CORPORATE TRAVEL MANAGEMENT GROUP PTY LTD,QLD,TRANSPORT
NCI8439N,CORPORATE TRAVEL TRADING COMPANY PTY LTD (1000 MILE TRAVEL GROUP),1000 MILE TRAVEL GROUP PTY LTD,NSW,MISCELLANEOUS
NCI8398N,CORPORATE X TRAVEL MANAGEMENT PTY LTD (1000 MILE TRAVEL GROUP),1000 MILE TRAVEL GROUP PTY LTD,NSW,MISCELLANEOUS
NCI8972V,CORRECT CAULKING PTY LTD,CORRECT CAULKING PTY LTD,VIC,BUILDING / HARDWARE
AU26153900,CORRECT CAULKING PTY LTD,CORRECT CAULKING PTY LTD,VIC,BUILDING / HARDWARE
NCI2403Q,CORRIDOR SANDS PTY LTD,NEUMANN ASSOCIATE COMPANIES PTY LTD,QLD,MAJOR STEEL
1285897,CORRIDOR SANDS PTY LTD,NEUMANN ASSOCIATE COMPANIES PTY LTD,QLD,MAJOR STEEL
AU22102700,COSAIR PRODUCTS PTY LIMITED,COSAIR PRODUCTS PTY LIMITED,NSW,AIRCONDITIONING
AU23109400,COSMIC GROUP SERVICES PTY LTD,COSMIC GROUP SERVICES PTY LTD,QLD,BUILDING / HARDWARE
AU-47173,COSTA'S BUILDERS MART PTY LTD,COSTA'S BUILDERS MART PTY LTD,VIC,BUILDING / HARDWARE
NCI8977V,COTTER FLOORS PROPRIETARY LIMITED,COTTER FLOORS PROPRIETARY LIMITED,VIC,BUILDING / HARDWARE
TW-08327,COTTER FLOORS PROPRIETARY LIMITED,COTTER FLOORS PROPRIETARY LIMITED,VIC,BUILDING / HARDWARE
NCI6678Q,COUNTRYWIDE METALS PTY LTD,COUNTRYWIDE METALS PTY LTD,QLD,OTHER STEEL
NCI4617V,CPH GROUP.COM.AU PTY LTD,CPH GROUP.COM.AU PTY LTD,VIC,MANUFACTURING
AU15025400,CPH GROUP.COM.AU PTY LTD,CPH GROUP.COM.AU PTY LTD,VIC,MANUFACTURING
NCI2386W,CPR ELECTRICAL SERVICE PTY LTD,CPR ELECTRICAL SERVICES PTY LTD,WA,ELECTRICAL
AU-57733,CPR ELECTRICAL SERVICE PTY LTD,CPR ELECTRICAL SERVICES PTY LTD,WA,ELECTRICAL
NCI8878N,CPS CONCRETE GROUP PTY LTD,CPS CONCRETE GROUP PTY LTD,ACT,BUILDING / HARDWARE
NZ26035200,CPV (NZ) LIMITED,CPV (NZ) LIMITED,,LIQUOR DISTRIBUTORS
AU-64427,CRA INTERNAL LININGS PTY LTD,CRA INTERNAL LININGS PTY LTD,QLD,PLASTER
1440039-1,CREADOR JOINERY PTY LTD,CREADOR JOINERY PTY LTD,VIC,BUILDING / HARDWARE
NCI1404N,CREATIVE ACTIVATION PTY LIMITED,OMNICOM,NSW,ADVERTISING
WP56001019,CREATIVE ACTIVATION PTY LIMITED,OMNICOM,NSW,ADVERTISING
1427920,CREATIVE LYNX LIMITED,CREATIVE LYNX LIMITED,,ADVERTISING
NCI8335Q,CREO CABINETS PTY LTD,CREO CABINETS PTY LTD,QLD,BUILDING / HARDWARE
NCI7149W,CRESTLAKE HOLDINGS PTY LTD,CRESTLAKE HOLDINGS PTY LTD,WA,BUILDING / HARDWARE
NCI6178Z,CRESTLINE FURNITURE SYSTEMS LIMITED,CRESTLINE FURNITURE SYSTEMS LIMITED,,FURNITURE / FLOORS
NZ20024100,CRESTLINE FURNITURE SYSTEMS LIMITED,CRESTLINE FURNITURE SYSTEMS LIMITED,,FURNITURE / FLOORS
664923,CRESTNUT PRODUCTS PTY LTD,CRESTNUT PRODUCTS PTY LTD,QLD,FOOD / PROVISIONS
NCI4618S,CRESTWARE INDUSTRIES PTY LTD,CRESTWARE INDUSTRIES PTY LTD,SA,BUILDING / HARDWARE
1258290-1,CRG CONSTRUCTIONS PTY LTD,CRG CONSTRUCTIONS PTY LTD,NSW,BUILDING / HARDWARE
NCI2940V,CROFTMINSTER PTY. LTD.,CROFTMINSTER PTY LTD,VIC,PAPER / PRINTING / STATIONERY
AU23117800,CROFTMINSTER PTY. LTD.,CROFTMINSTER PTY LTD,VIC,RETAIL
AU-74181,CROKER-CARROLL PTY LTD,M C CROKER PTY LTD,NSW,AGRICULTURE
1010464,CROMFORD PIPE HOLDINGS PTY LTD,CROMFORD PIPE HOLDINGS PTY LTD,NSW,BUILDING / HARDWARE
AU-101724,CROMPTON CONCEPTS PTY LTD,CROMPTON CONCEPTS PTY LTD,QLD,TRANSPORT
NZ26035100,CROWN BRANDS LIMITED,CROWN BRANDS LIMITED,,FOOD / PROVISIONS
NCI7517V,CRV INDUSTRIES PTY LTD,CRV INDUSTRIES PTY LTD,VIC,BUILDING / HARDWARE
NCI6240Z,CSI FOODS TRADING LIMITED,CSI FOODS TRADING LIMITED,,FREIGHT FORWARDERS
NZ20024400,CSI FOODS TRADING LIMITED,CSI FOODS TRADING LIMITED,,FOOD / PROVISIONS
C200244Z00,CSI FOODS TRADING LIMITED / CAP,CSI FOODS TRADING LIMITED,,FOOD / PROVISIONS
NCI1998N,CSR LIMITED,CSR LTD,NSW,BUILDING / HARDWARE
NCI8776V,CSS INTERNATIONAL GROUP PTY LTD,CSS INTERNATIONAL GROUP PTY LTD,VIC,BUILDING / HARDWARE
TW-04892,CTC ELECTRICAL PTY LTD,CTC ELECTRICAL PTY LTD,QLD,ELECTRICAL
AU-100258,CTR PACIFIC PTY LTD,CTR PACIFIC PTY LTD,ACT,BUILDING / HARDWARE
AU-48425,CULLEN STEEL FABRICATIONS PTY LIMITED,CULLEN STEEL FABRICATIONS PTY LTD,NSW,MAJOR STEEL
AU-47163,CURRIE GROUP PTY LTD,CURRIE GROUP PTY. LTD.,VIC,PAPER / PRINTING / STATIONERY
NCI8367Q,CURRUMBIN MINERALS PTY. LTD.,CURRUMBIN MINERALS PTY. LTD.,QLD,MINING
CUTHBE,CUTHBERTSON BROS. PTY. LTD.,CUTHBERTSON BROS. PTY. LTD.,TAS,AGRICULTURE
1224610,CUTTING CART PTY LTD,CUTTING CART PTY LTD,WA,FOOD / PROVISIONS
NCI8636N,CUTTING EDGES EQUIPMENT PARTS PTY LTD,CUTTING EDGES EQUIPMENT PARTS PTY LTD,NSW,MISCELLANEOUS
AU24125400,CUTTING EDGES EQUIPMENT PARTS PTY LTD,CUTTING EDGES EQUIPMENT PARTS PTY LTD,NSW,BUILDING / HARDWARE
AU-100747,CV SERVICES GROUP PTY LTD,CV SERVICES GROUP PTY LTD,QLD,ELECTRICAL
668444,CV SERVICES GROUP PTY LTD,CV SERVICES GROUP PTY LTD,QLD,ELECTRICAL
NCI4005Q,CV SERVICES GROUP PTY LTD,CV SERVICES GROUP PTY LTD,QLD,ELECTRICAL
NCI8970N,CXP DIRECT PTY LIMITED,COMMANDEX PTY LIMITED,NSW,
358341,D & E AIR CONDITIONING PTY LIMITED,D & E AIR CONDITIONING PTY LIMITED,VIC,AIRCONDITIONING
NCI4994Q,D & M PLANT HIRE PTY LTD,D & M PLANT HIRE PTY LTD,QLD,BUILDING / HARDWARE
NCI7859Q,D & R TARPS P/L,CONCEPT ENVIRONMENTAL SERVICES PTY LTD,QLD,BUILDING / HARDWARE
AU-74156,D A FIRE PROTECTION PTY LTD,D A FIRE PROTECTION PTY LTD,NSW,ENGINEERING
281044001,D H FOODS LTD,D H FOODS LTD,,FOOD / PROVISIONS
265548001,D LINE EISENWARE LIMITED,D LINE EISENWARE LIMITED,,BUILDING / HARDWARE
NCI8575S,D M K ENGINEERING PTY LTD,D M K ENGINEERING PTY LTD,SA,ENGINEERING
AU-96217,D M K ENGINEERING PTY LTD,D M K ENGINEERING PTY LTD,SA,ENGINEERING
C25B1810A,D W CLARK & SONS LIMITED,D W CLARK & SONS LIMITED,,TRANSPORT
597000,D-LINK INTERNATIONAL PTE LTD,D LINK AUSTRALIA PTY LTD,,COMPUTERS / ELECTRONICS
1252670-1,D. I. Y. TILES PTY. LTD.,D. I. Y. TILES PTY. LTD.,QLD,BUILDING / HARDWARE
1143252,D.A. GLOBAL LOGISTICS PTY LTD,D.A. GLOBAL LOGISTICS PTY LTD,NSW,FREIGHT FORWARDERS
NCI7188W,D'AMELIO STONE PTY LTD,D'AMELIO STONE PTY LTD,WA,BUILDING / HARDWARE
NCI8238Z,D3 DIGITAL LIMITED,D3 DIGITAL LIMITED,,ADVERTISING
NZ21026600,D3 DIGITAL LIMITED,D3 DIGITAL LIMITED,,ADVERTISING
NCI1999N,DAABON ORGANIC AUSTRALIA PTY LTD,DAABON ORGANIC AUSTRALIA PTY LTD,VIC,FOOD / PROVISIONS
36635,DAB PUMPS OCEANIA PTY LTD,DAB PUMPS OCEANIA PTY LTD,VIC,PLUMBING
657433,DABBAGH FOODS PTY LTD,DABBAGH FOODS PTY LTD,VIC,AGRICULTURE
1165497,DACC EUROPE LIMITED,DACC EUROPE LIMITED,,COMPUTERS / ELECTRONICS
NZ-61216,DAIKIN AIR CONDITIONING NEW ZEALAND LIMITED,DAIKIN AIR CONDITIONING NEW ZEALAND LIMITED,NZ,ACCOUNTING
SR100101,DAL MINING PTY LTD,DAL MINING PTY LTD,QLD,LABOUR HIRE
NCI8889N,DALABAM HOLDINGS PTY LIMITED,DALABAM HOLDINGS PTY LIMITED,NSW,OTHER STEEL
NCI4344Q,DALBY GENERAL STEEL PTY LTD,DALBY GENERAL STEEL PTY LTD,QLD,OTHER STEEL
AU26148900,DALBY GENERAL STEEL PTY LTD,DALBY GENERAL STEEL PTY LTD,QLD,OTHER STEEL
NCI2947Q,DALE & MEYERS OPERATIONS PTY LTD,DALE & MEYERS OPERATIONS PTY LTD,QLD,TIMBER
AU-64090,DALE & MEYERS OPERATIONS PTY LTD,DALE & MEYERS OPERATIONS PTY LTD,QLD,TIMBER
NCI7671W,DALWALLINU CONCRETE PTY LTD,DALWALLINU CONCRETE PTY LTD,WA,BUILDING / HARDWARE
C26A3690,DANIEL OWEN LIMITED,DANIEL OWEN LIMITED,,EMPLOYMENT AGENCIES
NCI8456N,DANLAID CFS PTY LTD,DANLAID CFS PTY LTD,NSW,BUILDING / HARDWARE
1363598-1,DANLAID CFS PTY LTD,DANLAID CFS PTY LTD,NSW,BUILDING / HARDWARE
NCI7374V,DANTERR PTY LTD,DANTERR PTY LTD,VIC,BUILDING / HARDWARE
AU22097800,DANTERR PTY LTD,DANTERR PTY LTD,VIC,BUILDING / HARDWARE
AU26151600,DARBY MORGAN HOLDINGS PTY LTD,DARBY MORGAN HOLDINGS PTY LTD,QLD,FOOD / PROVISIONS
AU-58255,DARRALL GIBSON & SONS PLASTERERS PTY LTD,DARRALL GIBSON & SONS PLASTERERS PTY LTD,NSW,PLASTER
NCI5421Q,DARRYL STARK ENGINEERING ENTERPRISES PTY LTD,DARRYL STARK ENGINEERING ENTERPRISES PTY LTD,QLD,ENGINEERING
897433,DARRYL STARK ENGINEERING ENTERPRISES PTY LTD,DARRYL STARK ENGINEERING ENTERPRISES PTY LTD,QLD,ENGINEERING
TW-03033,DATS PTY LTD,DATS PTY LTD,NSW,PAPER / PRINTING / STATIONERY
AU18059900,DAVID ILLING PASTURES PTY. LTD.,DAVID ILLING PASTURES PTY. LTD.,QLD,AGRICULTURE
NCI1331W,DAVID MOSS CORPORATION PTY LTD,DAVID MOSS CORPORATION PTY LTD,WA,MANUFACTURING
1143046,DAVID MOSS CORPORATION PTY LTD,DAVID MOSS CORPORATION PTY LTD,WA,MANUFACTURING
1442195-1,DAVNES PTY LTD,DAVNES PTY LTD,NSW,BUILDING / HARDWARE
NCI7654V,DAWBORN STEELS TRADING  PTY LTD,DAWBORN STEELS TRADING PTY LTD.,VIC,MAJOR STEEL
AU-86037,DAWBORN STEELS TRADING  PTY LTD,DAWBORN STEELS TRADING PTY LTD.,VIC,MAJOR STEEL
229805901,DAY LEWIS MEDICAL LIMITED,DAY LEWIS MEDICAL LIMITED,,MISCELLANEOUS
1395448-1,DC ROOFING CONTRACTORS SA PTY LTD,DC ROOFING CONTRACTORS SA PTY LTD,SA,BUILDING / HARDWARE
TW-11113,DCON PAINTING & SONS PTY LTD,DCON PAINTING & SONS PTY LTD,VIC,MISCELLANEOUS
NCI3975V,DDB MELBOURNE PTY LTD,OMNICOM,VIC,ADVERTISING
WP56001006,DDB MELBOURNE PTY LTD,OMNICOM,VIC,ADVERTISING
WP56001005,DDB WORLDWIDE PTY LTD,OMNICOM,NSW,ADVERTISING
NCI3976N,DDB WORLDWIDE PTY LTD,OMNICOM,NSW,ADVERTISING
MC06400003,DDT HOLDINGS (SG) PTE. LTD.,DDT HOLDINGS PTY LTD,,PAPER / PRINTING / STATIONERY
MC06400002,DDT HOLDINGS PTY LTD,DDT HOLDINGS PTY LTD,NSW,PAPER / PRINTING / STATIONERY
MC06400001,DDT HOLDINGS PTY LTD (AGRI POLICY),DDT HOLDINGS PTY LTD,NSW,AGRICULTURE
AU15013300,DEAN'S PTY. LTD.,DEAN'S PTY. LTD.,VIC,PAPER / PRINTING / STATIONERY
AU-97758,DEAN&BROOKE ENTERPRISES PTY LTD,DEAN&BROOKE ENTERPRISES PTY LTD,NSW,BUILDING / HARDWARE
NCI4204Q,DECINA BATHROOMWARE PTY LTD,DECINA BATHROOMWARE PTY LTD,QLD,BUILDING / HARDWARE
534854,DECINA BATHROOMWARE PTY LTD,DECINA BATHROOMWARE PTY LTD,QLD,BUILDING / HARDWARE
NCI8741N,DECONSAFE SOLUTIONS PTY LTD,DECONSAFE SOLUTIONS PTY LTD,NSW,CHEMICALS
AU25145100,DECONSAFE SOLUTIONS PTY LTD,DECONSAFE SOLUTIONS PTY LTD,NSW,CHEMICALS
NZ25034300,DEEP CREEK FRUITS NZ LP,DEEP CREEK FRUITS NZ LP,,FOOD / PROVISIONS
C250343Z00,DEEP CREEK FRUITS NZ LP / CAP,DEEP CREEK FRUITS NZ LP,,FOOD / PROVISIONS
NCI8378W,DEEP GREEN CORPORATION PTY LTD,DEEP GREEN CORPORATION PTY LTD,WA,LANDSCAPING
AU-82290,DEEP GREEN CORPORATION PTY LTD,DEEP GREEN CORPORATION PTY LTD,WA,LANDSCAPING
NCI8585S,DEFEND FIRE (SA) PTY LTD,DEFEND FIRE (SA) PTY LTD,SA,MISCELLANEOUS
L9083,DELAMODE BALTICS UAB,DELAMODE BALTICS UAB,,FREIGHT FORWARDERS
D0814,DELAMODE INTERNATIONAL LOGISTICS LTD,DELAMODE INTERNATIONAL LOGISTICS LTD,,FREIGHT FORWARDERS
1401604-1,DELNAS METAL ROOFING PTY LTD,DELNAS METAL ROOFING PTY LTD,ACT,BUILDING / HARDWARE
NCI8888N,DELTA 9 THERAPEUTICS PTY LTD,DELTA 9 THERAPEUTICS PTY LTD,QLD,MANUFACTURING
NCI7181N,DELTA SPECIALISED ENERGY PTY LTD,DELTA SPECIALISED ENERGY PTY LTD,NSW,FURNITURE / FLOORS
AU21089000,DELTA SPECIALISED ENERGY PTY LTD,DELTA SPECIALISED ENERGY PTY LTD,NSW,FUEL DISTRIBUTORS
682352,DELTATRADE INTERNATIONAL HONG KONG LTD.,DELTATRADE INTERNATIONAL HONG KONG LTD.,,MISCELLANEOUS
AU23115000,DELTEC GROUPS PTY LTD,DELTEC GROUPS PTY LTD,NSW,LABOUR HIRE
C231150A00,DELTEC GROUPS PTY LTD / CAP,DELTEC GROUPS PTY LTD,NSW,LABOUR HIRE
NCI8624V,DELUXE INTERIORS OZ PTY LTD,DELUXE INTERIORS OZ PTY LTD,VIC,BUILDING / HARDWARE
NCI4317V,DEMAR TIMBER AND HARDWARE PTY LTD,DEMAR TIMBER AND HARDWARE PTY LTD,VIC,TIMBER
AU-55142,DEMAR TIMBER AND HARDWARE PTY LTD,DEMAR TIMBER AND HARDWARE PTY LTD,VIC,TIMBER
NCI7086Z,DEMOCRACY LIMITED,DEMOCRACY LIMITED,,COMPUTERS
T104562,DEMOCRACY LIMITED,DEMOCRACY LIMITED,,CLOTHING / TEXTILE
469176,DENNIS TRADING PTY LTD,DENNIS TRADING PTY LTD,NSW,AGRICULTURE
AU21085501,DENO AUSTRALIA PTY LTD,DENO AUSTRALIA PTY LTD,SA,LIQUOR DISTRIBUTORS
1471781-1,DERAS ABADI CORPORATION SDN BHD,DERAS ABADI CORPORATION SDN BHD,,BUILDING / HARDWARE
TW-09882,DESIGN WINDOW SOLUTIONS PTY LTD,DESIGN WINDOW SOLUTIONS PTY LTD,VIC,BUILDING / HARDWARE
NCI5498S,DETMOLD AUSTRALIA SALES PTY LTD,DETMOLD HOLDINGS PTY LTD,SA,PLASTICS
W006700001,DETMOLD AUSTRALIA SALES PTY LTD,DETMOLD HOLDINGS PTY LTD,SA,PLASTICS
W006700005,DETMOLD MEDICAL PTY LTD,DETMOLD HOLDINGS PTY LTD,SA,PLASTICS
W006700003,DETMOLD NZ SALES LIMITED,DETMOLD HOLDINGS PTY LTD,,PLASTICS
NCI5724Z,DETMOLD NZ SALES LIMITED,DETMOLD HOLDINGS PTY LTD,,MANUFACTURING
W006700006,DETPAK (SHANGHAI) PACKAGING CO LTD,DETMOLD HOLDINGS PTY LTD,,PLASTICS
W006700004,DETPAK PACKAGING (PTE) LTD,DETMOLD HOLDINGS PTY LTD,,PLASTICS
AU23107800,DEVIL DOG PTY. LTD.,DEVIL DOG PTY. LTD.,WA,MANUFACTURING
NZ-101173,DEVON & PATTERSON FLOORING LIMITED,DEVON & PATTERSON FLOORING LIMITED,,BUILDING / HARDWARE
NCI4606W,DGA WINDOWS PTY LTD,DGA WINDOWS PTY LTD,WA,BUILDING / HARDWARE
AU16045801,DGA WINDOWS PTY LTD,DGA WINDOWS PTY LTD,WA,BUILDING / HARDWARE
NCI5036N,DHL SUPPLY CHAIN (AUSTRALIA) PTY LIMITED (ABBOTT & MENARINI),DHL SUPPLY CHAIN (AUSTRALIA) PTY LIMITED,NSW,FREIGHT FORWARDERS
NCI5037N,DHL SUPPLY CHAIN (AUSTRALIA) PTY LIMITED (MERZ),DHL SUPPLY CHAIN (AUSTRALIA) PTY LIMITED,NSW,FREIGHT FORWARDERS
AU-81518,DI TULLIO CONSTRUCTION GROUP PTY LTD,DI TULLIO CONSTRUCTION GROUP PTY LTD,QLD,BUILDING / HARDWARE
NCI7489W,DIAB ENGINEERING PTY LTD,DIAB ENGINEERING PTY LTD,WA,ENGINEERING
AU15025301,DIAB ENGINEERING PTY LTD,DIAB ENGINEERING PTY LTD,WA,ENGINEERING
NCI0765N,DIAGEO AUSTRALIA LIMITED,DIAGEO AUSTRALIA LIMITED,NSW,FOOD / PROVISIONS
NZ25032800,DIAMOND ADVERTISING LIMITED,DIAMOND ADVERTISING LTD,,ADVERTISING
T106617,DIAMOND PLUMBING MELBOURNE PTY LTD,DIAMOND PLUMBING MELBOURNE PTY LTD,VIC,PLUMBING
NCI7578Q,DIANMOND PTY LTD,DIANMOND PTY LTD,QLD,FURNITURE / FLOORS
NCI6714V,DIB AUSTRALIA PTY LTD,DIB AUSTRALIA PTY LTD,VIC,ELECTRONICS
AU25134400,DIECAST DISTRIBUTORS AUSTRALIA PTY LTD,DIECAST DISTRIBUTORS AUSTRALIA PTY LTD,QLD,RETAIL
NCI7883S,DIESEL GENERATOR PTY LTD,DIESEL GENERATOR PTY LTD,SA,MANUFACTURING
NCI8717Z,DIG AND FORM LIMITED,DIG AND FORM LIMITED,,BUILDING / HARDWARE
1220169,DIGGIT PLANT HIRE PTY LTD,DIGGIT PLANT HIRE PTY LTD,QLD,EQUIPMENT HIRE
T104323,DIGICOR PTY LTD,DIGICOR PTY LTD,VIC,COMPUTERS
NCI8923V,DILLON CONSTRUCTION FASTENERS PTY LTD,DILLON CONSTRUCTION FASTENERS PTY LTD,VIC,BUILDING / HARDWARE
1363996-1,DIMENSION STONE PTY LTD,DIMENSION STONE PTY LTD,VIC,BUILDING / HARDWARE
NCI7622Q,DIMMAK PTY LTD,DIMMAK PTY LTD,QLD,FURNITURE / FLOORS
1144512,DINDAS AUSTRALIA PTY LTD,DINDAS AUSTRALIA PTY LTD,VIC,TIMBER
640840,DIRECT FORCE PTY. LTD.,DIRECT FORCE PTY. LTD.,VIC,BUILDING / HARDWARE
NCI8517V,DIRECT STONE PTY LTD,DIRECT STONE PTY LTD,VIC,MANUFACTURING
AU-95076,DIRECT STONE PTY LTD,DIRECT STONE PTY LTD,VIC,MANUFACTURING
AU-58085,DIRECTED ELECTRONICS AUSTRALIA PTY LTD,DIRECTED ELECTRONICS AUSTRALIA PTY LTD,VIC,ELECTRONICS
NCI5529W,DIRECTIONS WORKFORCE SOLUTIONS INCORPORATED,DIRECTIONS WORKFORCE SOLUTIONS INCORPORATED,WA,EMPLOYMENT AGENCIES
NCI8502N,DISCOUNT BUILDING MATERIAL PTY LTD,DISCOUNT BUILDING MATERIAL PTY LTD,NSW,BUILDING / HARDWARE
1368652-1,DISCOUNT BUILDING MATERIAL PTY LTD,DISCOUNT BUILDING MATERIAL PTY LTD,NSW,BUILDING / HARDWARE
AU-53705,DISTINCT ALUMINIUM SOLUTIONS NSW PTY. LIMITED,DISTINCT ALUMINIUM SOLUTIONS NSW PTY. LIMITED,NSW,MANUFACTURING
NCI8548N,DISTINCTIVE SOLUTIONS AUSTRALIA PTY LTD,DISTINCTIVE SOLUTIONS AUSTRALIA PTY LTD,NSW,BUILDING / HARDWARE
1400072-1,DISTINCTIVE SOLUTIONS AUSTRALIA PTY LTD,DISTINCTIVE SOLUTIONS AUSTRALIA PTY LTD,NSW,BUILDING / HARDWARE
NCI8393N,DISTRIBUTION SOLUTIONS AUSTRALIA PTY LTD,DISTRIBUTION SOLUTIONS AUSTRALIA PTY LTD,NSW,FREIGHT FORWARDERS
AU24131900,DISTRIBUTION SOLUTIONS AUSTRALIA PTY LTD,DISTRIBUTION SOLUTIONS AUSTRALIA PTY LTD,NSW,FREIGHT FORWARDERS
AU-90926,DIVERSE CIVIL GROUP PTY LTD,DIVERSE CIVIL GROUP PTY LTD,SA,BUILDING / HARDWARE
AU-93661,DLC INTERIORS PTY LTD,DLC INTERIORS PTY LTD,NSW,BUILDING / HARDWARE
NCI8821V,DLZ GROUP PTY LTD,DLZ GROUP PTY LTD,VIC,AIRCONDITIONING
AU26149200,DLZ GROUP PTY LTD,DLZ GROUP PTY LTD,VIC,AIRCONDITIONING
570784,DOHERTY & GRAY LTD,DOHERTY & GRAY LTD,,FOOD / PROVISIONS
NCI8769V,DOLAN GROUP PTY LTD,DOLAN GROUP PTY LTD,VIC,HOSPITALITY
AU25147000,DOLAN GROUP PTY LTD,DOLAN GROUP PTY LTD,VIC,HOSPITALITY
292397,DOMAINE CHANDON AUSTRALIA PTY. LTD.,MOET HENNESSY AUSTRALIA PTY LIMITED,VIC,LIQUOR DISTRIBUTORS
NCI4361W,DOMESHELTER AUSTRALIA PTY LTD,DOMESHELTER AUSTRALIA PTY LTD,WA,MANUFACTURING
AU15021100,DOMESHELTER AUSTRALIA PTY LTD,DOMESHELTER AUSTRALIA PTY LTD,WA,MANUFACTURING
NZ-67386,DOMINION CARPET CO (CHRISTCHURCH) LIMITED,DOMINION CARPET CO (CHRISTCHURCH) LIMITED,,FURNITURE / FLOORS
NCI6123Q,DONALDSON GROUP PTY LTD,DONALDSON GROUP PTY LTD,QLD,RETAIL
AU20072901,DONALDSON GROUP PTY LTD,DONALDSON GROUP PTY LTD,QLD,RETAIL
1410493-1,DONFORD ENTERPRISES PTY LTD,DONFORD ENTERPRISES PTY LTD,WA,ENGINEERING
NCI4223V,DOOGOOD POWDER COATING PTY. LTD.,DOOGOOD POWDER COATING PTY. LTD.,VIC,BUILDING / HARDWARE
AU-83373,DOOGOOD POWDER COATING PTY. LTD.,DOOGOOD POWDER COATING PTY. LTD.,VIC,BUILDING / HARDWARE
AU-100244,DOOLAN COMPANY PTY LTD,DOOLAN COMPANY PTY LTD,NSW,PLUMBING
677051,DOOSAN ELECTRO-MATERIALS SINGAPORE PTE LTD,DOOSAN ELECTRO-MATERIALS SINGAPORE PTE LTD,,ELECTRONICS
WP36000015,DOREL AUSTRALIA PTY LTD,DOREL AUSTRALIA PTY LTD,VIC,MISCELLANEOUS
NCI8401V,DOWNEYS GROUP AUSTRALIA (VIC) PTY LTD,DOWNEYS GROUP AUSTRALIA (VIC) PTY LTD,VIC,BUILDING / HARDWARE
1350011-1,DOWNEYS GROUP AUSTRALIA (VIC) PTY LTD,DOWNEYS GROUP AUSTRALIA (VIC) PTY LTD,VIC,BUILDING / HARDWARE
NCI7254W,DOWSING GROUP PTY LTD,DOWSING GROUP PTY LTD,WA,MANUFACTURING
NCI8078N,DP CRANES PTY LTD,DP CRANES PTY LTD,NSW,BUILDING / HARDWARE
NCI4110V,DPA ENERGY PTY LTD,DPA ENERGY PTY LTD,VIC,SOLAR
638296,DPA ENERGY PTY LTD,DPA ENERGY PTY LTD,VIC,SOLAR
T101865,DRAGON PROJECT ENGINEERS PTY LTD,DRAGON PROJECT ENGINEERS PTY LTD,NSW,BUILDING / HARDWARE
DRAVUSPL,DRAVUS PTY LTD,DRAVUS PTY LTD,WA,MINING
TB-00753,DRILLCUT PTY LTD,DRILLCUT PTY LTD,VIC,ELECTRICAL
NCI4624V,DRILLCUT PTY LTD,DRILLCUT PTY LTD,VIC,BUILDING / HARDWARE
AU14002800,DRILLCUT PTY LTD,DRILLCUT PTY LTD,VIC,ELECTRICAL
NCI4974Q,DRILLFAST PTY LTD,DRILLFAST PTY LTD,QLD,BUILDING / HARDWARE
AU17050600,DRILLFAST PTY LTD,DRILLFAST PTY LTD,QLD,BUILDING / HARDWARE
NCI6868W,DRILLMECH PTY LTD,DRILLMECH PTY LTD,WA,ENGINEERING
NCI4216Q,DRIVER RECRUITMENT PTY LTD,DRIVER RECRUITMENT PTY LTD,QLD,LABOUR HIRE
632189,DRIVER RECRUITMENT PTY LTD,DRIVER RECRUITMENT PTY LTD,QLD,LABOUR HIRE
NCI7690Z,DRYTRO MANAGEMENT SERVICES LIMITED,DRYTRO MANAGEMENT SERVICES LIMITED,,BUILDING / HARDWARE
1066154,DRYTRO MANAGEMENT SERVICES LIMITED,DRYTRO MANAGEMENT SERVICES LIMITED,,BUILDING / HARDWARE
AU-84794,DS STRUCTURAL STEEL PTY LTD,DS STRUCTURAL STEEL PTY LTD,SA,OTHER STEEL
NCI5486V,DSR ENGINEERING PTY LTD,DSR ENGINEERING PTY LTD,VIC,ENGINEERING
NCI8932V,DSS HOLDINGS GROUP (AUST) PTY LTD,DSS HOLDINGS GROUP (AUST) PTY LTD,VIC,CHEMICALS
NCI5045S,DSTAL ELECTRICAL PTY LTD,DSTAL ELECTRICAL PTY LTD,SA,ELECTRICAL
NCI8115Q,DTG MECH SERVICES PTY LTD,DTG MECH SERVICES PTY LTD,QLD,AIRCONDITIONING
NCI7390N,DTS PLASTERBOARD LININGS PTY LTD,DTS PLASTERBOARD LININGS PTY LTD,NSW,PLASTER
NCI7712Q,DUCE PTY LTD,DUCE PTY LTD,QLD,BUILDING / HARDWARE
AU-50307,DUCE PTY LTD,DUCE PTY LTD,QLD,BUILDING / HARDWARE
1262608,DUNLOP DRYMIX LIMITED,CEMIX PRODUCTS LIMITED,,BUILDING / HARDWARE
1124386,DUNLOP TYRE AUSTRALIA PTY. LTD.,DUNLOP TYRE AUSTRALIA PTY. LTD.,NSW,VEHICLE / TYRES
522838,DUNNETT & JOHNSTON GROUP PTY LIMITED,DUNNETT & JOHNSTON GROUP PTY LIMITED,NSW,FOOD / PROVISIONS
NCI4230W,DUNNING INVESTMENTS PTY LTD,DUNNING INVESTMENTS PTY LTD,WA,FUEL DISTRIBUTORS
477824,DUNNING INVESTMENTS PTY LTD,DUNNING INVESTMENTS PTY LTD,WA,FUEL DISTRIBUTORS
296138301,DURA PUMP LTD,DURA PUMP LTD,,AIRCONDITIONING
NCI5489Q,DURATRAY NORTHSIDE QLD PTY LTD,DURATRAY NORTHSIDE QLD PTY LTD,QLD,VEHICLE / TYRES
AU18060700,DURATRAY NORTHSIDE QLD PTY LTD,DURATRAY NORTHSIDE QLD PTY LTD,QLD,AUTOMOTIVE
NCI4625Q,DURATRAY QUEENSLAND PTY LTD,DURATRAY QUEENSLAND PTY LTD,QLD,VEHICLE / TYRES
AU15014700,DURATRAY QUEENSLAND PTY LTD,DURATRAY QUEENSLAND PTY LTD,QLD,VEHICLE / TYRES
NCI1897N,DUROMER PRODUCTS PTY LIMITED,DUROMER PRODUCTS PTY LIMITED,NSW,CHEMICALS
AU24124000,DUSTY FABRICATIONS PTY LTD,DUSTY FABRICATIONS PTY LTD,NSW,BUILDING / HARDWARE
T107052,DV ELECTRICAL SERVICES PTY LTD,DV ELECTRICAL SERVICES PTY LTD,QLD,ELECTRICAL
739996,DV TRADING PTY LTD,DV TRADING PTY LTD,QLD,TELECOMMUNICATIONS
1418570-1,DYERS ROAD TIMBER LIMITED,DYERS ROAD TIMBER LIMITED,,BUILDING / HARDWARE
NCI5203Q,DYNA GROUP AUSTRALIA PTY LTD,DYNA GROUP AUSTRALIA PTY LTD,QLD,TIMBER
AU15032001,DYNA GROUP AUSTRALIA PTY LTD,DYNA GROUP AUSTRALIA PTY LTD,QLD,TIMBER
T103689,DYNAMIC CLOSURES (AUST) PTY. LTD.,DYNAMIC CLOSURES (AUST) PTY. LTD.,VIC,BUILDING / HARDWARE
AU-52570,DYNAMIC COMPOSITE TECHNOLOGIES PTY LTD,DYNAMIC COMPOSITE TECHNOLOGIES PTY LTD,NSW,MISCELLANEOUS
NCI1893Z,DYNAMIC CONTROLS,DYNAMIC CONTROLS,,COMPUTERS / ELECTRONICS
820611,E. & S. TRADING CO. (DISCOUNTS) PTY. LTD.,E. & S. TRADING CO. (DISCOUNTS) PTY. LTD.,VIC,WHITEGOODS / ELECTRICAL
NCI1841V,E. & S. TRADING CO. (DISCOUNTS) PTY. LTD.,E. & S. TRADING CO. (DISCOUNTS) PTY. LTD.,VIC,WHITEGOODS / ELECTRICAL
TW-04954,E. A. & S. PLASTER CO. PTY. LTD.,E. A. & S. PLASTER CO. PTY. LTD.,QLD,PLASTER
NCI7256V,E.E. MUIR & SONS PTY. LIMITED,E.E. MUIR & SONS PTY. LIMITED,VIC,AGRICULTURE
1389733-1,E6 FLOORING PTY LTD,E6 FLOORING PTY LTD,QLD,FURNITURE / FLOORS
AU-54403,EAGLE LIGHTING AUSTRALIA PTY LTD,EAGLE LIGHTING AUSTRALIA PTY LTD,VIC,ELECTRICAL
NCI2276W,EAGLE PETROLEUM (WA) PTY LTD,EAGLE PETROLEUM (WA) PTY LTD,WA,FUEL DISTRIBUTORS
AU-45845,EAGLE PETROLEUM (WA) PTY LTD,EAGLE PETROLEUM (WA) PTY LTD,WA,FUEL DISTRIBUTORS
NCI5319Q,EARLYPAY LTD,EARLYPAY LTD,NSW,FOOD / PROVISIONS
AU16042800,EARLYPAY LTD,EARLYPAY LTD,NSW,FINANCE
C160428A00,EARLYPAY LTD / CAP,EARLYPAY LTD,NSW,FINANCE
NCI6176W,EARTHTRACK GROUP PTY LTD,EARTHTRACK GROUP PTY LTD,WA,ELECTRICAL
AU20075300,EARTHTRACK GROUP PTY LTD,EARTHTRACK GROUP PTY LTD,WA,ELECTRICAL
916426,EASILIFT LOADING SYSTEMS LIMITED,EASILIFT LOADING SYSTEMS LIMITED,,BUILDING / HARDWARE
NCI2333Q,EAST COAST LUBES PTY LTD,EAST COAST LUBES PTY LTD,QLD,AUTOMOTIVE
303372,EAST COAST LUBES PTY LTD,EAST COAST LUBES PTY LTD,QLD,AUTOMOTIVE
NCI5751N,EAST COAST STOCKFEEDS PTY LTD,EAST COAST STOCKFEEDS PTY LTD,NSW,AGRICULTURE
535439,EAST COAST STOCKFEEDS PTY LTD,EAST COAST STOCKFEEDS PTY LTD,NSW,AGRICULTURE
NCI7583Q,EAST COAST TRAFFIC CONTROLLERS PTY LTD,EAST COAST TRAFFIC CONTROLLERS PTY LTD,QLD,LABOUR HIRE
AU-69876,EAST COAST TRAFFIC CONTROLLERS PTY LTD,EAST COAST TRAFFIC CONTROLLERS PTY LTD,QLD,LABOUR HIRE
AU22104000,EAST END MARKETING PTY LTD,EAST END MARKETING PTY LTD,SA,ADVERTISING
676062,EASTCOAST FREIGHT CONCEPTS PTY LTD,EASTCOAST FREIGHT CONCEPTS PTY LTD,QLD,FREIGHT FORWARDERS
NZ26035000,EASTLAND REFRIGERATION AND ELECTRICAL LIMITED,EASTLAND REFRIGERATION AND ELECTRICAL LIMITED,NZ,ELECTRICAL
NCI3024N,EATON & SONS PTY LTD,EATON & SONS PTY LTD,NSW,TIMBER
AU-47659,EATON & SONS PTY LTD,EATON & SONS PTY LTD,NSW,TIMBER
284448001,EBRINGTON (NI) LTD,EBRINGTON (NI) LTD,,EQUIPMENT HIRE
P120001361,EBURY LIMITED,EBURY LIMITED,,PAPER / PRINTING / STATIONERY
AU16043601,EC CARPETS PTY LTD,EC CARPETS PTY LTD,SA,CARPETS
NCI4626S,EC CARPETS PTY LTD,EC CARPETS PTY LTD,SA,CARPETS
NCI5709W,ECLIPSE SOILS PTY LTD,ECLIPSE SOILS PTY LTD,WA,MISCELLANEOUS
TW-04784,ECLIPSE SOILS PTY LTD,ECLIPSE SOILS PTY LTD,WA,MISCELLANEOUS
NCI7022S,ECO CONCRETE PTY LTD,ECO CONCRETE PTY LTD,SA,MANUFACTURING
AU-93686,ECO ECO WINDOWS & DOORS PTY LTD,ECO ECO WINDOWS & DOORS PTY LTD,VIC,FURNITURE / FLOORS
TW-07600,ECOGROUP PTY. LTD.,ECOGROUP PTY. LTD.,VIC,BUILDING / HARDWARE
ECOLIFESOL,ECOLIFE SOLUTIONS AUSTRALIA PTY LTD,ECOLIFE SOLUTIONS AUSTRALIA PTY LTD,QLD,BUILDING / HARDWARE
1459268,ECOLIFE SOLUTIONS PTY LTD,ECOLIFE SOLUTIONS PTY LTD,QLD,BUILDING / HARDWARE
NCI1031Q,ECOLIFE SOLUTIONS PTY LTD,ECOLIFE SOLUTIONS PTY LTD,QLD,BUILDING / HARDWARE
AU-49792,ECOLIFE SOLUTIONS PTY LTD,ECOLIFE SOLUTIONS PTY LTD,QLD,BUILDING / HARDWARE
SR100184,ECOLIFE SOLUTIONS PTY LTD,ECOLIFE SOLUTIONS PTY LTD,QLD,BUILDING / HARDWARE
AU-84573,ECONOMICAL ENGINEERING SERVICES AUSTRALIA PTY. LTD.,ECONOMICAL ENGINEERING SERVICES AUSTRALIA PTY. LTD.,VIC,ENGINEERING
NCI7334N,EDEN BRAE SERVICES PTY LTD,EDEN BRAE SERVICES PTY LTD,ACT,BUILDING / HARDWARE
NCI8912Q,EDWARDS LIVESTOCK EXPORTS PTY LTD & GLENFILLAN PTY LTD,EDWARDS LIVESTOCK EXPORTS PTY LTD & GLENFILLAN PTY LTD,QLD,AGRICULTURE
NCI4037V,EFM LOGISTICS PTY LTD,EFM LOGISTICS PTY LTD,VIC,TRANSPORT
1035042,EFM LOGISTICS PTY LTD,EFM LOGISTICS PTY LTD,VIC,TRANSPORT
NCI3979V,EG PLUS PTY LTD,OMNICOM,VIC,ADVERTISING
WP56001016,EG PLUS PTY LTD,OMNICOM,VIC,ADVERTISING
NCI4936V,EIGEN HOLDINGS PTY LTD,EIGEN HOLDINGS PTY LTD,VIC,MISCELLANEOUS
NZ21026800,EIGHTYONE MEDIA LIMITED,EIGHTYONE MEDIA LIMITED,,ADVERTISING
NCI5151V,EIRE WORKFORCE SOLUTIONS PTY. LTD.,EIRE WORKFORCE SOLUTIONS PTY. LTD.,VIC,LABOUR HIRE
1025756,EIRE WORKFORCE SOLUTIONS PTY. LTD.,EIRE WORKFORCE SOLUTIONS PTY. LTD.,VIC,LABOUR HIRE
1336367-1,EL DORADO CONTRACTORS PTY LTD,EL DORADO CONTRACTORS PTY LTD,VIC,MISCELLANEOUS
AU-46001,ELANTIS PREMIUM FUNDING LIMITED,ELANTIS PREMIUM FUNDING LIMITED,NSW,FINANCE
AU25140700,ELBOW VALLEY BEEF PTY LTD,ELBOW VALLEY BEEF PTY LTD,QLD,FOOD / PROVISIONS
NCI8979S,ELDERTON WINES PTY. LTD.,ELDERTON WINES PTY. LTD.,SA,LIQUOR DISTRIBUTORS
AU26154200,ELDERTON WINES PTY. LTD.,ELDERTON WINES PTY. LTD.,SA,LIQUOR DISTRIBUTORS
AU26149100,ELEC MECH SERVICES (SA) PTY LTD,ELEC MECH SERVICES (SA) PTY LTD,SA,ELECTRICAL
778240,ELECTRA-LOOM PTY LTD,ELECTRA-LOOM PTY LTD,NSW,MANUFACTURING
NCI7337W,ELECTRICAL AND AUTOMATED CONTROL SYSTEMS WA PTY LTD,ELECTRICAL AND AUTOMATED CONTROL SYSTEMS WA PTY LTD,WA,ELECTRICAL
AU21092700,ELECTRICAL AND AUTOMATED CONTROL SYSTEMS WA PTY LTD,ELECTRICAL AND AUTOMATED CONTROL SYSTEMS WA PTY LTD,WA,ELECTRICAL
NCI8883N,ELECTRICAL BEST PTY LTD,ELECTRICAL BEST PTY LTD,QLD,ELECTRICAL
AU-99033,ELECTRICAL WORKSHOP AUSTRALIA PTY LTD,ELECTRICAL WORKSHOP AUSTRALIA PTY LTD,QLD,ELECTRICAL
NCI8086N,ELECTRONIC SECURITY SALES PTY LIMITED,ELECTRONIC SECURITY SALES PTY LIMITED,NSW,ELECTRONICS
NCI8110Q,ELECTRORIG RENTALS (AUSTRALIA) PTY LTD,ELECTRORIG RENTALS (AUSTRALIA) PTY LTD,QLD,BUILDING / HARDWARE
AU24118800,ELECTRORIG RENTALS (AUSTRALIA) PTY LTD,ELECTRORIG RENTALS (AUSTRALIA) PTY LTD,QLD,BUILDING / HARDWARE
NCI6692W,ELECTROTECHNOLOGY TRAINING INSTITUTE LIMITED,ELECTROTECHNOLOGY TRAINING INSTITUTE LIMITED,WA,ELECTRICAL
NCI2118Q,ELEVAR PTY LTD,ELEVAR PTY LTD,QLD,MANUFACTURING
NCI8644Q,ELITE ACCESS SOLUTIONS PTY LTD,ELITE ACCESS SOLUTIONS PTY LTD,QLD,BUILDING / HARDWARE
1283610-1,ELITE ACCESS SOLUTIONS PTY LTD,ELITE ACCESS SOLUTIONS PTY LTD,QLD,BUILDING / HARDWARE
AU-89340,ELITE BRICKLAYING SERVICES PTY LTD,ELITE BRICKLAYING SERVICES PTY LTD,ACT,BUILDING / HARDWARE
AU-83909,ELITE MECHANICAL SOLUTIONS (VIC) PTY LTD,ELITE MECHANICAL SOLUTIONS (VIC) PTY LTD,VIC,AIRCONDITIONING
AU25138100,ELLICO GROUP PTY LTD,ELLICO GROUP PTY LTD,QLD,LABOUR HIRE
NCI7519V,ELLJACK PTY LTD,ELLJACK PTY LTD,TAS,FURNITURE / FLOORS
816853,ELOF HANSSON (AUSTRALIA) PTY LTD,ELOF HANSSON (AUSTRALIA) PTY LTD,NSW,PAPER / PRINTING / STATIONERY
NCI4629V,ELTECH AUSTRALIA PTY LTD,ELTECH AUSTRALIA PTY LTD,VIC,ELECTRONICS
AU18059800,ELTECH AUSTRALIA PTY LTD,ELTECH AUSTRALIA PTY LTD,VIC,ELECTRONICS
NCI7847V,ELTHAM STEEL PTY LTD,ELTHAM STEEL PTY LTD,VIC,OTHER STEEL
T106518,ELTHAM STEEL PTY LTD,ELTHAM STEEL PTY LTD,VIC,OTHER STEEL
NCI2254V,ELTON GROUP PTY LTD,ELTON GROUP PTY LTD,VIC,TIMBER
1215719,ELTON GROUP PTY LTD,ELTON GROUP PTY LTD,VIC,TIMBER
AU24129000,ELZO ELEVATORS AND ELECTRICAL PTY LTD,ELZO ELEVATORS AND ELECTRICAL PTY LTD,VIC,ELECTRICAL
AU-46128,EMBELTON LTD,EMBELTON LIMITED,VIC,MANUFACTURING
NZ15003000,EMBROIDERY WORKS LIMITED,EMBROIDERY WORKS LIMITED,,CLOTHING / TEXTILE
613878,EMPIRE APPAREL TRADING CO. PTY LTD,SFIDA AUS PTY LIMITED,VIC,CLOTHING / TEXTILE
AU24127800,EMPLOY ME PTY LTD,EMPLOY ME PTY LTD,NSW,LABOUR HIRE
NCI5426Z,ENATEL,ENATEL,,AUTOMOTIVE
657536,ENATEL,ENATEL,,ELECTRONICS
670949,ENDLESS HOLDINGS LIMITED,ENDLESS HOLDINGS LIMITED,,MAJOR STEEL
704092,ENEKOR PTY LTD,ENEKOR PTY LTD,VIC,TIMBER
NCI5902N,ENERGETIC LIGHTING AUSTRALIA PTY LTD,ENERGETIC LIGHTING AUSTRALIA PTY LTD,NSW,BUILDING / HARDWARE
1015433,ENERGETIC LIGHTING AUSTRALIA PTY LTD,ENERGETIC LIGHTING AUSTRALIA PTY LTD,NSW,BUILDING / HARDWARE
NCI8297W,ENERGIE GROUP AUSTRALIA PTY LTD,BRETTS PTY LTD,WA,SOLAR
1329863-1,ENERGIE GROUP AUSTRALIA PTY LTD,BRETTS PTY LTD,WA,BUILDING / HARDWARE
AU20083400,ENERGY POWER SYSTEMS AUSTRALIA PTY. LIMITED,ENERGY POWER SYSTEMS AUSTRALIA PTY LTD,VIC,ELECTRICAL
NCI2290V,ENERGY POWER SYSTEMS AUSTRALIA PTY. LIMITED.,ENERGY POWER SYSTEMS AUSTRALIA PTY LTD,VIC,MINING
NCI8645V,ENERGY SPURT PTY LTD,ENERGY SPURT PTY LTD,VIC,ENERGY
AU26155300,ENERGY SPURT PTY LTD,ENERGY SPURT PTY LTD,VIC,SOLAR
AU-100976,ENERGY SPURT WA PTY LTD,ENERGY SPURT WA PTY LTD,WA,ENERGY
1215969,ENERGYBUILD PTY LTD,ENERGYBUILD PTY LTD,QLD,SOLAR
NCI7580N,ENFRAME PTY LTD,ENFRAME PTY LTD,ACT,BUILDING / HARDWARE
T106484,ENFRAME PTY LTD,ENFRAME PTY LTD,ACT,MAJOR STEEL
NCI7146Q,ENGAGE US PTY LTD,ENGAGE US PTY LTD,QLD,LABOUR HIRE
AU21089900,ENGAGE US PTY LTD,ENGAGE US PTY LTD,QLD,LABOUR HIRE
685153,ENGEL U.K. LIMITED,ENGEL U.K. LIMITED,,
UA00233,ENGTRUSS GROUP PTY LTD,ENGTRUSS GROUP PTY LTD,VIC,BUILDING / HARDWARE
835313,ENNIO PTY LTD,ENNIO PTY LTD,SA,FOOD / PROVISIONS
645674,ENTIRE ELECTRICAL SOLUTIONS LTD,ENTIRE ELECTRICAL SOLUTIONS LTD,,ELECTRICAL
645677,ENTIRE ELECTRICAL SOLUTIONS NORTH ISLAND LIMITED,ENTIRE ELECTRICAL SOLUTIONS LTD,,ELECTRICAL
1237302,ENVY ROOFING PTY LTD,ENVY ROOFING PTY LTD,QLD,BUILDING / HARDWARE
SG24087300,EOC POLYMERS (THAILAND) COMPANY LIMITED,EOC POLYMERS (THAILAND) COMPANY LIMITED,,CHEMICALS
NZ24031000,EP WINES LIMITED,EP WINES LIMITED,,LIQUOR DISTRIBUTORS
NZ23029700,EQUIP SUPPLY LIMITED,EQUIP SUPPLY LIMITED,,WHITEGOODS / ELECTRICAL
NCI8480V,ERIN'S CORPORATE TRAVEL SERVICES PTY LTD (1000 MILE TRAVEL GROUP),1000 MILE TRAVEL GROUP PTY LTD,VIC,MISCELLANEOUS
NCI6299Z,ES3 LIMITED,ES3 LIMITED,,MANUFACTURING
840195,ESCENTIALS PTY LTD,ESCENTIALS PTY LTD,NSW,JEWELLERY/ WHOLESALE
NCI8887N,ESP STEEL PTY LTD,ESP STEEL PTY LTD,NSW,BUILDING / HARDWARE
581650,ESSENCEMEDIACOM AUSTRALIA PTY LTD,W P P / GROUPM,NSW,ADVERTISING
663874,ESSENCEMEDIACOM NEW ZEALAND LIMITED,W P P / GROUPM,NZL,ADVERTISING
AU17051600,ESSENTIAL LABOUR SOLUTIONS PTY LTD,ESSENTIAL LABOUR SOLUTIONS PTY LTD,WA,EMPLOYMENT AGENCIES
AU22097100,ESTILO COMMERCIAL PTY LTD,ESTILO COMMERCIAL PTY LTD,SA,FURNITURE / FLOORS
AU25134000,ESY SUNHOME AUSTRALIA PTY LTD,ESY SUNHOME AUSTRALIA PTY LTD,NSW,ELECTRICAL
1343872,ETEX AUSTRALIA PTY LTD,ETEX AUSTRALIA PTY LTD,NZ,BUILDING / HARDWARE
1205516,ETEX AUSTRALIA PTY LTD,ETEX AUSTRALIA PTY LTD,NSW,BUILDING / HARDWARE
AU-45557,ETHAN GLOBAL PTY LTD,ETHAN GLOBAL PTY LTD,NSW,TELECOMMUNICATIONS
1296359,ETHICAL FOOD COMPANY LIMITED,ETHICAL FOOD COMPANY LIMITED,,FOOD / PROVISIONS
NCI4532N,EUREKA SUSTAINABILITY GROUP PTY LTD,EUREKA SUSTAINABILITY GROUP PTY LTD,NSW,MANUFACTURING
TW-00511,EUREKA SUSTAINABILITY GROUP PTY LTD,EUREKA SUSTAINABILITY GROUP PTY LTD,NSW,MANUFACTURING
296605,EURO FOODS GROUP LIMITED,EURO FOODS GROUP LIMITED,,FOOD / PROVISIONS
236122001,EURO MEAT LINK LTD,EURO MEAT LINK LTD,,FOOD / PROVISIONS
TS-09555,EURO TOOLTECHNIC PTY LTD,EURO TOOLTECHNIC PTY LTD,VIC,BUILDING / HARDWARE
NCI8723Q,EUROCOLD FLEET PARTNERS PTY LTD,EUROCOLD FLEET PARTNERS PTY LTD,QLD,TRANSPORT
AU24134900,EUROCOLD FLEET PARTNERS PTY LTD,EUROCOLD FLEET PARTNERS PTY LTD,QLD,TRANSPORT
C241349A00,EUROCOLD FLEET PARTNERS PTY LTD / CAP,EUROCOLD FLEET PARTNERS PTY LTD,QLD,TRANSPORT
AU-64795,EUROLUCE LIGHTING AUSTRALIA PTY LTD,EUROLUCE LIGHTING AUSTRALIA PTY LTD,NSW,ELECTRICAL
AU-91325,EUROSTYLE GROUP PTY LTD,EUROSTYLE GROUP PTY LTD,SA,BUILDING / HARDWARE
1397988-1,EVER GLORY CONSTRUCTION PTY LTD,EVER GLORY CONSTRUCTION PTY LTD,VIC,BUILDING / HARDWARE
NCI4392Q,EVERHARD INDUSTRIES PTY LTD,EVERHARD INDUSTRIES PTY LTD,QLD,CHEMICALS
NCI8457N,EVERLITE LIGHTING GROUP PTY LTD,EVERLITE LIGHTING GROUP PTY LTD,NSW,MANUFACTURING
AU-97491,EVO POWER PTY LTD,EVO POWER PTY LTD,VIC,SOLAR
AU-98715,EVOKE PROJECTS PTY LTD,EVOKE PROJECTS PTY LTD,NSW,BUILDING / HARDWARE
AU19071200,EVOLVE TALENT PTY LTD,EVOLVE TALENT PTY LTD,NSW,LABOUR HIRE
AU-88918,EXACT CONTRACTING SERVICES PTY LTD,EXACT CONTRACTING SERVICES PTY LTD,SA,MINING
NCI4284V,EXCEL PACIFIC AUSTRALIA PTY LTD,EXCEL PACIFIC AUSTRALIA PTY LTD,VIC,BUILDING / HARDWARE
AU-81643,EXCEL PACIFIC AUSTRALIA PTY LTD,EXCEL PACIFIC AUSTRALIA PTY LTD,VIC,TIMBER
1276062-1,EXCELL PROJECTS PTY LTD,EXCELL PROJECTS PTY LTD,NSW,BUILDING / HARDWARE
AU24125800,EXCELUS PTY LTD,EXCELUS PTY LTD,QLD,ADVERTISING
AU-69875,EXCLUSIVE COMMERCIAL ( WA ) PTY LTD,EXCLUSIVE COMMERCIAL (WA) PTY LTD,WA,BUILDING / HARDWARE
NCI8187Q,EXECUTIVE DISTRIBUTORS PTY LTD,EXECUTIVE DISTRIBUTORS PTY LTD,QLD,RETAIL
AU17049301,EXECUTIVE DISTRIBUTORS PTY LTD,EXECUTIVE DISTRIBUTORS PTY LTD,QLD,RETAIL
P120001296,EXEON LIMITED,EXEON LIMITED,,AIRCONDITIONING
AU24118900,EXIM INTERNATIONAL (AUSTRALIA) PTY LTD,EXIM INTERNATIONAL (AUSTRALIA) PTY LTD,QLD,RETAIL
NCI7207S,EXPERT DATA CABLING PTY LTD,EXPERT DATA CABLING PTY LTD,SA,ELECTRICAL
NCI7331Q,EXPRESS PLUMBING SUPPLIES (AUSTRALIA) PTY LTD,BRETTS PTY LTD,QLD,PLUMBING
1276816-1,EXPRESS PLUMBING SUPPLIES (AUSTRALIA) PTY LTD,BRETTS PTY LTD,QLD,PLUMBING
T106690,EXTREME TILERS PTY LTD,EXTREME TILERS PTY LTD,QLD,FURNITURE / FLOORS
AU-51866,EXTRUSIONS AUSTRALIA PTY LTD,EXTRUSIONS AUSTRALIA PTY LTD,VIC,MANUFACTURING
AU-94143,EYMAC PTY LTD,EYMAC PTY LTD,VIC,BUILDING / HARDWARE
AU-46862,EZI ALUMINIUM SYSTEMS PTY LTD,EZI ALUMINIUM SYSTEMS PTY LTD,QLD,BUILDING / HARDWARE
NCI8096N,F & CO PTY LIMITED,F & CO PTY LIMITED,NSW,ELECTRICAL
NCI7026N,F S SOLUTIONS (ACT) PTY LTD,F S SOLUTIONS (ACT) PTY LTD,ACT,ELECTRICAL
NCI5901S,F. LAUCKE PROPRIETARY LIMITED,F. LAUCKE PROPRIETARY LIMITED,SA,MANUFACTURING
NCI4490V,F. VITALE & SONS PTY. LIMITED,F. VITALE & SONS PTY. LIMITED,VIC,PLASTER
1280908-1,F. VITALE & SONS PTY. LIMITED,F. VITALE & SONS PTY. LIMITED,VIC,PLASTER
NCI5097V,FAAC TECHNOLOGIES AUSTRALIA PTY LTD,FAAC TECHNOLOGIES AUSTRALIA PTY LTD,VIC,BUILDING / HARDWARE
NCI7286Q,FABLE FOOD PTY LTD,FABLE FOOD PTY LTD,QLD,FOOD / PROVISIONS
AU22094800,FABLE FOOD PTY LTD,FABLE FOOD PTY LTD,QLD,FOOD / PROVISIONS
AU-47284,FABRIC SOLUTIONS AUSTRALIA PTY LTD,FABRIC SOLUTIONS AUSTRALIA PTY LTD,QLD,MANUFACTURING
NCI7882Q,FABRITECTURE AUSTRALIA PTY LTD,FABRITECTURE AUSTRALIA PTY LTD,QLD,BUILDING / HARDWARE
NCI4072V,FAGG'S GROUP PTY LTD,TOTAL TOOLS & HARDWARE GROUP,VIC,BUILDING / HARDWARE
TW-04763,FAGG'S GROUP PTY LTD,TOTAL TOOLS & HARDWARE GROUP,VIC,BUILDING / HARDWARE
NCI7005Q,FALCON CRANES PTY LTD,FALCON CRANES PTY LTD,QLD,EQUIPMENT HIRE
1198754,FALCON CRANES PTY LTD,FALCON CRANES PTY LTD,QLD,EQUIPMENT HIRE
UA00046,FARALLON BRANDS (AUSTRALIA) PTY LTD,FARALLON BRANDS (AUSTRALIA) PTY LTD,,MISCELLANEOUS
NCI6309V,FARM PRIDE FOODS LTD,FARM PRIDE FOODS LTD,VIC,FOOD / PROVISIONS
370697,FARMALINX PTY LTD,FARMALINX PTY LTD,NSW,AGRICULTURE
NZ-99519,FARMLANDS MATHIAS INTERNATIONAL LIMITED,FARMLANDS MATHIAS INTERNATIONAL LTD,,FOOD / PROVISIONS
AU26149600,FARQUHAR GROUP PTY LTD,FARQUHAR GROUP PTY LTD,SA,EQUIPMENT HIRE
NCI7062W,FARRENDALE PTY LTD,FARRENDALE PTY LTD,WA,BUILDING / HARDWARE
1140065,FARRENDALE PTY LTD,FARRENDALE PTY LTD,WA,BUILDING / HARDWARE
289533401,FASHION UK GERMANY GMBH,FASHION UK GERMANY GMBH,,CLOTHING / TEXTILE
NCI4453V,FAUCET AUSTRALIA PTY LTD,FAUCET AUSTRALIA PTY LTD,VIC,MANUFACTURING
AU17048900,FAUCET AUSTRALIA PTY LTD,FAUCET AUSTRALIA PTY LTD,VIC,MANUFACTURING
TW-01991,FBF PTY LTD,FBF PTY LTD,QLD,BUILDING / HARDWARE
NCI7438W,FD LEAPER PTY LTD,FD LEAPER PTY LTD,WA,BUILDING / HARDWARE
T106013,FD LEAPER PTY LTD,FD LEAPER PTY LTD,WA,BUILDING / HARDWARE
NCI8441N,FEILBERG ENTERPRISES PTY LTD (1000 MILE TRAVEL GROUP),1000 MILE TRAVEL GROUP PTY LTD,NSW,MISCELLANEOUS
69286,FELTEX CARPETS PTY LIMITED,GODFREY HIRST AUSTRALIA PTY LTD,VIC,CARPETS
NCI7940W,FENCEJUMPER HOLDINGS PTY LTD,FENCEJUMPER HOLDINGS PTY LTD,WA,MANUFACTURING
AU23116300,FENCEJUMPER HOLDINGS PTY LTD,FENCEJUMPER HOLDINGS PTY LTD,WA,MANUFACTURING
NCI5718Q,FENCEPAC COMMERCIAL PTY LIMITED,FENCEPAC COMMERCIAL PTY LIMITED,QLD,BUILDING / HARDWARE
296764601,FENCO GROUP LTD,FENCO GROUP LTD,,MISCELLANEOUS
1322873-1,FENDLETON PTY LIMITED & TOMELAM PTY LTD,FENDLETON PTY LIMITED,ACT,BUILDING / HARDWARE
NCI1373V,FENNER DUNLOP AUSTRALIA PTY. LTD.,FENNER DUNLOP AUSTRALIA PTY. LTD.,VIC,ENGINEERING
NCI7339W,FENNESSY RECRUITMENT PTY LTD,FENNESSY RECRUITMENT PTY LTD,WA,EMPLOYMENT AGENCIES
1129045,FENNESSY RECRUITMENT PTY LTD,FENNESSY RECRUITMENT PTY LTD,WA,EMPLOYMENT AGENCIES
NCI8328V,FENTON STEPHENS PTY LTD,FENTON STEPHENS PTY LTD,VIC,ADVERTISING
NCI7562S,FERGUSON AUSTRALIA PTY LTD,FERGUSON AUSTRALIA PTY LTD,SA,FOOD / PROVISIONS
AU25145600,FERGUSON AUSTRALIA PTY LTD,FERGUSON AUSTRALIA PTY LTD,SA,FOOD / PROVISIONS
NCI8794Z,FERN ENERGY LIMITED,FERN ENERGY LIMITED,,FUEL DISTRIBUTORS
1440012-1,FERN ENERGY LIMITED,FERN ENERGY LIMITED,,FUEL DISTRIBUTORS
NCI6819N,FERTDIRECT PTY LTD,FERTDIRECT PTY LTD,NSW,CHEMICALS
NCI7792V,FETCH PERSONNEL PTY LTD,FETCH PERSONNEL PTY LTD,VIC,LABOUR HIRE
660671,FETCH PERSONNEL PTY LTD,FETCH PERSONNEL PTY LTD,VIC,LABOUR HIRE
AU-48421,FIELDERS MANUFACTURING PTY LTD,BLUESCOPE STEEL LTD,SA,MANUFACTURING
NCI3992S,FIELDERS MANUFACTURING PTY LTD,BLUESCOPE STEEL LTD,SA,MAJOR STEEL
1416639-1,FIELDY'S RESOURCE MINING PTY LTD,FIELDY'S RESOURCE MINING PTY LTD,WA,MINING
NCI7531N,FIFTEENXV PTY LTD,NORTHBRIDGE NETWORK SYSTEMS PTY LIMITED,NSW,TELECOMMUNICATIONS
NCI8981N,FINANZOR PTY LTD,FINANZOR PTY LTD,NSW,FINANCE
1489115,FINANZOR PTY LTD,FINANZOR PTY LTD,NSW,FINANCE
NCI2241Q,FINCH'S HARDWARE PTY LTD,WOODMAN GROUP,QLD,BUILDING / HARDWARE
AU-50018,FINCH'S HARDWARE PTY LTD,WOODMAN GROUP,QLD,BUILDING / HARDWARE
NCI8925V,FINDLAY'S FLOORWORLD FRANKSTON PTY LTD,FINDLAY'S FLOORWORLD FRANKSTON PTY LTD,VIC,FURNITURE / FLOORS
NCI7144Q,FINLAYSON FRAME AND TRUSS PTY LTD,FINLAYSON FRAME AND TRUSS PTY LTD,QLD,TIMBER
1156567,FINLAYSON FRAME AND TRUSS PTY LTD,FINLAYSON FRAME AND TRUSS PTY LTD,QLD,TIMBER
NCI2150Q,FINLAYSON TIMBER & HARDWARE PTY LTD,TOTAL TOOLS & HARDWARE GROUP,QLD,TIMBER
TW-06842,FINLAYSON TIMBER & HARDWARE PTY LTD,TOTAL TOOLS & HARDWARE GROUP,QLD,TIMBER
AU-67967,FINSTRO HOLDINGS PTY LTD - INSITE TRADE FINANCE,FINSTRO HOLDINGS PTY LTD,NSW,FINANCE
AU16048000,FINSTRO HOLDINGS PTY LTD - INVOICE DISCOUNTING,FINSTRO HOLDINGS PTY LTD,NSW,FINANCE
C140116A00,FINSTRO HOLDINGS PTY LTD / CAP,FINSTRO HOLDINGS PTY LTD,NSW,FINANCE
AU25135900,FIRE FABRICATION SERVICES PTY LTD,FIRE FABRICATION SERVICES PTY LTD,SA,MANUFACTURING
1403511-1,FIRE SYSTEMS (S.A.) PTY LTD,FIRE SYSTEMS (S.A.) PTY LTD,SA,ELECTRICAL
NCI5501Q,FIREMEX PTY. LTD.,FIREMEX PTY. LTD.,QLD,MANUFACTURING
1166274,FIREMEX PTY. LTD.,FIREMEX PTY. LTD.,QLD,MANUFACTURING
NCI4983Q,FIREPLUMB SUPPLIES PTY LTD,FIREPLUMB SUPPLIES PTY LTD,QLD,PLUMBING
1195807,FIRESAFE SPRINKLER SYSTEMS PTY. LTD.,FIRESAFE SPRINKLER SYSTEMS PTY. LTD.,VIC,BUILDING / HARDWARE
AU-50870,FIRESENSE PTY LTD ATF THE FIRESENSE TRUST,FIRESENSE PTY LIMITED,NSW,MANUFACTURING
1400437-1,FIRST CIVIL PTY LTD,FIRST CIVIL PTY LTD,NSW,ENGINEERING
NCI5452Q,FIRST GRADE GROUP PTY LTD,FIRST GRADE GROUP PTY LTD,QLD,LABOUR HIRE
NCI8084N,FIVE STAR QUALITY ROOFING PTY. LIMITED,FIVE STAR QUALITY ROOFING PTY. LIMITED,NSW,BUILDING / HARDWARE
1299896-1,FIVE STAR QUALITY ROOFING PTY. LIMITED,FIVE STAR QUALITY ROOFING PTY. LIMITED,NSW,BUILDING / HARDWARE
1169365,FIX AND FASTEN PTY LTD,FIX AND FASTEN PTY LTD,VIC,MANUFACTURING
281529001,FIXFIRM LTD,FIXFIRM LTD,,ELECTRICAL
AU26151400,FK TIMBER PTY LTD,FK TIMBER PTY LTD,QLD,TIMBER
1330318-1,FLECK EARTHMOVING (NSW) PTY LTD,FLECK EARTHMOVING (NSW) PTY LTD,NSW,MISCELLANEOUS
344399,FLEET PLANT HIRE PTY LTD,FLEET PLANT HIRE PTY LTD,VIC,EQUIPMENT HIRE
1452024-1,FLEET PLANT HIRE SOLUTIONS (QLD) PTY LIMITED,FLEET PLANT HIRE PTY LTD,VIC,EQUIPMENT HIRE
NCI7775N,FLEETS FLYERS PTY. LIMITED,FLEETS FLYERS PTY. LIMITED,NSW,TRANSPORT
NCI5674N,FLEETWOOD FRAMES AND TRUSSES PTY LTD,FLEETWOOD FRAMES AND TRUSSES PTY LTD,NSW,TIMBER
WP56001023,FLEISHMANHILLARD MELBOURNE PTY LTD,OMNICOM,NSW,ADVERTISING
1219400,FLETCHER INSULATION PTY LTD,FLETCHER INSULATION PTY LTD,VIC,BUILDING / HARDWARE
AU22095000,FLEXSHIELD GROUP PTY LTD,FLEXSHIELD GROUP PTY LTD,QLD,BUILDING / HARDWARE
T106476,FLOORING CREATIONS PTY LTD,FLOORING CREATIONS PTY LTD,QLD,FURNITURE / FLOORS
NCI7962V,FLOORING EXCELLENCE PTY LTD,FLOORING EXCELLENCE PTY LTD,VIC,FURNITURE / FLOORS
AU-58473,FLOORING XTRA (AUST) PTY LTD (BUILDER'S),FLOORING XTRA (AUST) PTY LTD,VIC,CARPETS
803060,FLOORSCAPE LIMITED,GODFREY HIRST AUSTRALIA PTY LTD,NZ,FURNITURE / FLOORS
NCI2114V,FLOORWORLD PTY LTD,FLOORWORLD PTY LTD,VIC,FURNITURE / FLOORS
1080420,FLORA FOOD GEC LIMITED,FLORA FOOD GEC LIMITED,,FOOD / PROVISIONS
000326KUL,FLORA FOOD MALAYSIA SDN BHD,FLORA FOOD MALAYSIA SDN BHD,,FOOD / PROVISIONS
NCI8695V,FLORIDIA CHEESE PTY LTD,FLORIDIA CHEESE PTY LTD,VIC,FOOD / PROVISIONS
TW-10897,FLORIDIA CHEESE PTY LTD,FLORIDIA CHEESE PTY LTD,VIC,FOOD / PROVISIONS
NCI8599Q,FLOW PIPELINES PTY LTD,FLOW PIPELINES PTY LTD,QLD,BUILDING / HARDWARE
661375,FLOW PIPELINES PTY LTD,FLOW PIPELINES PTY LTD,QLD,BUILDING / HARDWARE
NCI6164Z,FLOWCO LIMITED,FLOWCO LIMITED,,CLOTHING / TEXTILE
NZ20023400,FLOWCO LIMITED,FLOWCO LIMITED,,CLOTHING / TEXTILE
AU-76417,FLOWERMAX PTY LTD,FLOWERMAX PTY LTD,NSW,MISCELLANEOUS
NCI4247Q,FLSMIDTH PTY LTD,FLSMIDTH PTY LTD,QLD,ENGINEERING
AU21091900,FLUID MANAGEMENT TECHNOLOGY PTY. LTD.,FLUID MANAGEMENT TECHNOLOGY PTY. LTD.,SA,ELECTRONICS
AU23109500,FOAMEX GROUP PTY LTD,FOAMEX GROUP PTY LTD,VIC,BUILDING / HARDWARE
NCI7765V,FOAMEX GROUP PTY LTD,FOAMEX GROUP PTY LTD,VIC,BUILDING / HARDWARE
NCI4608N,FOCUS DOORS PTY LTD,FOCUS DOORS PTY LTD,NSW,BUILDING / HARDWARE
NCI8271V,FOCUS HIRE PTY LTD,FOCUS HIRE PTY LTD,VIC,EQUIPMENT HIRE
1336564-1,FOCUS HIRE PTY LTD,FOCUS HIRE PTY LTD,VIC,EQUIPMENT HIRE
AU-99442,FOOD FX AUSTRALIA PTY LTD,FOOD FX AUSTRALIA PTY LTD,VIC,FOOD / PROVISIONS
AU00031TRC,FOOD INDUSTRY PEOPLE PTY LTD,PEOPLEIN LIMITED,QLD,LABOUR HIRE
AU24123000,FOOD INDUSTRY PEOPLE PTY LTD,PEOPLEIN LIMITED,QLD,LABOUR HIRE
NCI7118Q,FOOD INDUSTRY PEOPLE PTY LTD,PEOPLEIN LIMITED,QLD,LABOUR HIRE
NCI5857N,FOODCARE SYSTEMS PTY LTD,FOODCARE SYSTEMS PTY LTD,NSW,FOOD / PROVISIONS
NCI5788Z,FOODFLO INTERNATIONAL LIMITED,FOODFLO INTERNATIONAL LIMITED,,MANUFACTURING
NZ19020900,FOODFLO INTERNATIONAL LIMITED,FOODFLO INTERNATIONAL LIMITED,,FOOD / PROVISIONS
NCI8895N,FOODSMITHS AUSTRALIA PTY LTD,FOODSMITHS AUSTRALIA PTY LTD,NSW,FOOD / PROVISIONS
WP56027501,"FOOTE,CONE & BELDING LIMITED",OMNICOM,NZ,ADVERTISING
AU-70300,FORAN INDUSTRIES PTY LTD,FORAN INDUSTRIES PTY LTD,NSW,BUILDING / HARDWARE
455158,FORBO FLOORCOVERINGS PTY. LTD.,FORBO FLOORCOVERINGS PTY LTD,NSW,BUILDING / HARDWARE
NCI8638W,FORCE CONSTRUCTION GROUP PTY LTD,FORCE CONSTRUCTION GROUP PTY LTD,WA,BUILDING / HARDWARE
AU-52679,FORCE FIRE & SAFETY PTY LIMITED,FORCE FIRE & SAFETY PTY LIMITED,NSW,MISCELLANEOUS
NCI4060Q,FOREMAN PTY. LTD.,FOREMAN PTY. LTD.,QLD,BUILDING / HARDWARE
T106443,FOREMAN PTY. LTD.,FOREMAN PTY. LTD.,QLD,BUILDING / HARDWARE
1444688-1,FORESITE LOGISTICS PTY LTD,FORESITE LOGISTICS PTY LTD,VIC,TRANSPORT
NCI0407V,FOREST ONE AUSTRALIA PTY LTD,FOREST ONE AUSTRALIA PTY LTD,VIC,TIMBER
140910,FOREST ONE AUSTRALIA PTY LTD,FOREST ONE AUSTRALIA PTY LTD,VIC,TIMBER
NCI4519N,FORGE OUTDOORS PTY LTD,FORGE OUTDOORS PTY LTD,NSW,MANUFACTURING
AU14012900,FORGE OUTDOORS PTY LTD,FORGE OUTDOORS PTY LTD,NSW,MANUFACTURING
NCI7300V,FORM REO POUR AUST PTY LTD,FORM REO POUR AUST PTY LTD,VIC,BUILDING / HARDWARE
1366054-1,FORMSTEEL TECHNOLOGIES LIMITED,FORMSTEEL TECHNOLOGIES LIMITED,,MANUFACTURING
NCI7522V,FORTE FAMILY CORPORATION PTY LTD,FORTE FAMILY CORPORATION PTY LTD,VIC,FURNITURE / FLOORS
1428415-1,FORTE FAMILY CORPORATION PTY LTD,FORTE FAMILY CORPORATION PTY LTD,VIC,FURNITURE / FLOORS
AU25142700,FORTE POWERTECH PTY LTD,FORTE POWERTECH PTY LTD,SA,ELECTRONICS
NCI6845V,FORTIS SECURITY PTY LTD,FORTIS SECURITY PTY LTD,VIC,COMPUTERS / ELECTRONICS
NCI7117W,FORTUNE STONE CREATION PTY LTD,FORTUNE STONE CREATION PTY LTD,WA,BUILDING / HARDWARE
SG25097800,FORWARDS MEDIA (SINGAPORE) PTE. LTD.,FORWARDS MEDIA (SINGAPORE) PTE. LTD.,,ADVERTISING
NCI8785W,FOUNDATION INDUSTRIES PTY LTD,FOUNDATION INDUSTRIES PTY LTD,WA,BUILDING / HARDWARE
AU26147700,FOUNDATION INDUSTRIES PTY LTD,FOUNDATION INDUSTRIES PTY LTD,WA,BUILDING / HARDWARE
AU-91965,FOUNDATION TECHNOLOGIES AUSTRALIA PTY LTD,FOUNDATION TECHNOLOGIES AUSTRALIA PTY LTD,VIC,BUILDING / HARDWARE
AU15013500,FOUNDER ENTERPRISES PTY LTD,FOUNDER ENTERPRISES PTY LTD,WA,BUILDING / HARDWARE
NCI4208W,FOUNDER ENTERPRISES PTY LTD,FOUNDER ENTERPRISES PTY LTD,WA,BUILDING / HARDWARE
275875501,FOUNDRY FOOD GROUP LTD,FOUNDRY FOOD GROUP LTD,,FOOD / PROVISIONS
NCI5997W,FOURWAYS AIRCONDITIONING AUSTRALIA PTY LTD,FOURWAYS AIRCONDITIONING AUSTRALIA PTY LTD,WA,AIRCONDITIONING
496388,FOX TIMBER IMPORTS PTY LTD,FOX TIMBER IMPORTS PTY LTD,NSW,TIMBER
NCI5696S,FP AGRISERVICES PTY LTD,FP AGRISERVICES PTY LTD,SA,AGRICULTURE
AU-94526,FP AGRISERVICES PTY LTD,FP AGRISERVICES PTY LTD,SA,AGRICULTURE
457266,FRAMINGHAM WINES LIMITED,FRAMINGHAM WINES LIMITED,,LIQUOR DISTRIBUTORS
288611901,FRAMPTON & BABEL LTD,FRAMPTON & BABEL LTD,,FOOD / PROVISIONS
AU-47177,FRANKE AUSTRALIA PTY LTD,FRANKE AUSTRALIA PTY LTD,VIC,BUILDING / HARDWARE
NCI6847V,FRANKLANDS AGRO PTY. LTD,FRANKLANDS AGRO PTY. LTD.,VIC,FOOD / PROVISIONS
AU21083800,FRANKLANDS AGRO PTY. LTD,FRANKLANDS AGRO PTY. LTD.,VIC,FOOD / PROVISIONS
NCI6771Z,FRANKLIN SMITH LIMITED,FRANKLIN SMITH LIMITED,,EMPLOYMENT AGENCIES
NCI7178Q,FRASER EARTHWORKS & CO PTY LTD,FRASER EARTHWORKS & CO PTY LTD,QLD,BUILDING / HARDWARE
NCI4385W,FRC GROUP PTY LTD,FRC GROUP PTY LTD,WA,BUILDING / HARDWARE
AU23105900,FRC GROUP PTY LTD,FRC GROUP PTY LTD,WA,BUILDING / HARDWARE
NCI4271S,FREEMAN WAUCHOPE PTY LTD,FREEMAN WAUCHOPE PTY LTD,SA,TIMBER
AU-45796,FREEMAN WAUCHOPE PTY LTD,FREEMAN WAUCHOPE PTY LTD,SA,TIMBER
250395301,FREEWAY TOOLS AND FIXINGS LTD,FREEWAY TOOLS AND FIXINGS LTD,,BUILDING / HARDWARE
NCI8114N,FRENKEL TEXTILES PTY LTD,FRENKEL TEXTILES PTY LTD,NSW,CLOTHING / TEXTILE
680249,FRENKEL TEXTILES PTY LTD,FRENKEL TEXTILES PTY LTD,NSW,CLOTHING / TEXTILE
NZ-49483,FRESH PRODUCE GROUP NEW ZEALAND LIMITED,FRESH PRODUCE GROUP NEW ZEALAND LIMITED,,FOOD / PROVISIONS
NCI7964N,FRESHAIR MECHANICAL SERVICES PTY LTD,FRESHAIR MECHANICAL SERVICES PTY LTD,NSW,MISCELLANEOUS
T106682,FRESHAIR MECHANICAL SERVICES PTY LTD,FRESHAIR MECHANICAL SERVICES PTY LTD,NSW,MISCELLANEOUS
1240710,FRONTIER MEDIA & MARKETING SYDNEY PTY LTD,FRONTIER MEDIA & MARKETING SYDNEY PTY LTD,NSW,ADVERTISING
237814101,FRUIT VISION LIMITED,FRUIT VISION LIMITED,,FOOD / PROVISIONS
NCI8896N,FRUITBUDDY AUSTRALIA PTY LTD,FRUITBUDDY AUSTRALIA PTY LTD,NSW,FOOD / PROVISIONS
1406450-1,FT FARMING GROUP PTY LTD,FT FARMING GROUP PTY LTD,QLD,FOOD / PROVISIONS
NCI5141W,FT WORKFORCE PTY LTD,FT WORKFORCE PTY LTD,WA,LABOUR HIRE
NCI1368W,FUEL DISTRIBUTORS OF WESTERN AUSTRALIA PTY LTD,FUEL DISTRIBUTORS OF WESTERN AUSTRALIA PTY LTD,WA,FURNITURE / FLOORS
AU-46447,FUEL DISTRIBUTORS OF WESTERN AUSTRALIA PTY LTD,FUEL DISTRIBUTORS OF WESTERN AUSTRALIA PTY LTD,WA,FUEL DISTRIBUTORS
NCI4370W,FUEL TRANS AUSTRALIA PTY LTD,FUEL TRANS AUSTRALIA PTY LTD,WA,FUEL DISTRIBUTORS
AU-56810,FUEL TRANS AUSTRALIA PTY LTD,FUEL TRANS AUSTRALIA PTY LTD,WA,FUEL DISTRIBUTORS
NCI8937V,FUHUA PLASTER PTY LTD,FUHUA PLASTER PTY LTD,VIC,BUILDING / HARDWARE
NCI4009V,FUJIAN FOOTWEAR AUSTRALIA PTY LTD,FUJIAN FOOTWEAR AUSTRALIA PTY LTD,VIC,CLOTHING / TEXTILE
309805,FUJIAN FOOTWEAR AUSTRALIA PTY LTD,FUJIAN FOOTWEAR AUSTRALIA PTY LTD,VIC,CLOTHING / TEXTILE
NCI8954N,FUJIFILM AUSTRALIA PTY LTD,FUJIFILM AUSTRALIA PTY LTD,NSW,ELECTRONICS
NCI7312N,FULTON INDUSTRIES AUSTRALIA PTY LTD,FULTON INDUSTRIES AUSTRALIA PTY LTD,NSW,MANUFACTURING
1116602,FULTON INDUSTRIES AUSTRALIA PTY LTD,FULTON INDUSTRIES AUSTRALIA PTY LTD,NSW,MANUFACTURING
NCI4634N,FURNWARE GROUP PTY LTD,FURNWARE GROUP PTY LTD,NSW,BUILDING / HARDWARE
AU15019300,FURNWARE GROUP PTY LTD,FURNWARE GROUP PTY LTD,NSW,BUILDING / HARDWARE
NCI7297Q,FURNX PTY LTD,FURNX PTY LTD,QLD,FURNITURE / FLOORS
SG23076600,FURUKAWA ELECTRIC SINGAPORE PTE LTD,FURUKAWA ELECTRIC SINGAPORE PTE LTD,,ELECTRICAL
NCI6267Q,FUSION PLAST (AUSTRALIA) PTY LTD,FUSION PLAST (AUSTRALIA) PTY LTD,QLD,MANUFACTURING
AU-58024,FUSION PLAST (AUSTRALIA) PTY LTD,FUSION PLAST (AUSTRALIA) PTY LTD,QLD,MANUFACTURING
993666,FUWA K HITCH (AUSTRALIA) PTY LTD,FUWA K HITCH (AUSTRALIA) PTY LTD,VIC,TRANSPORT
1018399,FXG GROUP PTY LTD,FXG GROUP PTY LTD,VIC,AGRICULTURE
NZ24030500,G I MEDIA LIMITED,GI MEDIA LIMITED,,ADVERTISING
21217,G JAMES AUSTRALIA PTY LTD,G JAMES AUSTRALIA PTY LTD,QLD,MANUFACTURING
NCI1399Q,G JAMES AUSTRALIA PTY LTD,G JAMES AUSTRALIA PTY LTD,QLD,EXPORT
NCI8777V,G.A.F. CONTROL (SALES) PROPRIETARY LIMITED,G.A.F. CONTROL (SALES) PROPRIETARY LIMITED,VIC,ELECTRICAL
AU-98605,G.A.F. CONTROL (SALES) PROPRIETARY LIMITED,G.A.F. CONTROL (SALES) PROPRIETARY LIMITED,VIC,ELECTRICAL
UA00055,G.M.C. MODERNTONE KITCHENS PTY LTD,G.M.C. MODERNTONE KITCHENS PTY LTD,VIC,MANUFACTURING
NCI7675V,GALCO GROUP PTY LTD,GALCO GROUP PTY LTD,VIC,BUILDING / HARDWARE
TW-07998,GALCO GROUP PTY LTD,GALCO GROUP PTY LTD,VIC,BUILDING / HARDWARE
AU-46553,GARDEN CITY PLANTERS PTY. LTD.,GARDEN CITY PLANTERS PTY. LTD.,VIC,PLASTICS
1328843,GARRA INTERNATIONAL LIMITED,GARRA INTERNATIONAL LIMITED,,EXPORT
NCI1229Q,GARRIMA PTY. LTD.,GARRIMA PTY. LTD.,QLD,MANUFACTURING
T106054,GARRIMA PTY. LTD.,GARRIMA PTY. LTD.,QLD,MANUFACTURING
NCI8195V,GAT TECHNOLOGIES PTY LTD,GAT TECHNOLOGIES PTY LTD,VIC,PLASTICS
AU24123300,GAT TECHNOLOGIES PTY LTD,GAT TECHNOLOGIES PTY LTD,VIC,PLASTICS
NCI6780V,GATEWAY PACKAGING PTY LTD,GATEWAY PACKAGING PTY LTD,VIC,MANUFACTURING
NCI7553Q,GCMR PROJECT SERVICES PTY LTD,GCMR PROJECT SERVICES PTY LTD,QLD,BUILDING / HARDWARE
NCI6977W,GCO AUSTRALIA PTY LTD,GCO AUSTRALIA PTY LTD,WA,ELECTRICAL
AU-77424,GCO AUSTRALIA PTY LTD,GCO AUSTRALIA PTY LTD,WA,ELECTRICAL
NCI8822N,GD RECRUITMENT PTY LTD,GD RECRUITMENT PTY LTD,NSW,LABOUR HIRE
NCI8944V,GECKON ENERGY PTY LTD,GECKON ENERGY PTY LTD,VIC,SOLAR
AU-80630,GEEBUNG OUTLET PTY LIMITED,HARVEY NORMAN COMMERCIAL GROUP,QLD,ELECTRICAL
NCI6978Q,GEEBUNG OUTLET PTY LIMITED,HARVEY NORMAN COMMERCIAL GROUP,QLD,ELECTRICAL
NCI7794S,GELISTA PTY LTD,GELISTA PTY LTD,SA,FOOD / PROVISIONS
NCI3028N,GEM FRAME & TRUSS PTY LTD,GEM FRAME & TRUSS PTY. LIMITED,NSW,TIMBER
AU-47531,GEM FRAME & TRUSS PTY LTD,GEM FRAME & TRUSS PTY. LIMITED,NSW,TIMBER
NCI8868N,GEM SWITCHBOARDS PTY LTD,GEM SWITCHBOARDS PTY LTD,NSW,ELECTRICAL
UA00331,GEMLACH PTY LTD,GEMLACH PTY LTD,VIC,ENGINEERING
857966,GENERAL AIR CONDITIONING SERVICES PTY LTD,GENERAL AIR CONDITIONING SERVICES PTY LTD,QLD,AIRCONDITIONING
NCI4620N,GENERAL PUMPS PTY LTD,GENERAL PUMPS PTY LTD,NSW,BUILDING / HARDWARE
AU16041601,GENERAL PUMPS PTY LTD,GENERAL PUMPS PTY LTD,NSW,BUILDING / HARDWARE
TW-09184,GENERAL STATIONERY SUPPLIES PTY LTD,GENERAL STATIONERY SUPPLIES PTY LTD,QLD,PAPER / PRINTING / STATIONERY
NCI8903Q,GENESIS HOLDINGS (QLD) PTY LTD,GENESIS HOLDINGS (QLD) PTY LTD,QLD,LANDSCAPING
NCI8211V,GENIUS FENCING & METAL WORKS PTY. LTD.,GENIUS FENCING & METAL WORKS PTY. LTD.,VIC,BUILDING / HARDWARE
UA00368,GENIUS FENCING & METAL WORKS PTY. LTD.,GENIUS FENCING & METAL WORKS PTY. LTD.,VIC,BUILDING / HARDWARE
NCI8116N,GENNER HOLDINGS PTY LIMITED,GENNER HOLDINGS PTY LIMITED,NSW,BUILDING / HARDWARE
AU-87678,GENNER HOLDINGS PTY LIMITED,GENNER HOLDINGS PTY LIMITED,NSW,BUILDING / HARDWARE
TW-01346,GEORETAIN PTY LTD,GEORETAIN PTY LTD,QLD,BUILDING / HARDWARE
990235,GEORGE ABRAHAMS LIMITED,GEORGE ABRAHAMS LIMITED,,FOOD / PROVISIONS
NCI4018N,GEORGE FISCHER PTY LIMITED,GEORGE FISCHER PTY LIMITED,NSW,PLUMBING
AU-46168,GEORGE FISCHER PTY LIMITED,GEORGE FISCHER PTY LIMITED,NSW,PLUMBING
NCI5244Q,GEORGE WESTON & SONS PTY LTD,GEORGE WESTON & SONS PTY LTD,QLD,MAJOR STEEL
162065,GEORGE WESTON & SONS PTY LTD,GEORGE WESTON & SONS PTY LTD,QLD,MAJOR STEEL
AU-89388,GEORGE WHITE & CO. PTY LTD,GEORGE WHITE & CO. PTY LTD,VIC,MISCELLANEOUS
NCI3998W,GERALDTON CRANES PTY LTD,GERALDTON CRANES PTY LTD,WA,TRANSPORT
T106963,GERALDTON CRANES PTY LTD,GERALDTON CRANES PTY LTD,WA,MINING
NCI0630W,GERALDTON FISHERMEN'S CO-OPERATIVE LTD,GERALDTON FISHERMENS CO-OPERATIVE LTD,WA,FOOD / PROVISIONS
1158272,GERALDTON FISHERMEN'S CO-OPERATIVE LTD,GERALDTON FISHERMENS CO-OPERATIVE LTD,WA,FOOD / PROVISIONS
352012,GERALDTON FUEL COMPANY PTY LTD,GERALDTON FUEL COMPANY PTY LTD,WA,FUEL DISTRIBUTORS
NCI7253V,GERFLOR AUSTRALASIA PTY. LTD.,GERFLOR AUSTRALASIA PTY. LTD.,VIC,BUILDING / HARDWARE
AU-48700,GERFLOR AUSTRALASIA PTY. LTD.,GERFLOR AUSTRALASIA PTY. LTD.,VIC,BUILDING / HARDWARE
NCI8736Z,GET CONTRACTING LIMITED,GET CONTRACTING LIMITED,,LABOUR HIRE
NZ25033900,GET CONTRACTING LIMITED,GET CONTRACTING LIMITED,,LABOUR HIRE
AU-96036,GEVEO AUSTRALASIA PTY LTD,GEVEO AUSTRALASIA PTY LTD,ACT,COMPUTERS / ELECTRONICS
NCI6150Q,GIBBON GROUP PTY. LIMITED,GIBBON GROUP PTY. LIMITED,QLD,CARPETS
AU-76653,GIBBON GROUP PTY. LIMITED,GIBBON GROUP PTY. LIMITED,QLD,CARPETS
AU-47523,GIBSON BENNESS INDUSTRIES PTY LTD,GIBSON BENNESS INDUSTRIES PTY LTD,WA,BUILDING / HARDWARE
AU-48246,GIBSON'S LIMITED,GIBSONS LIMITED,TAS,MANUFACTURING
AU23116000,GIDEON SERVICES PTY LTD,GIDEON SERVICES PTY LTD,VIC,FOOD / PROVISIONS
NCI5301N,GITTER PTY LTD,GITTER PTY LTD,NSW,MANUFACTURING
AU18056500,GITTER PTY LTD,GITTER PTY LTD,NSW,MANUFACTURING
NCI6824Z,GKC LIMITED,GKC LIMITED,,ACCOUNTING
NCI7456Z,GLASSHAPE LIMITED,GLASSHAPE LIMITED,,BUILDING / HARDWARE
NZ-67853,GLASSHAPE LIMITED,GLASSHAPE LIMITED,,BUILDING / HARDWARE
NCI4240V,GLASSWORKS (AUST) PTY LTD,GLASSWORKS (AUST) PTY LTD,VIC,MANUFACTURING
893738,GLASSWORKS (AUST) PTY LTD,GLASSWORKS (AUST) PTY LTD,VIC,MANUFACTURING
NCI3055V,GLEN DIMPLEX AUSTRALIA PTY LTD,GLEN DIMPLEX AUSTRALIA PTY LTD,VIC,WHITEGOODS / ELECTRICAL
AU-70399,GLEN DIMPLEX AUSTRALIA PTY LTD,GLEN DIMPLEX AUSTRALIA PTY LTD,VIC,WHITEGOODS / ELECTRICAL
P120000443,GLENDALE (UK) LIMITED,GLENDALE (UK) LIMITED,,FURNITURE / FLOORS
449061,GLENMAR INDUSTRIES PTY LTD,GLENMAR INDUSTRIES PTY LTD,VIC,MANUFACTURING
NCI3014Q,GLESUM PTY LTD,GLESUM PTY LTD,QLD,MAJOR STEEL
NCI4128W,GLOBAL CABLING (WA) PTY LTD,GLOBAL CABLING (WA) PTY LTD,WA,BUILDING / HARDWARE
740039,GLOBAL COATING SYSTEMS PTY LTD,GLOBAL COATING SYSTEMS PTY LTD,WA,ENGINEERING
1362329-1,GLOBAL DIGITAL COMMODITY FINANCE NO 2 PTY LTD,GLOBAL DIGITAL COMMODITY FINANCE NO 2 PTY LTD,NSW,FINANCE
NCI8815Q,GLOBAL FOOD & WINE PTY LTD,GLOBAL FOOD & WINE PTY LTD,QLD,FREIGHT FORWARDERS
AU25148000,GLOBAL FOOD & WINE PTY LTD,GLOBAL FOOD & WINE PTY LTD,QLD,FOOD / PROVISIONS
AU24120700,GLOBAL MACADAMIA MARKETING PTY LTD,GLOBAL MACADAMIA MARKETING PTY LTD,QLD,FOOD / PROVISIONS
AU16048600,GLOBAL MEAT COMMODITIES PTY LTD,GLOBAL MEAT COMMODITIES PTY LTD,SA,FOOD / PROVISIONS
C160486A00,GLOBAL MEAT COMMODITIES PTY LTD / CAP,GLOBAL MEAT COMMODITIES PTY LTD,SA,FOOD / PROVISIONS
AU20079201,GLOBAL MET TECH PTY LTD,KERAMOS PTY LTD,WA,MINING
AU25136900,GLOBAL PUMP GROUP PTY LTD,GLOBAL PUMP GROUP PTY LTD,SA,PLUMBING
NZ-84975,GLOBAL SUPPLY SOLUTIONS LIMITED,GLOBAL SUPPLY SOLUTIONS LIMITED,,BUILDING / HARDWARE
511785,GLOBAL WELDING SUPPLIES PTY LTD,GLOBAL WELDING SUPPLIES PTY LTD,QLD,ENGINEERING
NCI8446Q,GLOBE TREKKERS PTY LTD (1000 MILE TRAVEL GROUP),1000 MILE TRAVEL GROUP PTY LTD,QLD,MISCELLANEOUS
AU-50024,GLOSTER PTY LTD,GLOSTER PTY LTD,WA,ELECTRICAL
NCI2847W,GLOSTER PTY. LTD.,GLOSTER PTY LTD,WA,ELECTRICAL
AU-56313,GM POLES PTY. LTD.,GM POLES PTY. LTD.,QLD,OTHER STEEL
SG26103500,GMG SPORTS SEA PTE LTD,GMG SPORTS SEA PTE LTD,,MANUFACTURING
UA00126,GMP METAL PTY LTD,GMP METAL PTY LTD,SA,OTHER STEEL
NCI8907Q,GMS 3 PTY LTD,GMS 3 PTY LTD,QLD,LANDSCAPING
NCI8341Q,GNT HOLDINGS PTY. LTD.,GNT HOLDINGS PTY. LTD.,QLD,CARPETS
NCI7683S,GO SOLAR GROUP PTY. LTD.,GO SOLAR GROUP PTY. LTD.,WA,SOLAR
NCI4347V,GO TRAFFIC PTY. LTD.,GO TRAFFIC PTY. LTD.,VIC,BUILDING / HARDWARE
67328,GODFREY HIRST (NZ) LTD,GODFREY HIRST AUSTRALIA PTY LTD,,CARPETS
68793,GODFREY HIRST AUSTRALIA PTY LTD,GODFREY HIRST AUSTRALIA PTY LTD,VIC,FURNITURE / FLOORS
959703,GOLD COAST AGRIBUSINESS PTY LTD,GOLD COAST AGRIBUSINESS PTY LTD,NSW,AGRICULTURE
686201,GOLD STAR INTERNATIONAL PTY LTD,GOLD STAR INTERNATIONAL PTY LTD,NSW,MISCELLANEOUS
NCI1824Q,GOLDEN COCKEREL PTY LTD,GOLDEN COCKEREL PTY LTD,QLD,FOOD / PROVISIONS
NCI8049Q,GOLDEN ELITE GROUP PTY. LTD.,GOLDEN ELITE GROUP PTY. LTD.,QLD,BUILDING / HARDWARE
T103366,GOLDEN ELITE GROUP PTY. LTD.,GOLDEN ELITE GROUP PTY. LTD.,QLD,BUILDING / HARDWARE
652050,GOLDENHOME AUSTRALIA PTY LIMITED,GOLDENHOME AUSTRALIA PTY LIMITED,VIC,BUILDING / HARDWARE
AU14008800,GOLDFIELDS CRANE HIRE PTY LTD,GOLDFIELDS CRANE HIRE PTY LTD,WA,TRANSPORT
AU-57809,GONZALEZ STEEL PTY LTD,GONZALEZ STEEL PTY LTD,NSW,MAJOR STEEL
AU-100189,GOSBEE INVESTMENTS PTY LIMITED,GOSBEE INVESTMENTS PTY LIMITED,NSW,OTHER STEEL
AU22101800,GOULBURN VALLEY CREAMERY PTY LTD,GOULBURN VALLEY CREAMERY PTY LTD,VIC,FOOD / PROVISIONS
C221018A00,GOULBURN VALLEY CREAMERY PTY LTD / CAP,GOULBURN VALLEY CREAMERY PTY LTD,VIC,FOOD / PROVISIONS
222033501,GOULD PAPER SALES UK LIMITED,GOULD PAPER SALES UK LIMITED,,PAPER / PRINTING / STATIONERY
669899,GOURMET BRANDS TWO PTY LTD,GOURMET BRANDS TWO PTY LTD,VIC,FOOD / PROVISIONS
NCI8693Q,GOURMET FOOD TRADERS PTY LTD,GOURMET FOOD TRADERS PTY LTD,QLD,FOOD / PROVISIONS
557300,GPS FOOD GROUP (UK) LIMITED,GPS FOOD GROUP (UK) LIMITED,,FOOD / PROVISIONS
NCI4311N,GRA PARTNERS PTY LTD,OMNICOM,NSW,FINANCE
WP56001040,GRA PARTNERS PTY LTD,OMNICOM,NSW,FINANCE
T102517,GRACE INTERNATIONAL PTY LTD,GRACE INTERNATIONAL PTY LTD,VIC,BUILDING / HARDWARE
UA00144,GRACEFAB PTY LTD,GRACEFAB PTY LTD,VIC,MANUFACTURING
NCI3978N,GRACOSWAY PTY LTD,OMNICOM,NSW,ADVERTISING
WP56001021,GRACOSWAY PTY LTD,OMNICOM,NSW,ADVERTISING
NCI5150W,GRADOW PTY LTD,GRADOW PTY LTD,WA,FUEL DISTRIBUTORS
145133,GRADOW PTY LTD,GRADOW PTY LTD,WA,FUEL DISTRIBUTORS
1001714,GRAHAM HILL ROOFING LIMITED,GRAHAM HILL ROOFING LIMITED,,BUILDING / HARDWARE
1139303,GRAHAME COOK PLUMBING SUPPLIES SALES PTY LIMITED,GRAHAME COOK PLUMBING SUPPLIES SALES PTY LIMITED,NSW,PLUMBING
NCI2869N,GRAHAME COOK PLUMBING SUPPLIES SALES PTY LIMITED,GRAHAME COOK PLUMBING SUPPLIES SALES PTY LIMITED,NSW,PLUMBING
AU-57616,GRAIN DIRECT AUSTRALIA PTY LTD,GRAIN DIRECT AUSTRALIA PTY LTD,VIC,AGRICULTURE
NCI1109N,GRAINCORP COMMODITY MANAGEMENT (HOLDINGS) PTY LTD,GRAINCORP COMMODITY MANAGEMENT (HOLDINGS) PTY LTD,NSW,AGRICULTURE
AU-47432,GRAINCORP COMMODITY MANAGEMENT (HOLDINGS) PTY LTD,GRAINCORP COMMODITY MANAGEMENT (HOLDINGS) PTY LTD,NSW,FOOD / PROVISIONS
AU-69912,GRAINCORP COMMODITY MANAGEMENT PTY LTD,GRAINCORP COMMODITY MANAGEMENT (HOLDINGS) PTY LTD,NSW,AGRICULTURE
NCI4252N,GRAINCORP NUTRITION AND ENERGY AUSTRALIA PTY LTD,GRAINCORP COMMODITY MANAGEMENT (HOLDINGS) PTY LTD,NSW,AGRICULTURE
AU-47445,GRAINCORP NUTRITION AND ENERGY AUSTRALIA PTY LTD,GRAINCORP COMMODITY MANAGEMENT (HOLDINGS) PTY LTD,NSW,FOOD / PROVISIONS
NZ-54154,GRAINCORP NUTRITION AND ENERGY NZ LIMITED,GRAINCORP COMMODITY MANAGEMENT (HOLDINGS) PTY LTD,,AGRICULTURE
TW-09956,GRAND SEAL PTY LTD,GRAND SEAL PTY LTD,VIC,BUILDING / HARDWARE
AU-47694,GRANDCOMM PTY LIMITED,HARVEY NORMAN COMMERCIAL GROUP,SA,ELECTRICAL
NCI2920S,GRANDCOMM PTY LIMITED,HARVEY NORMAN COMMERCIAL GROUP,SA,ELECTRONICS
NCI8391W,GRANITE WORLD (AUST) PTY LTD,GRANITE WORLD (AUST) PTY LTD,WA,MANUFACTURING
NCI6643W,GRANT TRANSFORMERS PTY LTD,GRANT TRANSFORMERS PTY LTD,WA,SOLAR
714946,GRANT TRANSFORMERS PTY LTD,GRANT TRANSFORMERS PTY LTD,WA,SOLAR
P110014461,GRAPHIC ARTS (COVENTRY) LTD,GRAPHIC ARTS (COVENTRY) LTD,,ADVERTISING
AU-97548,GRAVURE PACKAGING PTY LIMITED,GRAVURE PACKAGING PTY LIMITED,NSW,MANUFACTURING
NCI8037N,GREAT FOODS GROUP PTY LIMITED,GREAT FOODS GROUP PTY LIMITED,NSW,FOOD / PROVISIONS
TW-09117,GREAT FOODS GROUP PTY LIMITED,GREAT FOODS GROUP PTY LIMITED,NSW,FOOD / PROVISIONS
AU22103801,GREAT WINE & SPIRITS PTY LTD,GREAT WINE & SPIRITS PTY LTD,VIC,FOOD / PROVISIONS
NCI7804S,GREEN FROG SYSTEMS PTY. LTD.,GREEN FROG SYSTEMS PTY. LTD.,SA,SOLAR
TW-08270,GREEN FROG SYSTEMS PTY. LTD.,GREEN FROG SYSTEMS PTY. LTD.,SA,SOLAR
25AKL/3520,GREEN GROWERS VENTURES SDN BHD,GREEN GROWERS VENTURES SDN BHD,,FOOD / PROVISIONS
NCI4196V,GREENHILL TIMBERS PTY LTD,GREENHILL TIMBERS PTY LTD,VIC,TIMBER
SR100162,GREENLANE INTERNATIONAL PTY. LTD.,GREENLANE INTERNATIONAL PTY. LTD.,QLD,AGRICULTURE
NCI7251N,GREENLINE GROUP PTY LTD,GREENLINE GROUP PTY LTD,NSW,BUILDING / HARDWARE
NCI2901Q,GREENSTOCK NURSERIES PTY LTD,GREENSTOCK NURSERIES PTY LTD,QLD,LANDSCAPING
TW-01832,GREENSTOCK NURSERIES PTY LTD,GREENSTOCK NURSERIES PTY LTD,QLD,LANDSCAPING
AU-94293,GREG WELLS ENTERPRISES PTY. LIMITED,GREG WELLS ENTERPRISES PTY. LIMITED,VIC,ADVERTISING
AU-96298,GREYHOUND RACING NEW SOUTH WALES,GREYHOUND RACING NEW SOUTH WALES,NSW,MISCELLANEOUS
NCI8680S,GRIDLINE PTY LTD,GRIDLINE PTY LTD,SA,OTHER STEEL
NCI7980S,GRIDLOCK CIVIL (SA) PTY LTD,GRIDLOCK CIVIL (SA) PTY LTD,SA,BUILDING / HARDWARE
NZ15004102,GROCO (2017) LIMITED,GROCO (2017) LIMITED,,LIQUOR DISTRIBUTORS
NZ15004101,GROCO (2017) LIMITED,GROCO (2017) LIMITED,,LIQUOR DISTRIBUTORS
C150041Z01,GROCO (2017) LIMITED / CAP,GROCO (2017) LIMITED,,LIQUOR DISTRIBUTORS
256312201,GROUND-GUARDS LTD,GROUND-GUARDS LTD,,MISCELLANEOUS
1429765-1,GROUNDED BASEMENT PROJECTS PTY LTD,GROUNDED BASEMENT PROJECTS PTY LTD,VIC,BUILDING / HARDWARE
AU-86650,GROUP 4 COMMERCIAL PTY LTD,GROUP 4 COMMERCIAL PTY LTD,QLD,BUILDING / HARDWARE
AU21088500,GROUP MEDIA PTY LTD & S J MITCHELL,GROUP MEDIA PTY LTD & S J MITCHELL,NSW,ADVERTISING
NCI1168Q,GROUP MEDIA PTY LTD & SCOTT J MITCHELL,GROUP MEDIA PTY LTD & S J MITCHELL,QLD,ADVERTISING
NCI8436Q,GROUP ONE TRAVEL PTY LTD (1000 MILE TRAVEL GROUP),1000 MILE TRAVEL GROUP PTY LTD,QLD,MISCELLANEOUS
1221702,GROUP TECHNOLOGIES AUSTRALASIA PTY LTD,GROUP TECHNOLOGIES AUSTRALASIA PTY LTD,VIC,ELECTRONICS
G60451479,GROUPE SEB MALAYSIA SDN BHD,GROUPE SEB MALAYSIA SDN BHD,,MISCELLANEOUS
P110013740,GRP (UK) LIMITED,GRP (UK) LIMITED,,MISCELLANEOUS
15185200,GRS (ROADSTONE) LTD,GRS (ROADSTONE) LTD,,MISCELLANEOUS
NCI8396V,GS & EJ DAVIDSON PTY LTD (1000 MILE TRAVEL GROUP),1000 MILE TRAVEL GROUP PTY LTD,VIC,MISCELLANEOUS
452494,GS GLOBAL AUSTRALIA PTY LTD,GS GLOBAL AUSTRALIA PTY LTD,NSW,OTHER STEEL
NCI8327V,GSA SYSTEMS PTY LTD,GSA SYSTEMS PTY LTD,VIC,COMPUTERS / ELECTRONICS
SG19049200,GSI ELECTRONICS PTE LTD,GSI ELECTRONICS PTE LTD,,ELECTRONICS
AU24123100,GUARDEDSPACES PTY LTD,GUARDEDSPACES PTY LTD,NSW,MISCELLANEOUS
NCI6840Q,GUARDIAN BUILDING PRODUCTS (AUST) PTY LTD,GUARDIAN BUILDING PRODUCTS (AUST) PTY LTD,QLD,BUILDING / HARDWARE
TW-06427,GUARDIAN BUILDING PRODUCTS (AUST) PTY LTD,GUARDIAN BUILDING PRODUCTS (AUST) PTY LTD,QLD,BUILDING / HARDWARE
NCI7380N,GULF WESTERN PREMIUM QUALITY LUBRICATING OILS (AUSTRALIA) PTY LTD,GULF WESTERN PREMIUM QUALITY LUBRICATING OILS (AUSTRALIA) PTY LTD,NSW,MANUFACTURING
AU-89158,GULF WESTERN PREMIUM QUALITY LUBRICATING OILS (AUSTRALIA) PTY LTD,GULF WESTERN PREMIUM QUALITY LUBRICATING OILS (AUSTRALIA) PTY LTD,NSW,MANUFACTURING
930361,GUNLAKE CONCRETE NSW PTY LIMITED,GUNLAKE CONCRETE NSW PTY LIMITED,NSW,BUILDING / HARDWARE
1436064-1,GYPPRO PROJECTS PTY LTD,GYPPRO PROJECTS PTY LTD,QLD,BUILDING / HARDWARE
NCI7948Q,H & L CONSTRUCTIONS PTY LTD,H & L CONSTRUCTIONS PTY LTD,QLD,BUILDING / HARDWARE
AU-50117,H A BENNETT & SONS PTY LTD,H A BENNETT & SONS PTY LTD,VIC,FOOD / PROVISIONS
AU-83880,H POLESY & CO PTY LIMITED,H POLESY & CO PTY LTD,NSW,CLOTHING / TEXTILE
NCI2252N,H POLESY & CO PTY LTD,H POLESY & CO PTY LTD,NSW,PAPER / PRINTING / STATIONERY
1462011,H/ADVISORS APA PTY LIMITED,HAVAS WORLDWIDE AUSTRALIA PTY LTD,NSW,ADVERTISING
25AKL/2129,H.M.L AUTO INDUSTRIES SDN BHD,H.M.L AUTO INDUSTRIES SDN BHD,,AUTOMOTIVE
25AKL/2130,H.M.L. AUTO MARKETING SDN BHD,H.M.L AUTO INDUSTRIES SDN BHD,,MISCELLANEOUS
1219887,HA HOLD CO PTY LTD,AUSTRALIAN RURAL EXPORTS PTY. LTD.,QLD,AGRICULTURE
NCI7547Q,HA HOLD CO PTY LTD,AUSTRALIAN RURAL EXPORTS PTY. LTD.,QLD,AGRICULTURE
NZ-49972,HAFELE (N.Z.) LIMITED,HAFELE AUSTRALIA PTY LTD,,FURNITURE / FLOORS
333594,HAFELE AUSTRALIA PTY LTD,HAFELE AUSTRALIA PTY LTD,VIC,FURNITURE / FLOORS
472716,HAGER ELECTRO PTY LTD,HAGER ELECTRO PTY LTD,NSW,ELECTRICAL
704480,HAGER LIMITED,HAGER ELECTRO PTY LTD,NSW,ELECTRICAL
TW-08624,HAGGIE AUSTRALIA PTY LTD,HAGGIE AUSTRALIA PTY LTD,NSW,OTHER STEEL
1126031,HAGLEY BUILDING PRODUCTS LIMITED,HAGLEY BUILDING PRODUCTS LIMITED,,BUILDING / HARDWARE
236956101,HALCO EUROPE LTD,HALCO EUROPE LTD,,MANUFACTURING
NCI4312V,HALL & PARTNERS PTY LTD,OMNICOM,VIC,FINANCE
WP56001039,HALL & PARTNERS PTY LTD,OMNICOM,VIC,FINANCE
AU-52070,HALLETT GROUP PTY LTD,HALLETT GROUP PTY LTD,SA,BUILDING / HARDWARE
NCI8661S,HALLETT GROUP PTY LTD,HALLETT GROUP PTY LTD,SA,BUILDING / HARDWARE
AU-45637,HALLEY & MELLOWES PTY LTD,HALLEY & MELLOWES PTY LTD,NSW,MANUFACTURING
NCI5493Z,HALLMARK GROUP LIMITED,HALLMARK GROUP LIMITED,,MANUFACTURING
NZ18018400,HALLMARK GROUP LIMITED,HALLMARK GROUP LIMITED,,MANUFACTURING
AU23115200,HALLMONT ELECTRICAL PTY LTD,HALLMONT ELECTRICAL PTY LTD,QLD,ELECTRONICS
NZ-99034,HALVERSON CIVIL LIMITED,HALVERSON CIVIL LIMITED,,ENGINEERING
639294,HAMILTON'S MACHINERY LIMITED,HAMILTON'S MACHINERY LIMITED,,BUILDING / HARDWARE
AU-58222,HANECO LIGHTING AUSTRALIA PTY. LTD.,HANECO LIGHTING AUSTRALIA PTY. LTD.,SA,ELECTRICAL
T106427,HANLON ENTERPRISES (GRAIN) PTY LTD,HANLON ENTERPRISES (GRAIN) PTY LTD,NSW,AGRICULTURE
LN035,HANSA FLOWERS LTD,HANSA FLOWERS LTD,,AGRICULTURE
NCI8152V,HANSEN PRODUCTS (AUST) PTY LTD,HANSEN PRODUCTS (AUST) PTY LTD,VIC,MANUFACTURING
25AKL01682,HANWHA CHEMICAL MALAYSIA SDN. BHD.,HANWHA CHEMICAL MALAYSIA SDN. BHD.,,CHEMICALS
TW-04953,HARDINGS HARDWARE PTY LTD,TOTAL TOOLS & HARDWARE GROUP,VIC,BUILDING / HARDWARE
AU23116900,HARDWICKS MEAT WORKS PTY LTD,KILCOY PASTORAL COMPANY LIMITED,QLD,AGRICULTURE
NCI7973V,HARDWICKS MEAT WORKS PTY LTD,KILCOY PASTORAL COMPANY LIMITED,QLD,FOOD / PROVISIONS
NCI8840W,HARMON TRANSPORTATION PTY LTD,HARMON TRANSPORTATION PTY LTD,WA,TRANSPORT
UA00117,HARMON TRANSPORTATION PTY LTD,HARMON TRANSPORTATION PTY LTD,WA,TRANSPORT
AU23111400,HARMONY FINE FOODS PTY LTD,HARMONY FINE FOODS PTY LTD,WA,HOSPITALITY
NCI5845W,HARRIS AGENCIES PTY LTD,HARRIS AGENCIES PTY LTD,WA,BUILDING / HARDWARE
739834,HARRIS GLOBAL LTD,HARRIS GLOBAL LTD,,EMPLOYMENT AGENCIES
NCI8412N,HARRISON BARRATT GROUP PTY LTD,HARRISON BARRATT GROUP PTY LTD,NSW,LABOUR HIRE
AU24132100,HARRISON BARRATT GROUP PTY LTD,HARRISON BARRATT GROUP PTY LTD,NSW,LABOUR HIRE
991238,HARRISON BLOY PLUMBING & BATHROOMS LIMITED,HARRISON BLOY PLUMBING & BATHROOMS LIMITED,,BUILDING / HARDWARE
278123701,HARRO LIMITED,HARRO LIMITED,,MANUFACTURING
155839501,HARS & HAGEBAUER LTD,HARS & HAGEBAUER LTD,,FOOD / PROVISIONS
NCI7979S,HART AUSTRALIA PTY LTD,HART AUSTRALIA PTY LTD,SA,MISCELLANEOUS
AU24121900,HART AUSTRALIA PTY LTD,HART AUSTRALIA PTY LTD,SA,BUILDING / HARDWARE
HARVEYNORM,HARVEY NORMAN GROUP DUMMY POLICY FOR INVOICING BROKER FEE,HARVEY NORMAN COMMERCIAL GROUP,NSW,RETAIL
NCI8033N,HARVEY NORMAN GROUP DUMMY POLICY FOR INVOICING NCIRADAR,HARVEY NORMAN COMMERCIAL GROUP,,RETAIL
AU-63919,HARVEY NORMAN HOLDINGS LTD,HARVEY NORMAN COMMERCIAL GROUP,NSW,ELECTRICAL
NCI5154N,HARVEY NORMAN HOLDINGS LTD,HARVEY NORMAN COMMERCIAL GROUP,NSW,MISCELLANEOUS
NZ-47617,HARVEY NORMAN STORES (N.Z.) PTY LIMITED,HARVEY NORMAN COMMERCIAL GROUP,,COMPUTERS / ELECTRONICS
NCI5752Z,HARVEY NORMAN STORES (NZ) PTY LIMITED,HARVEY NORMAN COMMERCIAL GROUP,,COMPUTERS / ELECTRONICS
NCI1962N,HASELL BRITTON PTY LTD,HASELL BRITTON PTY LTD,NSW,BUILDING / HARDWARE
840599,HASELL BRITTON PTY LTD,HASELL BRITTON PTY LTD,NSW,BUILDING / HARDWARE
AU-46846,HASTINGS ELECTRICAL PTY LTD,HASTINGS ELECTRICAL PTY LTD,NSW,ELECTRICAL
AU24119000,HATCHED MEDIA PTY LTD,HATCHED MEDIA PTY LTD,VIC,ADVERTISING
NCI7956V,HAUS RESIDENTIAL PTY LTD,HAUS RESIDENTIAL PTY LTD,VIC,BUILDING / HARDWARE
1269346,HAVAS AUSTRALIA PTY LTD,HAVAS WORLDWIDE AUSTRALIA PTY LTD,NSW,ADVERTISING
971472,HAVAS MEDIA AUSTRALIA PTY LIMITED,HAVAS WORLDWIDE AUSTRALIA PTY LTD,NSW,ADVERTISING
1253965,HAVAS MEDIA IRELAND LIMITED,HAVAS WORLDWIDE AUSTRALIA PTY LTD,,ADVERTISING
886515,HAVAS MEDIA LIMITED,HAVAS WORLDWIDE AUSTRALIA PTY LTD,,EMPLOYMENT AGENCIES
1478306,HAVAS MEDIA MELBOURNE PTY LTD,HAVAS WORLDWIDE AUSTRALIA PTY LTD,NSW,
1478308,HAVAS MELBOURNE PTY LTD,HAVAS WORLDWIDE AUSTRALIA PTY LTD,NSW,
1306465,HAVAS NEW ZEALAND LIMITED,HAVAS WORLDWIDE AUSTRALIA PTY LTD,,ADVERTISING
885803,HAVAS SHARED SERVICES LIMITED,HAVAS WORLDWIDE AUSTRALIA PTY LTD,,ADVERTISING
526142,HAVENHALL PTY LTD,HAVENHALL PTY LTD,NSW,MISCELLANEOUS
AU26152700,HAWKS CIVIL & CO PTY LTD,HAWKS EXCAVATION (VIC) PTY LTD,VIC,ENGINEERING
1031422,HAWKS EXCAVATION (VIC) PTY LTD,HAWKS EXCAVATION (VIC) PTY LTD,VIC,BUILDING / HARDWARE
736721,HAWTHORNE GROUP LIMITED,HAWTHORNE GROUP LIMITED,NZ,FURNITURE / FLOORS
NCI2224N,HAYS SPECIALIST RECRUITMENT (AUSTRALIA) PTY LIMITED,HAYS SPECIALIST RECRUITMENT (AUSTRALIA) PTY LTD,NSW,EMPLOYMENT AGENCIES
AU-45223,HAYWILL HOLDINGS PTY LTD,HAYWILL HOLDINGS PTY LTD,NSW,EXPORT
T106120,HCC (AUST) PTY LTD,HCC (AUST) PTY LTD,WA,BUILDING / HARDWARE
NCI4930W,HD PLASMA AND LASER CUTTING SERVICES PTY LTD,HD PLASMA AND LASER CUTTING SERVICES PTY LTD,WA,OTHER STEEL
AU-78212,HD PLASMA AND LASER CUTTING SERVICES PTY LTD,HD PLASMA AND LASER CUTTING SERVICES PTY LTD,WA,ELECTRICAL
AU23109900,HDD DRILLING PTY LTD,HDD DRILLING PTY LTD,VIC,BUILDING / HARDWARE
297045901,HDVS LTD,HDVS LTD,,MISCELLANEOUS
WP56027018,HEARTS AND SCIENCE NEW ZEALAND LIMITED,OMNICOM,NZ,ADVERTISING
NCI6686Z,HEARTS AND SCIENCE NEW ZEALAND LIMITED,OMNICOM,,ADVERTISING
242086901,HEATHSIDE TRADING LIMITED,HEATHSIDE TRADING LIMITED,,MISCELLANEOUS
NCI8270N,HEGATECH PTY LTD,HEGATECH PTY LTD,NSW,ENERGY
NCI8570Q,HEH CIVIL PTY LTD,HEH CIVIL PTY LTD,QLD,BUILDING / HARDWARE
AU-97446,HEH CIVIL PTY LTD,HEH CIVIL PTY LTD,QLD,BUILDING / HARDWARE
NCI8619Q,HEIGHT DYNAMICS SAFETY EQUIPMENT PTY LTD,HEIGHT DYNAMICS PTY. LTD.,QLD,EQUIPMENT HIRE
641226,HEKA HOODS AUSTRALIA PTY LTD,HEKA HOODS AUSTRALIA PTY LTD,QLD,MANUFACTURING
NCI8564Q,HELIX COMPLIANCE SOLUTIONS PTY LTD,HELIX COMPLIANCE SOLUTIONS PTY LTD,QLD,MISCELLANEOUS
625439,HELLMANN WORLDWIDE LOGISTICS (CHINA) LTD - DOMESTIC,HELLMANN WORLDWIDE LOGISTICS PTY LTD,,TRANSPORT
629803,HELLMANN WORLDWIDE LOGISTICS (CHINA) LTD - EXPORT,HELLMANN WORLDWIDE LOGISTICS PTY LTD,,TRANSPORT
613620,HELLMANN WORLDWIDE LOGISTICS INC.,HELLMANN WORLDWIDE LOGISTICS PTY LTD,,TRANSPORT
695614,HELLMANN WORLDWIDE LOGISTICS INC.,HELLMANN WORLDWIDE LOGISTICS PTY LTD,,MISCELLANEOUS
681840,HELLMANN WORLDWIDE LOGISTICS LIMITED,HELLMANN WORLDWIDE LOGISTICS PTY LTD,,FREIGHT FORWARDERS
625770,HELLMANN WORLDWIDE LOGISTICS LLP,HELLMANN WORLDWIDE LOGISTICS PTY LTD,,TRANSPORT
625647,HELLMANN WORLDWIDE LOGISTICS LTD - HONG KONG,HELLMANN WORLDWIDE LOGISTICS PTY LTD,,TRANSPORT
666477,HELLMANN WORLDWIDE LOGISTICS PTY LTD,HELLMANN WORLDWIDE LOGISTICS PTY LTD,NSW,MISCELLANEOUS
GA2625892,HELLMANN WORLDWIDE LOGISTICS SDN BHD,HELLMANN WORLDWIDE LOGISTICS PTY LTD,,TRANSPORT
286519601,HELLYAR PLASTICS POLSKA SPOLKA Z OGRANICZONA ODPOWIEDZIALNOSCIA,HELLYAR PLASTICS POLSKA SPOLKA Z OGRANICZONA ODPOWIEDZIALNOSCIA,,PLASTICS
T104596,HEMALO PTY LTD,HEMALO PTY LTD,WA,MAJOR STEEL
NCI5161W,HEMKEN PTY LTD,HEMKEN PTY LTD,WA,FOOD / PROVISIONS
NCI8842Z,HENDERSON DEMOLITION LIMITED,HENDERSON DEMOLITION LIMITED,NZ,MISCELLANEOUS
1353239,HENDERSON DEMOLITION LIMITED,HENDERSON DEMOLITION LIMITED,,BUILDING / HARDWARE
NCI5096Q,HERBIES EARTHMOVING PTY LTD,HERBIES EARTHMOVING PTY LTD,QLD,BUILDING / HARDWARE
TW-09221,HERBIES EARTHMOVING PTY LTD,HERBIES EARTHMOVING PTY LTD,QLD,BUILDING / HARDWARE
95947,HERITAGE STONE QLD PTY LTD,HERITAGE STONE QLD PTY LTD,QLD,MANUFACTURING
NCI1766N,HERMES CAPITAL AUSTRALIA PTY. LIMITED,HERMES CAPITAL AUSTRALIA PTY. LIMITED,NSW,FOOD / PROVISIONS
AU-48280,HETTICH AUSTRALIA A LIMITED PARTNERSHIP,HETTICH AUSTRALIA A LIMITED PARTNERSHIP,NSW,BUILDING / HARDWARE
AU20083600,HEWITSON PTY LTD,HEWITSON PTY LTD,SA,LIQUOR DISTRIBUTORS
358638,HEYDAY5 PTY LIMITED,HEYDAY5 PTY LIMITED,NSW,ELECTRICAL
686910,HEYTAP PTE. LTD.,HEYTAP PTE. LTD.,,COMPUTERS
1442408-1,HF IMPERIAL INTERNATIONAL PTY LTD,HF IMPERIAL INTERNATIONAL PTY LTD,NSW,BUILDING / HARDWARE
1268702-1,HI LINE PLASTER SUPPLIES PTY LTD,HI LINE PLASTER SUPPLIES PTY LTD,VIC,PLASTER
NCI7702V,HIBAR COURT PTY LTD,HIBAR COURT PTY LTD,VIC,BUILDING / HARDWARE
AU-51041,HIBAR COURT PTY LTD,HIBAR COURT PTY LTD,VIC,BUILDING / HARDWARE
NCI8618Q,HIFLOW INTEGRATED SERVICES GROUP PTY LTD,HIFLOW INTEGRATED SERVICES GROUP PTY LTD,QLD,AIRCONDITIONING
1343308,HIFLOW INTEGRATED SERVICES GROUP PTY LTD,HIFLOW INTEGRATED SERVICES GROUP PTY LTD,QLD,AIRCONDITIONING
AU-72166,HIGGINS COATINGS PROPRIETARY LIMITED (MAINTENANCE AGREEMENTS),HIGGINS COATINGS PTY LTD,VIC,BUILDING / HARDWARE
NCI1029V,HIGGINS COATINGS PTY LTD,HIGGINS COATINGS PTY LTD,VIC,BUILDING / HARDWARE
AU-50303,HIGGINS COATINGS PTY LTD,HIGGINS COATINGS PTY LTD,VIC,BUILDING / HARDWARE
NCI1536Q,HIGGINS INSULATION PTY LTD,HIGGINS INSULATION PTY LTD,QLD,BUILDING / HARDWARE
804684,HIGHETT METAL PTY LTD,HIGHETT METAL PTY LTD,VIC,OTHER STEEL
NCI4637V,HIGHGATE GROUP AUSTRALIA PTY LTD,HIGHGATE GROUP AUSTRALIA PTY LTD,TAS,MISCELLANEOUS
AU18062200,HIGHGATE GROUP AUSTRALIA PTY LTD,HIGHGATE GROUP AUSTRALIA PTY LTD,TAS,FOOD / PROVISIONS
AU24131500,HIGHRISE BUILDING GROUP PTY LTD,HIGHRISE BUILDING GROUP PTY LTD,VIC,BUILDING / HARDWARE
1481153-1,HILDITCH FUELS PTY LTD,HILDITCH FUELS PTY LTD,VIC,FUEL DISTRIBUTORS
267982901,HILLIER NURSERIES LIMITED,HILLIER NURSERIES LIMITED,,MISCELLANEOUS
NCI2959Z,HILLS COMMERCIAL FLOORS LIMITED,HILLS COMMERCIAL FLOORS LIMITED,,CARPETS
NZ-48327,HILLS COMMERCIAL FLOORS LIMITED,HILLS COMMERCIAL FLOORS LIMITED,,CARPETS
246239001,HILTON FOOD SOLUTIONS LIMITED,HILTON FOOD SOLUTIONS LIMITED,,FOOD / PROVISIONS
NCI5841W,HIMAC GROUP PTY LTD,HIMAC GROUP PTY LTD,WA,AGRICULTURE
1151228,HINKLER PTY LTD,HINKLER PTY LTD,VIC,PAPER / PRINTING / STATIONERY
NCI7848V,HIREDEPOT PTY LTD,HIREDEPOT PTY LTD,VIC,EQUIPMENT HIRE
AU-99692,HITECH SHEETMETAL PTY LTD,HITECH SHEETMETAL PTY LTD,WA,MANUFACTURING
AU-97538,HN DAHL PTY LTD,HN DAHL PTY LTD,ACT,AIRCONDITIONING
NCI7145Q,HOFFMANN CIVIL (QLD) PTY LTD,HOFFMANN CIVIL (QLD) PTY LTD,QLD,BUILDING / HARDWARE
AU25144000,HOFFMANN CIVIL (QLD) PTY LTD,HOFFMANN CIVIL (QLD) PTY LTD,QLD,BUILDING / HARDWARE
1391537-1,HOGGETT OPERATIONS PTY LTD,HOGGETT OPERATIONS PTY LTD,SA,BUILDING / HARDWARE
NCI8787Z,HOLDERS TECHNOLOGY (NEW ZEALAND) LIMITED,HOLDERS TECHNOLOGY (NEW ZEALAND) LIMITED,,ELECTRONICS
NZ25034500,HOLDERS TECHNOLOGY (NEW ZEALAND) LIMITED,HOLDERS TECHNOLOGY (NEW ZEALAND) LIMITED,,ELECTRONICS
NCI7099W,HOLLIS INDUSTRIES PTY LTD,HOLLIS INDUSTRIES PTY LTD,WA,MINING
NCI7627Q,HOLZBAU INDUSTRIES PTY LTD,HOLZBAU INDUSTRIES PTY LTD,QLD,MANUFACTURING
NZ-65210,HOME PADDOCK FOODS LIMITED,HOME PADDOCK FOODS LIMITED,,FOOD / PROVISIONS
NCI8852V,HOME TIMBER & HARDWARE GROUP PTY LTD,TOTAL TOOLS & HARDWARE GROUP,VIC,BUILDING / HARDWARE
TW-01052,HOME TIMBER & HARDWARE GROUP PTY LTD,TOTAL TOOLS & HARDWARE GROUP,VIC,BUILDING / HARDWARE
NCI8506V,HOMEFIELD INTERNATIONAL PTY LTD,HOMEFIELD INTERNATIONAL PTY LTD,VIC,FURNITURE / FLOORS
1378407-1,HOMEFIELD INTERNATIONAL PTY LTD,HOMEFIELD INTERNATIONAL PTY LTD,VIC,TIMBER
983076,HOOGWEGT AUSTRALIA PTY LTD,HOOGWEGT AUSTRALIA PTY LTD,VIC,FOOD / PROVISIONS
NCI2607V,HORIZON GRAIN BROKERS PTY LTD,HORIZON GRAIN BROKERS PTY LTD,VIC,AGRICULTURE
1254708,HORIZON TELE SYSTEMS SDN BHD,HORIZON TELE SYSTEMS SDN BHD,,TELECOMMUNICATIONS
NCI5013Q,HOSES24 PTY LTD,HOSES24 PTY LTD,QLD,MISCELLANEOUS
AU19065600,HOSES24 PTY LTD,HOSES24 PTY LTD,QLD,MINING
NCI4272N,HOSLAB PTY LTD,HOSLAB PTY LTD,NSW,ENGINEERING
AU-52522,HOSLAB PTY LTD,HOSLAB PTY LTD,NSW,ENGINEERING
NCI8241V,HOT SHOTS (AUST) PTY LTD,HOT SHOTS (AUST) PTY LTD,VIC,FOOD / PROVISIONS
519015,HOWARD EXPORTS PTY LIMITED,HOWARD EXPORTS PTY LIMITED,NSW,FOOD / PROVISIONS
AU24118700,HOWATSON AND COMPANY PTY LTD,HOWATSON AND COMPANY PTY LTD,NSW,ADVERTISING
235732701,HOWIES & SONS LLP,HOWIES & SONS LLP,,MISCELLANEOUS
NCI4675V,HOWMET WHEEL SYSTEMS AUSTRALIA PTY LTD,HOWMET WHEEL SYSTEMS AUSTRALIA PTY LTD,VIC,VEHICLE / TYRES
AU-90673,HOWRAH PLUMBING PTY. LTD.,HOWRAH PLUMBING PTY. LTD.,TAS,PLUMBING
NCI7001Q,HPP PTY LTD,HPP PTY LTD,QLD,BUILDING / HARDWARE
1207589,HPP PTY LTD,HPP PTY LTD,QLD,BUILDING / HARDWARE
AU-46144,HQPLANTATIONS PTY LTD,HQPLANTATIONS PTY LTD,QLD,TIMBER
NCI8334W,HSS INFRASTRUCTURE PTY LTD,HSS INFRASTRUCTURE PTY LTD,WA,LABOUR HIRE
AU24128300,HSS INFRASTRUCTURE PTY LTD,HSS INFRASTRUCTURE PTY LTD,WA,LABOUR HIRE
C241283A00,HSS INFRASTRUCTURE PTY LTD / CAP,HSS INFRASTRUCTURE PTY LTD,WA,LABOUR HIRE
283857301,HTS SPARES LIMITED,HTS SPARES LIMITED,,MISCELLANEOUS
AU17050500,HUBERGROUP AUSTRALIA PTY LTD,HUBERGROUP AUSTRALIA PTY LTD,VIC,PAPER / PRINTING / STATIONERY
AU26152100,HUDSON FOOD GROUP PTY LTD,HUDSON FOOD GROUP PTY LTD,VIC,FOOD / PROVISIONS
NCI7156W,HUNT FORMWORK AND SCAFFOLDING PTY LTD,BSL AUSTRALIA PTY LTD,WA,
371508.26,HUNTER'S WINES (NZ) LIMITED,HUNTER'S WINES (NZ) LIMITED,,LIQUOR DISTRIBUTORS
C371508Z26,HUNTER'S WINES (NZ) LIMITED / CAP,HUNTER'S WINES (NZ) LIMITED,,LIQUOR DISTRIBUTORS
NCI6198Q,HURFORD WHOLESALE PTY LTD,HURFORD WHOLESALE PTY LTD,QLD,BUILDING / HARDWARE
NCI8543N,HUTCHINS BROS PTY LTD,HUTCHINS BROS PTY LTD,NSW,BUILDING / HARDWARE
NCI5236W,HYBRID LININGS PTY LTD,HYBRID LININGS PTY LTD,WA,BUILDING / HARDWARE
1233177,HYBRID LININGS PTY LTD,HYBRID LININGS PTY LTD,WA,BUILDING / HARDWARE
966787,HYDROFLOW DISTRIBUTORS (AUST) PTY LTD,HYDROFLOW DISTRIBUTORS (AUST) PTY LTD,NSW,PLUMBING
966786,HYDROFLOW DISTRIBUTORS LIMITED,HYDROFLOW DISTRIBUTORS LIMITED,,PLUMBING
AU-99359,HYDROHEAT SUPPLIES PTY LTD,HYDROHEAT SUPPLIES PTY LTD,VIC,AIRCONDITIONING
NCI6688Q,HYGRADE WATER AUSTRALIA LIMITED PARTNERSHIP,HYGRADE WATER AUSTRALIA LIMITED PARTNERSHIP,QLD,BUILDING / HARDWARE
AU-68110,HYGRADE WATER AUSTRALIA LIMITED PARTNERSHIP,HYGRADE WATER AUSTRALIA LIMITED PARTNERSHIP,QLD,BUILDING / HARDWARE
NCI4497Q,HYNE & SON PTY LTD,HYNE & SON PTY LTD,QLD,BUILDING / HARDWARE
NCI8875Q,HYNE PALLETS PTY LTD,HYNE & SON PTY LTD,QLD,BUILDING / HARDWARE
NCI6146Q,HYTEK FRAMING PTY LTD,HYTEK FRAMING PTY LTD,QLD,BUILDING / HARDWARE
AU-71793,HYTEK FRAMING PTY LTD,HYTEK FRAMING PTY LTD,QLD,BUILDING / HARDWARE
NCI5102N,HYUNDAI MOTOR COMPANY AUSTRALIA PTY LIMITED,HYUNDAI MOTOR COMPANY AUSTRALIA PTY LIMITED,NSW,AUTOMOTIVE
NCI5852N,HYUNDAI MOTOR COMPANY AUSTRALIA PTY LIMITED - FRANCHISE MANAGEMENT,HYUNDAI MOTOR COMPANY AUSTRALIA PTY LIMITED,NSW,AUTOMOTIVE
1358889-1,I & K EXCAVATIONS PTY LTD,I & K EXCAVATIONS PTY LTD,NSW,BUILDING / HARDWARE
ITGIESEN.BF,I & T GIESEN PARTNERSHIP,I & T GIESEN PARTNERSHIP,,LIQUOR DISTRIBUTORS
NCI4585V,IBEX AUSTRALIA PTY LTD,IBEX AUSTRALIA PTY LTD,VIC,BUILDING / HARDWARE
AU15015201,IBEX AUSTRALIA PTY LTD,IBEX AUSTRALIA PTY LTD,VIC,BUILDING / HARDWARE
NCI5756Z,IBEX INTERNATIONAL LIMITED,IBEX INTERNATIONAL LIMITED,,MANUFACTURING
NZ19020300,IBEX INTERNATIONAL LIMITED,IBEX INTERNATIONAL LIMITED,,MANUFACTURING
NZ20023500,ICE-LAND GROUP LIMITED,ICE-LAND GROUP LIMITED,,FOOD / PROVISIONS
UA00037,ICEBERG AIR CONDITIONING PTY LTD,CB AIR CONDITIONING PTY LTD,VIC,AIRCONDITIONING
NCI2234V,ICOM (AUSTRALIA) PTY. LTD.,ICOM (AUSTRALIA) PTY. LTD.,VIC,ELECTRONICS
805929,ICOM (AUSTRALIA) PTY. LTD.,ICOM (AUSTRALIA) PTY. LTD.,VIC,COMPUTERS / ELECTRONICS
NCI1640Q,ICON INDUSTRIAL PTY LTD,ICON INDUSTRIAL PTY LTD,QLD,BUILDING / HARDWARE
1431508-1,IDEAL ELECTRICAL SUPPLIERS LIMITED,IDEAL ELECTRICAL SUPPLIERS LIMITED,,ELECTRICAL
AU-45668,IDEAL METAL ROOFING PTY LTD,IDEAL METAL ROOFING PTY LTD,NSW,ACCOUNTING
231306401,IDEL MEAT GROUP LIMITED,IDEL MEAT GROUP LIMITED,,FOOD / PROVISIONS
AU-55519,IDYLL WINE CO PTY LTD,IDYLL WINE CO PTY LTD,VIC,LIQUOR DISTRIBUTORS
NCI8784N,IES STORMWATER PTY LTD,IES STORMWATER PTY LTD,NSW,ENGINEERING
AU-99532,IES STORMWATER PTY LTD,IES STORMWATER PTY LTD,NSW,ENGINEERING
234184201,IGXGLOBAL UK LIMITED,IGXGLOBAL UK LIMITED,,MISCELLANEOUS
1480002-1,IIL AUSTRALIA PTY LIMITED,IIL AUSTRALIA PTY LIMITED,NSW,FOOD / PROVISIONS
TW-02657,IIL AUSTRALIA PTY LIMITED,IIL AUSTRALIA PTY LIMITED,VIC,BUILDING / HARDWARE
AU-45884,IJF AUSTRALIA PTY LTD,IJF AUSTRALIA PTY LTD,SA,FURNITURE / FLOORS
TW-01225,IKON ELECTRICAL PTY LTD,IKON ELECTRICAL PTY LTD,QLD,ELECTRICAL
1408345-1,IMAGE FACADE PTY LTD,IMAGE FACADE PTY LTD,ACT,BUILDING / HARDWARE
NCI7132Q,IMPACT PLANT HIRE (QLD) PTY LTD,IMPACT PLANT HIRE (QLD) PTY LTD,QLD,EQUIPMENT HIRE
639763,IMPACT PLUMBING AND GAS PTY LTD,IMPACT PLUMBING AND GAS PTY LTD,QLD,PLUMBING
NCI7272Q,IMPERIAL COATINGS QLD PTY LTD,IMPERIAL COATINGS QLD PTY LTD,QLD,BUILDING / HARDWARE
AU-69839,IMPERIAL COATINGS QLD PTY LTD,IMPERIAL COATINGS QLD PTY LTD,QLD,BUILDING / HARDWARE
SG23079700,IMPERIUM SOLUTIONS PTE LTD,IMPERIUM SOLUTIONS PTE LTD,,MISCELLANEOUS
AU24126400,IMS WORKFORCE PTY LTD,IMS WORKFORCE PTY LTD,QLD,LABOUR HIRE
649499,IN TREND PACIFIC PTY LTD,IN TREND PACIFIC PTY LTD,NSW,CLOTHING / TEXTILE
TW-06179,INARI AUSTRALIA PTY LTD,INARI AUSTRALIA PTY LTD,NSW,AGRICULTURE
AU-52177,INCITE FIRE PTY LTD,INCITE FIRE PTY LTD,NSW,BUILDING / HARDWARE
381310,INDENT DIRECT AUSTRALIA PTY LIMITED,INDENT DIRECT AUSTRALIA PTY LIMITED,NSW,PLASTICS
T101527,INDEPENDENT EXTRUSIONS PTY LIMITED,INDEPENDENT EXTRUSIONS PTY LIMITED,VIC,OTHER STEEL
NCI7526V,INDEPENDENT FLOOR CENTRES PTY. LTD.,INDEPENDENT FLOOR CENTRES PTY. LTD.,VIC,FURNITURE / FLOORS
AU-45867,INDEPENDENT GRAIN HANDLERS PTY LTD,INDEPENDENT GRAIN HANDLERS PTY LTD,WA,AGRICULTURE
AU23112400,INDIGO FARM PTY LTD,INDIGO FARM PTY LTD,NSW,OTHER STEEL
P110017409,INDO EUROPEAN FOODS LIMITED,INDO EUROPEAN FOODS LIMITED,,FOOD / PROVISIONS
SG25094000,INDOGUNA (SINGAPORE) PTE LTD,INDOGUNA (SINGAPORE) PTE LTD,,FOOD / PROVISIONS
AU-56944,INDUSTRIAL AIR (S.A.) PTY. LTD.,INDUSTRIAL AIR (S.A.) PTY. LTD.,SA,AIRCONDITIONING
NCI8640V,INDUSTRY METALS PTY LTD,INDUSTRY ROOFING PTY LTD,VIC,BUILDING / HARDWARE
1413894-1,INDUSTRY ROOFING PTY LTD,INDUSTRY ROOFING PTY LTD,VIC,BUILDING / HARDWARE
366870,INEX METALS LIMITED,INEX METALS LIMITED,NZL,OTHER STEEL
NCI2786N,INFA GROUP PTY LTD,INFA GROUP PTY LTD,NSW,FURNITURE / FLOORS
682223,INFINITY LOGISTICS PTY LTD,INFINITY LOGISTICS PTY LTD,NSW,MISCELLANEOUS
AU-88314,INFRABUILD AUSTRALIA PTY LTD,INFRABUILD AUSTRALIA PTY LTD,NSW,BUILDING / HARDWARE
NCI7000Q,INFRONT SECURITY PTY LTD,INFRONT SECURITY PTY LTD,QLD,MISCELLANEOUS
NCI8296V,INFRUIT AUSTRALIA PTY LTD,INFRUIT AUSTRALIA PTY LTD,VIC,FOOD / PROVISIONS
693200,INFRUIT AUSTRALIA PTY LTD,INFRUIT AUSTRALIA PTY LTD,VIC,FOOD / PROVISIONS
AU19063200,INGHAMS ENTERPRISES PTY LIMITED,INGHAMS ENTERPRISES PTY LIMITED,NSW,FOOD / PROVISIONS
NCI2043N,INGHAMS ENTERPRISES PTY LIMITED,INGHAMS ENTERPRISES PTY LIMITED,NSW,FOOD / PROVISIONS
AU-50442,INGRAMS AUSTRALIA PTY LTD,INGRAMS AUSTRALIA PTY LTD,QLD,MANUFACTURING
NCI8370W,INGREDIENT SOLUTIONS AUSTRALIA PTY LTD,INGREDIENT SOLUTIONS AUSTRALIA PTY LTD,WA,FOOD / PROVISIONS
697381,INGREDIENT SOLUTIONS AUSTRALIA PTY LTD,INGREDIENT SOLUTIONS AUSTRALIA PTY LTD,WA,FOOD / PROVISIONS
186278,INGREDIENTS PLUS PTY LIMITED,INGREDIENTS PLUS PTY LTD,NSW,MISCELLANEOUS
WP56001508,INITIATIVE MEDIA AUSTRALIA PTY LTD,OMNICOM,NSW,ADVERTISING
NCI7786N,INLINE FLOORS PTY LIMITED,INLINE FLOORS PTY LIMITED,NSW,FURNITURE / FLOORS
AU-87570,INLINE FLOORS PTY LIMITED,INLINE FLOORS PTY LIMITED,NSW,FURNITURE / FLOORS
NCI8593Q,INLINE FLOORS QLD PTY LTD,INLINE FLOORS PTY LIMITED,QLD,CARPETS
AU-96693,INLINE FLOORS QLD PTY LTD,INLINE FLOORS PTY LIMITED,QLD,CARPETS
NCI8531V,INLINE FLOORS VIC PTY LTD,INLINE FLOORS PTY LIMITED,VIC,HOSPITALITY
AU-95717,INLINE FLOORS VIC PTY LTD,INLINE FLOORS PTY LIMITED,VIC,HOSPITALITY
NCI5726Z,INNOVATE GROUP LIMITED,INNOVATE GROUP LIMITED,,BUILDING / HARDWARE
NZ19019900,INNOVATE GROUP LIMITED,INNOVATE GROUP LIMITED,,FURNITURE / FLOORS
NCI8430N,INNOVATIVE TRAVEL PTY LTD (1000 MILE TRAVEL GROUP),1000 MILE TRAVEL GROUP PTY LTD,NSW,MISCELLANEOUS
615035,INOV-8 EUROPE B.V.,INOVEIGHT LIMITED,,CLOTHING / TEXTILE
568652,INOVEIGHT LIMITED,INOVEIGHT LIMITED,,
NCI8305Q,INSELEC GROUP PTY LTD,INSELEC GROUP PTY LTD,QLD,LABOUR HIRE
AU23110700,INSELEC GROUP PTY LTD,INSELEC GROUP PTY LTD,QLD,LABOUR HIRE
AU24123500,INSIGHT ELECTRICAL TECHNOLOGY PTY LTD,INSIGHT ELECTRICAL TECHNOLOGY PTY LTD,WA,ELECTRICAL
921652,INSIGHT SYSTEMS GROUP PTY. LTD.,INSIGHT SYSTEMS GROUP PTY. LTD.,VIC,ENTERTAINMENT
1276818-1,INSIND PTY LIMITED,INSIND PTY LIMITED,NSW,BUILDING / HARDWARE
NCI8915Q,INSPIRED BUILT PTY LTD,INSPIRED BUILT PTY LTD,QLD,BUILDING / HARDWARE
NCI8919Q,INSTYLE ELECTRICAL & AIR CONDITIONING PTY LTD,INSTYLE ELECTRICAL & AIR CONDITIONING PTY LTD,QLD,AIRCONDITIONING
NCI8872N,INSTYLE PLUMBING AND GASFITTING PTY LTD,INSTYLE PLUMBING AND GASFITTING PTY LTD,NSW,PLUMBING
TW-08632,INSULSHOP PTY LTD,INSULSHOP PTY LTD,NSW,BUILDING / HARDWARE
NCI6093N,INTAFLOORS PTY LTD,INTAFLOORS PTY LTD,NSW,FURNITURE / FLOORS
1039522,INTAFLOORS PTY LTD,INTAFLOORS PTY LTD,NSW,FURNITURE / FLOORS
NZ-100277,INTEGRA INDUSTRIES LIMITED,INTEGRA INDUSTRIES LIMITED,,CHEMICALS
SG25096500,INTEGRA PETROCHEMICALS PTE. LTD.,INTEGRA PETROCHEMICALS PTE. LTD.,,MISCELLANEOUS
NCI8337Z,INTEGRITY FOOD DISTRIBUTORS LIMITED,INTEGRITY FOOD DISTRIBUTORS LIMITED,,FOOD / PROVISIONS
695325,INTEGRITY FOOD DISTRIBUTORS LIMITED,INTEGRITY FOOD DISTRIBUTORS LIMITED,,FOOD / PROVISIONS
AU-51205,INTER STEEL PTY LTD,INTER STEEL PTY LTD,WA,MAJOR STEEL
AU-67350,INTERAUST FOODS PTY. LTD.,INTERAUST FOODS PTY. LTD.,VIC,FOOD / PROVISIONS
NCI3980V,INTERBRAND AUSTRALIA PTY LTD,OMNICOM,NSW,ADVERTISING
WP56001007,INTERBRAND AUSTRALIA PTY LTD,OMNICOM,NSW,ADVERTISING
NCI8561V,INTERFAB PTY LTD,INTERFAB PTY. LTD.,VIC,MANUFACTURING
AU20075900,INTERFAB PTY LTD,INTERFAB PTY. LTD.,VIC,MANUFACTURING
NCI5041W,INTERIA DESIGN PTY LTD,INTERIA DESIGN PTY LTD,WA,FURNITURE / FLOORS
AU18057900,INTERIA DESIGN PTY LTD,INTERIA DESIGN PTY LTD,WA,BUILDING / HARDWARE
NCI6264N,INTERNATIONAL MANAGEMENT SYSTEMS PTY LTD,INTERNATIONAL MANAGEMENT SYSTEMS PTY LTD,NSW,ENGINEERING
AU25139800,INTERPOD AUSTRALIA PTY LTD,INTERPOD AUSTRALIA PTY LTD,NSW,BUILDING / HARDWARE
AU-55322,INTERSTATE ENTERPRISES PTY LTD,INTERSTATE ENTERPRISES PTY LTD,WA,EMPLOYMENT AGENCIES
NCI4310N,INTERSTATE ENTERPRISES PTY LTD,INTERSTATE ENTERPRISES PTY LTD,WA,EMPLOYMENT AGENCIES
518509,INTERTRADING (NOMINEES) PTY. LTD.,INTERTRADING (NOMINEES) PTY. LTD.,NSW,FOOD / PROVISIONS
NCI4645V,INTEX GROUP INTERNATIONAL PTY LTD,INTEX GROUP INTERNATIONAL PTY LTD,VIC,BUILDING / HARDWARE
AU16038800,INTEX GROUP INTERNATIONAL PTY LTD,INTEX GROUP INTERNATIONAL PTY LTD,VIC,BUILDING / HARDWARE
NCI7873V,INTRASPACE PTY LTD,INTRASPACE PTY LTD,VIC,BUILDING / HARDWARE
NCI7732N,INTRIM GROUP PTY LTD,INTRIM GROUP PTY LTD,NSW,BUILDING / HARDWARE
UA00135,INTRIM GROUP PTY LTD,INTRIM GROUP PTY LTD,NSW,BUILDING / HARDWARE
813726,INVERTEK DRIVES LIMITED,INVERTEK DRIVES LIMITED,,MANUFACTURING
NCI8047V,INVOICE MONEY PTY LTD,INVOICE MONEY PTY LTD,VIC,FINANCE
WP56001501,IPG DXTRA (AUSTRALIA) PTY LTD,OMNICOM,NSW,ADVERTISING
WP56001504,IPG DXTRA (AUSTRALIA) PTY LTD,OMNICOM,NSW,ADVERTISING
1253456-1,IPLASTA PTY LTD,IPLASTA PTY LTD,NSW,PLASTER
210927,IPLEX PIPELINES AUSTRALIA PTY LTD,IPLEX PIPELINES AUSTRALIA PTY LTD,QLD,BUILDING / HARDWARE
NCI5982Q,IQSS PTY LTD,IQSS PTY LTD,QLD,BUILDING / HARDWARE
SR100191,IQSS PTY LTD,IQSS PTY LTD,QLD,BUILDING / HARDWARE
AU19070300,IQSS PTY LTD,IQSS PTY LTD,QLD,BUILDING / HARDWARE
NCI7276V,IROCK FINISHES PTY LTD,IROCK FINISHES PTY LTD,VIC,BUILDING / HARDWARE
NCI7359W,IRRIGEAR STORES CO-OPERATIVE LIMITED,IRRIGEAR STORES CO-OPERATIVE LIMITED,VIC,AGRICULTURE
AU19065400,IRS INTERNATIONAL PTY LTD,IRS INTERNATIONAL PTY LTD,VIC,TRANSPORT
AU20074601,ISALBI PTY LTD,ISALBI PTY LTD,VIC,RETAIL
NCI8170Z,ISLINGTON GROUP LIMITED,ISLINGTON GROUP LIMITED,,MANUFACTURING
NZ17012302,ISLINGTON GROUP LIMITED,ISLINGTON GROUP LIMITED,,MANUFACTURING
NCI8880N,ITALIAN MARBLE AND GRANITE PTY LTD,ITALIAN MARBLE AND GRANITE PTY LTD,NSW,MANUFACTURING
NCI8209W,ITECH WORLD PTY LTD,ITECH WORLD PTY LTD,WA,ELECTRONICS
688836,ITECH WORLD PTY LTD,ITECH WORLD PTY LTD,WA,ELECTRONICS
1335908-1,ITRADE STEEL PTY LIMITED,ITRADE STEEL PTY LIMITED,NSW,MAJOR STEEL
TS-07840,ITW AUSTRALIA PTY LTD,ITW AUSTRALIA PTY LTD,VIC,BUILDING / HARDWARE
NCI8829V,IW INTERIORS PTY LTD,IW INTERIORS PTY LTD,VIC,MISCELLANEOUS
NCI2232V,IXL HOME PTY LTD,IXL HOME PTY LTD,VIC,MANUFACTURING
AU-48388,IXL HOME PTY LTD,IXL HOME PTY LTD,VIC,WHITEGOODS / ELECTRICAL
NCI2702V,IXL METAL CASTINGS PTY LTD,IXL HOME PTY LTD,VIC,MANUFACTURING
AU-99785,IXOM OPERATIONS PTY LTD,IXOM OPERATIONS PTY LTD,VIC,CHEMICALS
1314815-1,J & C THREADING PTY LTD,J & C THREADING PTY LTD,VIC,MANUFACTURING
AU-47721,J & J HEATING PTY LTD,J & J HEATING PTY LTD,VIC,AIRCONDITIONING
NCI6130N,J & L MARBLE PTY. LTD.,J & L MARBLE PTY. LTD.,NSW,BUILDING / HARDWARE
NCI1323N,J A CROCKETT PTY LTD,J A CROCKETT PTY LTD,NSW,BUILDING / HARDWARE
NCI0012N,J BLACKWOOD & SON PTY LTD,J BLACKWOOD & SON PTY LTD,QLD,ENGINEERING
1481882,J BOYLE & L WESTON,J BOYLE & L WESTON,VIC,FOOD / PROVISIONS
199355,J L CRICHTON & CO LTD,J L CRICHTON & CO LTD,,WOOL SUPPLIERS
1333567-1,J S C PTY LTD,J S C PTY LTD,ACT,BUILDING / HARDWARE
NCI0987S,J T JOHNSON & SONS PTY LTD,J T JOHNSON & SONS PTY LTD,SA,AGRICULTURE
821503,J T JOHNSON & SONS PTY LTD,J T JOHNSON & SONS PTY LTD,SA,AGRICULTURE
NCI5922V,J.C.'S QUALITY FOODS PTY LTD,J.C.'S QUALITY FOODS PTY LTD,VIC,FOOD / PROVISIONS
T100560,J.J. CONTRACT CARPETS PTY LTD,J.J. CONTRACT CARPETS PTY LTD,VIC,CARPETS
NCI6032W,J.J.D. ENTERPRISES (WA) PTY LTD,J.J.D. ENTERPRISES (WA) PTY LTD,WA,BUILDING / HARDWARE
T103846,J.J.D. ENTERPRISES (WA) PTY LTD,J.J.D. ENTERPRISES (WA) PTY LTD,WA,BUILDING / HARDWARE
NCI6018W,J.N. TAYLOR & COMPANY PTY LTD,J.N. TAYLOR & COMPANY PTY LTD,WA,EQUIPMENT HIRE
AU-95761,J.R PRIME PTY LTD,J.R PRIME PTY LTD,NSW,BUILDING / HARDWARE
AU-56234,J.R. STEPHENS & CO. PTY. LTD.,J.R. STEPHENS & CO. PTY. LTD.,QLD,TRANSPORT
NCI7011V,J&C INTERNATIONAL CONSTRUCTIONS PTY LTD,J&C INTERNATIONAL CONSTRUCTIONS PTY LTD,VIC,BUILDING / HARDWARE
1137352,J&C INTERNATIONAL CONSTRUCTIONS PTY LTD,J&C INTERNATIONAL CONSTRUCTIONS PTY LTD,VIC,BUILDING / HARDWARE
AU24125500,J&R SYNERGY PTY LTD.,J&R SYNERGY PTY LTD.,QLD,LABOUR HIRE
NCI7257W,JACAT NOMINEES PTY LTD,JACAT NOMINEES PTY LTD,WA,BUILDING / HARDWARE
NCI8871N,JACK RENDERING PTY LTD,JACK RENDERING PTY LTD,ACT,BUILDING / HARDWARE
NCI8044N,JACK TAYLOR GROUP PTY. LTD.,JACK TAYLOR GROUP PTY. LTD.,ACT,MISCELLANEOUS
NCI4651Q,JAGFENCE PTY LTD,JAGFENCE PTY LTD,QLD,OTHER STEEL
AU15038101,JAGFENCE PTY LTD,JAGFENCE PTY LTD,QLD,OTHER STEEL
TW-03438,JAGUAR ROOFING SERVICES PTY. LTD.,JAGUAR ROOFING SERVICES PTY. LTD.,VIC,BUILDING / HARDWARE
AU26151900,JAIYA ENTERPRISES PTY LTD,JAIYA ENTERPRISES PTY LTD,QLD,VEHICLE / TYRES
TW-00296,JAMEL ENTERPRISES PTY LTD,JAMEL ENTERPRISES PTY LTD,WA,BUILDING / HARDWARE
643000,JAMES CRAW LIMITED,JAMES CRAW LIMITED,,BUILDING / HARDWARE
NCI8424W,JASMINE KIRALAI PTY LIMITED (1000 MILE TRAVEL GROUP),1000 MILE TRAVEL GROUP PTY LTD,WA,MISCELLANEOUS
NCI4376W,JASON WINDOWS PTY. LTD.,JASON WINDOWS PTY. LTD.,WA,BUILDING / HARDWARE
1448139-1,JASPIN CONSTRUCTION PTY LTD,JASPIN CONSTRUCTION PTY LTD,QLD,BUILDING / HARDWARE
NCI6912V,JATS 2 PTY LTD & S AND S PACKAGING 2 PTY LTD & STAKEM PTY LTD,JATS 2 PTY LTD & S AND S PACKAGING 2 PTY LTD & STAKEM PTY LTD,VIC,PAPER / PRINTING / STATIONERY
NCI4649Q,JAYMAC QLD PTY LTD,JAYMAC QLD PTY LTD,QLD,AUTOMOTIVE
AU15020500,JAYMAC QLD PTY LTD,JAYMAC QLD PTY LTD,QLD,AUTOMOTIVE
NZ-50573,JB HI-FI GROUP (NZ) LIMITED,JB HI-FI GROUP PTY LTD,,ELECTRONICS
NCIJBHI-FI,JB HI-FI GROUP PTY LTD,JB HI-FI GROUP PTY LTD,VIC,ELECTRONICS
AU-46984,JB HI-FI GROUP PTY LTD,JB HI-FI GROUP PTY LTD,VIC,ELECTRONICS
NCI8730V,JB HI-FI GROUP PTY LTD,JB HI-FI GROUP PTY LTD,VIC,ELECTRONICS
NCI8876V,JB PAPER TRADING PTY LTD,JB PAPER TRADING PTY LTD,VIC,PAPER / PRINTING / STATIONERY
877245,JBD AUSTRALIA PTY LTD,JBD AUSTRALIA PTY LTD,QLD,AGRICULTURE
NCI8006Q,JBD STEEL DETAILING PTY LTD,JBD STEEL DETAILING PTY LTD,QLD,OTHER STEEL
NCI4963Q,JBS AUSTRALIA PTY LIMITED,JBS AUSTRALIA PTY LIMITED,QLD,FOOD / PROVISIONS
D68650TCA2,JBS GLOBAL (UK) LTD,JBS GLOBAL (UK) LTD,,FOOD / PROVISIONS
1222586,JDM AIR PTY LTD,JDM AIR PTY LTD,VIC,ELECTRICAL
717289,JDS INTERFOODS PTY LTD,JDS INTERFOODS PTY LTD,VIC,FOOD / PROVISIONS
NCI3030Q,JEAYS HARDWARE PTY LTD,JEAYS HARDWARE PTY LTD,QLD,TIMBER
AU-47635,JEAYS HARDWARE PTY LTD,JEAYS HARDWARE PTY LTD,QLD,TIMBER
1000190812,JEB INNOVATION AND TECHNOLOGIES PTE LTD,JEB INNOVATION AND TECHNOLOGIES PTE LTD,,ELECTRONICS
T106948,JED (AUSTRALIA) PTY. LTD.,JED (AUSTRALIA) PTY. LTD.,NSW,MANUFACTURING
AU-49927,JEFFA & MTB PTY LTD & BUCKLEYS TLC PTY LTD,JEFFA & MTB PTY LTD & BUCKLEYS TLC PTY LTD,WA,TRANSPORT
JEFFRIESBF,JEFFRIES FARMING CO LIMITED,JEFFRIES FARMING CO LIMITED,,
1414447-1,JEMARK IMPORTS PTY. LTD.,JEMARK IMPORTS PTY. LTD.,VIC,MISCELLANEOUS
NCI8463V,JENKE TRAVEL PTY LTD (1000 MILE TRAVEL GROUP),1000 MILE TRAVEL GROUP PTY LTD,VIC,MISCELLANEOUS
NCI7723V,JEWEL SASHLESS WINDOWS AUST. PTY LTD,JEWEL SASHLESS WINDOWS AUST. PTY LTD,VIC,BUILDING / HARDWARE
659167,JEWEL SASHLESS WINDOWS AUST. PTY LTD,JEWEL SASHLESS WINDOWS AUST. PTY LTD,VIC,BUILDING / HARDWARE
AU-48267,JFE SHOJI AUSTRALIA PTY LTD,JFE SHOJI AUSTRALIA PTY LTD,NSW,OTHER STEEL
NCI7981V,JFK INTERIORS AUSTRALIA PTY. LTD.,JFK INTERIORS AUSTRALIA PTY. LTD.,VIC,MANUFACTURING
NCI8613Q,JGI OXENFORD PTY LTD,JGI OXENFORD PTY LTD,QLD,MINING
AU23111500,JGI OXENFORD PTY LTD,JGI OXENFORD PTY LTD,QLD,MINING
1187299,JI COMMERCIAL JOINERY PTY. LTD.,JI COMMERCIAL JOINERY PTY. LTD.,VIC,BUILDING / HARDWARE
NCI7769S,JL & KJ JARVIS PTY LTD,JL & KJ JARVIS PTY LTD,SA,TIMBER
AU-48240,JLM FENCING PTY LTD,JLM FENCING PTY LTD,VIC,BUILDING / HARDWARE
NCI8221W,JLZ SCAFFOLDING PTY LTD,JLZ SCAFFOLDING PTY LTD,WA,BUILDING / HARDWARE
AU-74052,JMB ELECTRICAL & AIR CONDITIONING PTY LTD,JMB ELECTRICAL & AIR CONDITIONING PTY LTD,QLD,ELECTRICAL
NCI7576V,JMP SERVICES GROUP PTY LTD,JMP SERVICES GROUP PTY LTD,VIC,ELECTRICAL
984948,JOEST AUSTRALIA PTY LTD,JOEST AUSTRALIA PTY LTD,WA,ENGINEERING
NCI7047V,JOHN COTTON AUSTRALIA PTY LTD,JOHN COTTON AUSTRALIA PTY LTD,VIC,RETAIL
AU20073700,JOHN COTTON AUSTRALIA PTY LTD,JOHN COTTON AUSTRALIA PTY LTD,VIC,RETAIL
200314501,JOHN HELLYAR & COMPANY LIMITED,JOHN HELLYAR & COMPANY LIMITED,,PLASTICS
AU-75980,JOHN LOVEGROVE & CO. PTY LTD,JOHN LOVEGROVE & CO. PTY LTD,WA,ELECTRICAL
NZ16007700,JOHN MARSHALL AND COMPANY LIMITED,JOHN MARSHALL AND COMPANY LIMITED,NZL,WOOL SUPPLIERS
C160077Z00,JOHN MARSHALL AND COMPANY LIMITED / CAP,JOHN MARSHALL AND COMPANY LIMITED,,WOOL SUPPLIERS
AU-47965,JOHN S HAYES & ASSOCIATES PTY LIMITED,JOHN S. HAYES & ASSOCIATES PTY LTD,NSW,HOSPITALITY
NCI4526N,JOHNSTON PACKAGING PTY LIMITED,JOHNSTON PACKAGING PTY LIMITED,NSW,MANUFACTURING
542801,JOHNSTON PACKAGING PTY LIMITED,JOHNSTON PACKAGING PTY LIMITED,NSW,MANUFACTURING
NCI7917Q,JOII LIMITED,JOII LIMITED,QLD,BUILDING / HARDWARE
NCI8858N,JOINERY DEPOT PTY LTD,JOINERY DEPOT PTY LTD,NSW,BUILDING / HARDWARE
UA00162,JOINERY DEPOT PTY LTD,JOINERY DEPOT PTY LTD,NSW,BUILDING / HARDWARE
AU15026201,JOINPRO AUSTRALIA PTY LTD,JOINPRO AUSTRALIA PTY LTD,QLD,BUILDING / HARDWARE
139976,JOLLY JANE PTY LTD,JOLLY JANE PTY LTD,QLD,MANUFACTURING
NCI8189V,JONETRAL HOLDINGS PTY LTD,JONETRAL HOLDINGS PTY LTD,VIC,BUILDING / HARDWARE
AU24122100,JONETRAL HOLDINGS PTY LTD,JONETRAL HOLDINGS PTY LTD,VIC,BUILDING / HARDWARE
NCI8156N,JONOX PTY LTD,JONOX PTY LTD,ACT,EQUIPMENT HIRE
AU24121700,JONOX PTY LTD,JONOX PTY LTD,ACT,EQUIPMENT HIRE
AU22104500,JORDAN DEVELOPMENTS PTY LTD (SUBJECT TO DOCA),JORDAN DEVELOPMENTS PTY LTD (SUBJECT TO DOCA),VIC,ADVERTISING
NCI7706V,JP HARDWARE SUPPLIES PTY LTD,JP HARDWARE SUPPLIES PTY LTD,VIC,BUILDING / HARDWARE
TW-08107,JP HARDWARE SUPPLIES PTY LTD,JP HARDWARE SUPPLIES PTY LTD,VIC,BUILDING / HARDWARE
NCI8507V,JPC INTERNATIONAL PTY LTD,JPC INTERNATIONAL PTY LTD,VIC,FREIGHT FORWARDERS
AU25135300,JPC INTERNATIONAL PTY LTD,JPC INTERNATIONAL PTY LTD,VIC,FREIGHT FORWARDERS
NZ-65780,JR'S ORCHARDS LIMITED,JR'S ORCHARDS LIMITED,,FOOD / PROVISIONS
P120000779,JSM (UK) LTD,JSM (UK) LTD,,ADVERTISING
NCI6310Q,JTY IMPORTS/EXPORTS PTY LTD,JTY IMPORTS/EXPORTS PTY LTD,QLD,RETAIL
AU20073200,JTY IMPORTS/EXPORTS PTY LTD,JTY IMPORTS/EXPORTS PTY LTD,QLD,RETAIL
NZ25033200,JUICE PRODUCTS NEW ZEALAND LIMITED,JUICE PRODUCTS NEW ZEALAND LIMITED,,FOOD / PROVISIONS
NZ21026900,JURALCO ALUMINIUM BUILDING PRODUCTS LTD,JURALCO ALUMINIUM BUILDING PRODUCTS LTD,,BUILDING / HARDWARE
NCI8576N,JUST FOR PETS AUSTRALIA PTY LTD,JUST FOR PETS AUSTRALIA PTY LTD,NSW,MISCELLANEOUS
AU25137000,JUST FOR PETS AUSTRALIA PTY LTD,JUST FOR PETS AUSTRALIA PTY LTD,NSW,MISCELLANEOUS
NCI8194V,JV RECRUITMENT PTY LTD,JV RECRUITMENT PTY LTD,VIC,LABOUR HIRE
AU-98412,JV RECRUITMENT PTY LTD,JV RECRUITMENT PTY LTD,VIC,LABOUR HIRE
AU24122300,JV RECRUITMENT PTY LTD,JV RECRUITMENT PTY LTD,VIC,LABOUR HIRE
JVSTIMBERW,JVS TIMBER WHOLESALERS PTY LTD,JVS TIMBER WHOLESALERS PTY LTD,VIC,TIMBER
NCI8397S,JZ TRAVEL PTY LTD (1000 MILE TRAVEL GROUP),1000 MILE TRAVEL GROUP PTY LTD,SA,MISCELLANEOUS
NCI8853S,K & B TIMBER & HARDWARE PTY LTD,TOTAL TOOLS & HARDWARE GROUP,SA,BUILDING / HARDWARE
TW-04760,K & B TIMBER & HARDWARE PTY LTD,TOTAL TOOLS & HARDWARE GROUP,SA,BUILDING / HARDWARE
NCI8634N,K & W HAULAGE PTY LTD,K & W HAULAGE PTY LTD,NSW,BUILDING / HARDWARE
1407530-1,K & W HAULAGE PTY LTD,K & W HAULAGE PTY LTD,NSW,BUILDING / HARDWARE
SG24092900,K.U.S HOLDINGS (S) PTE LTD,K.U.S HOLDINGS (S) PTE LTD,,BUILDING / HARDWARE
SG25093100,"K.U.S STRUCTURAL COMPONENTS, INC.","K.U.S STRUCTURAL COMPONENTS, INC.",,BUILDING / HARDWARE
NCI6276Q,K63 PTY LTD,K63 PTY LTD,QLD,BUILDING / HARDWARE
NCI7051V,K8 BUILDING TECH PTY LTD,K8 BUILDING TECH PTY LTD,VIC,BUILDING / HARDWARE
1143455,K8 BUILDING TECH PTY LTD,K8 BUILDING TECH PTY LTD,VIC,BUILDING / HARDWARE
NCI8643S,K8 GLOBAL SA PTY LTD,K8 BUILDING TECH PTY LTD,SA,BUILDING / HARDWARE
1416187-1,K8 GLOBAL SA PTY LTD,K8 BUILDING TECH PTY LTD,SA,BUILDING / HARDWARE
NCI8420V,KA MCCULLOCH PTY LTD (1000 MILE TRAVEL GROUP),1000 MILE TRAVEL GROUP PTY LTD,VIC,MISCELLANEOUS
NCI6220Z,KAAN'S CATERING SUPPLIES LIMITED,KAAN'S CATERING SUPPLIES LIMITED,,FOOD / PROVISIONS
NZ21026200,KAAN'S CATERING SUPPLIES LIMITED,KAAN'S CATERING SUPPLIES LIMITED,,FOOD / PROVISIONS
NCI8649W,KAANHA PTY. LTD.,KAANHA PTY. LTD.,WA,REAL ESTATE
644367,KABELTEC ASIA PACIFIC PTE LTD,KABELTEC ASIA PACIFIC PTE LTD,,MISCELLANEOUS
NZ-100640,KAIAPOI BUILDING SUPPLIES LIMITED,KAIAPOI BUILDING SUPPLIES LIMITED,,BUILDING / HARDWARE
1490817,KAIMERA PTY LTD,HAVAS WORLDWIDE AUSTRALIA PTY LTD,NSW,ADVERTISING
NCI8950Z,KAINGAROA TIPU LIMITED,KAINGAROA TIPU LIMITED,,TIMBER
1191734,KAIS HIRE PTY LTD,KAIS HIRE PTY LTD,WA,EQUIPMENT HIRE
AU25145200,KALEIDOSCOPE AUSTRALASIA PTY. LTD.,KALEIDOSCOPE AUSTRALASIA PTY. LTD.,QLD,RETAIL
AU15031000,KALGIN HOLDINGS PTY LTD,KALGIN HOLDINGS PTY LTD,NSW,FREIGHT FORWARDERS
NCI2801V,KALMAR EQUIPMENT (AUSTRALIA) PTY. LTD.,HIAB AUSTRALIA PTY LTD,VIC,EQUIPMENT HIRE
AU-53653,KANJI GROUP PTY LTD,UNITED INDUSTRIES LIMITED,NSW,MAJOR STEEL
TW-01924,KANTFIELD PTY. LTD.,KANTFIELD PTY. LTD.,VIC,MANUFACTURING
NCI2944V,KANTFIELD PTY. LTD.,KANTFIELD PTY. LTD.,VIC,PLASTICS
NCI5124W,KARLKA FENCEWRIGHT WA PTY LTD,KARLKA FENCEWRIGHT WA PTY LTD,WA,MANUFACTURING
184524,KARLKA FENCEWRIGHT WA PTY LTD,KARLKA FENCEWRIGHT WA PTY LTD,WA,MAJOR STEEL
NCI6331V,KASKADESTONE PTY LTD,KASKADESTONE PTY LTD,VIC,MANUFACTURING
NCI2605Q,KATANA FOUNDATIONS AUSTRALIA PTY LTD,PETERSMITH PTY LTD,NSW,BUILDING / HARDWARE
1162743,KATANA FOUNDATIONS AUSTRALIA PTY LTD,PETERSMITH PTY LTD,NSW,BUILDING / HARDWARE
NCI8380Q,KAWANA FLOORING PTY LTD,KAWANA FLOORING PTY LTD,QLD,FURNITURE / FLOORS
NCI8555N,KAZOO PET CO. PTY LIMITED,KAZOO PET CO. PTY LIMITED,NSW,MISCELLANEOUS
1390004-1,KAZOO PET CO. PTY LIMITED,KAZOO PET CO. PTY LIMITED,NSW,MANUFACTURING
AU16038600,KB AGRI SERVICES PTY LTD,KB AGRI SERVICES PTY LTD,QLD,AGRICULTURE
AU26150300,KBS GLOBAL SOLUTIONS PTY LTD,KBS GLOBAL SOLUTIONS PTY LTD,WA,MINING
NCI1445V,KEBLE'S TRADING DANDENONG PTY LTD,KEBLE'S TRADING DANDENONG PTY LTD,VIC,BUILDING / HARDWARE
AU-45289,KEE HIRE PTY LTD,KEE HIRE PTY LTD,WA,LABOUR HIRE
NCI4025W,KEE HIRE PTY LTD,KEE HIRE PTY LTD,WA,LABOUR HIRE
1286657-1,KEECE GROUP PTY LTD,KEECE GROUP PTY LTD,VIC,ELECTRICAL
1422730-1,KEENFINITY PTY LTD,KEENFINITY PTY LTD,NSW,MISCELLANEOUS
449069.01,KELLY TILLAGE PTY LTD,KELLY TILLAGE PTY LTD,SA,MANUFACTURING
NCI6757Q,KEMSHEAD PTY LTD,KEMSHEAD PTY LTD,QLD,EQUIPMENT HIRE
T104703,KEMSHEAD PTY LTD,KEMSHEAD PTY LTD,QLD,EQUIPMENT HIRE
NCI6966N,KENNARD GROUP HOLDINGS PTY LTD,KENNARD GROUP HOLDINGS PTY LTD,NSW,FURNITURE / FLOORS
AU15018601,KENNARD GROUP HOLDINGS PTY LTD,KENNARD GROUP HOLDINGS PTY LTD,NSW,FURNITURE / FLOORS
T104380,KENTUCKY FORGE PTY. LTD.,KENTUCKY FORGE PTY. LTD.,VIC,BUILDING / HARDWARE
NCI8392W,KENWORTHY DIESEL MECHANICAL SERVICES PTY LTD,KENWORTHY DIESEL MECHANICAL SERVICES PTY LTD,WA,MINING
AU24131400,KENWORTHY DIESEL MECHANICAL SERVICES PTY LTD,KENWORTHY DIESEL MECHANICAL SERVICES PTY LTD,WA,EQUIPMENT HIRE
NCI6282W,KERAMOS PTY LTD,KERAMOS PTY LTD,WA,MINING
AU20079200,KERAMOS PTY LTD,KERAMOS PTY LTD,WA,MINING
NCI6168V,KERFAB GROUP PTY LTD,KERFAB GROUP PTY LTD,VIC,MANUFACTURING
AU20074801,KERFAB GROUP PTY LTD,KERFAB GROUP PTY LTD,VIC,MANUFACTURING
AU22098300,KERFOOT PTY LTD,KERFOOT PTY LTD,NSW,ELECTRICAL
P120000431,KERNOW FIXINGS LIMITED,KERNOW FIXINGS LIMITED,,BUILDING / HARDWARE
AU26150800,KEY-LINE DISTRIBUTORS PTY LTD,KEY-LINE DISTRIBUTORS PTY LTD,QLD,BUILDING / HARDWARE
10160,KILCOY PASTORAL COMPANY LIMITED,KILCOY PASTORAL COMPANY LIMITED,QLD,AGRICULTURE
AU-82039,KILCOY PASTORAL COMPANY LIMITED,KILCOY PASTORAL COMPANY LIMITED,QLD,AGRICULTURE
NCI6890Q,KILCOY PASTORAL COMPANY LIMITED,KILCOY PASTORAL COMPANY LIMITED,QLD,FOOD / PROVISIONS
WP56001506,KINESSO PTY LTD,OMNICOM,NSW,ADVERTISING
NCI5890N,KING COMMERCIAL FLOORCOVERINGS PTY LIMITED,KING COMMERCIAL FLOORCOVERINGS PTY LIMITED,NSW,FURNITURE / FLOORS
1019919,KING COMMERCIAL FLOORCOVERINGS PTY LIMITED,KING COMMERCIAL FLOORCOVERINGS PTY LIMITED,NSW,FURNITURE / FLOORS
NCI6920Q,KING TRUSS PTY. LTD.,KING TRUSS PTY. LTD.,QLD,BUILDING / HARDWARE
TW-03170,KING TRUSS PTY. LTD.,KING TRUSS PTY. LTD.,QLD,BUILDING / HARDWARE
NCI5280N,KINGSPAN INSULATED PANELS PTY LTD,KINGSPAN INSULATED PANELS PTY LTD,NSW,MANUFACTURING
829525,KINGSTON ESTATE WINES PTY LTD,KINGSTON ESTATE WINES PTY LTD,SA,LIQUOR DISTRIBUTORS
NCI8375N,KIRBY HVAC&R  PTY LTD,BEIJER REF HOLDINGS AUSTRALIA PTY LTD,NSW,WHITEGOODS / ELECTRICAL
AU-93288,KIRBY HVAC&R PTY LTD,BEIJER REF HOLDINGS AUSTRALIA PTY LTD,NSW,WHITEGOODS / ELECTRICAL
NCI7803Z,KITCHEN CONCEPTS LIMITED,KITCHEN CONCEPTS LIMITED,,BUILDING / HARDWARE
NZ23029600,KITCHEN CONCEPTS LIMITED,KITCHEN CONCEPTS LIMITED,,BUILDING / HARDWARE
1258922-1,KITCHEN IMAGE AUSTRALIA PTY LIMITED,KITCHEN IMAGE AUSTRALIA PTY LTD,NSW,BUILDING / HARDWARE
NCI7937Q,KITCHENS BY BOWEN PTY LTD,KITCHENS BY BOWEN PTY LTD,QLD,BUILDING / HARDWARE
UA00019,KLEENCUT SOLUTIONS PTY. LTD.,KLEENCUT SOLUTIONS PTY. LTD.,QLD,MANUFACTURING
NCI2604W,KLINGER LTD,KLINGER LIMITED,WA,OTHER STEEL
NCI7545Q,KNOTWOOD PTY LTD,KNOTWOOD PTY LTD,QLD,MANUFACTURING
639678,KNOTWOOD PTY LTD,KNOTWOOD PTY LTD,QLD,MANUFACTURING
AU23117700,KOALA CHERRIES PTY LTD,KOALA CHERRIES PTY LTD,VIC,FOOD / PROVISIONS
C231177A00,KOALA CHERRIES PTY LTD / CAP,KOALA CHERRIES PTY LTD,VIC,FOOD / PROVISIONS
681715,KODAK (AUSTRALASIA) PTY LTD,KODAK (AUSTRALASIA) PTY LTD,VIC,PAPER / PRINTING / STATIONERY
681720,KODAK NEW ZEALAND LTD,KODAK (AUSTRALASIA) PTY LTD,,PAPER / PRINTING / STATIONERY
NCI6805W,KOELEN CARTAGE PTY LTD,KOELEN CARTAGE PTY LTD,WA,TRANSPORT
FL10001359,KOLLECT SYSTEMS SDN BHD,KOLLECT SYSTEMS SDN BHD,,MISCELLANEOUS
AU22096701,KOMATSU AUSTRALIA PTY LTD,KOMATSU AUSTRALIA PTY LTD,NSW,VEHICLE / TYRES
NCI5003Q,KOMPAN AUSTRALIA PTY LTD,KOMPAN AUSTRALIA PTY LTD,QLD,MANUFACTURING
NCI7214V,KOOKABURRA SPORT PTY. LTD.,KOOKABURRA SPORT PTY. LTD.,VIC,RETAIL
1058149,KORVEST LIMITED,KORVEST LIMITED,SA,MANUFACTURING
AU-49703,KOUKOUROU PTY LTD,KOUKOUROU PTY LTD,SA,ENGINEERING
AU-45949,KOUNIS METAL INDUSTRIES PTY. LTD.,KOUNIS METAL INDUSTRIES PTY. LTD.,WA,ELECTRICAL
AU-54089,KPI LABOUR HIRE PTY LTD,KPI LABOUR HIRE PTY LTD,VIC,LABOUR HIRE
NCI4185N,KRETCHMER ENTERPRISES PTY LTD,KRETCHMER ENTERPRISES PTY LTD,NSW,BUILDING / HARDWARE
1318347-1,KRETCHMER ENTERPRISES PTY LTD,KRETCHMER ENTERPRISES PTY LTD,NSW,EQUIPMENT HIRE
NCI8729V,KRS FABRICATION PTY LTD,KRS FABRICATION PTY LTD,VIC,OTHER STEEL
1434501-1,KRS FABRICATION PTY LTD,KRS FABRICATION PTY LTD,VIC,OTHER STEEL
NCI8300Z,KSL DISTRIBUTION LIMITED,KSL DISTRIBUTION LIMITED,,ELECTRONICS
NZ-92090,KSL DISTRIBUTION LIMITED,KSL DISTRIBUTION LIMITED,,ELECTRONICS
NCI8427W,KSMJ CONSULTING PTY LTD (1000 MILE TRAVEL GROUP),1000 MILE TRAVEL GROUP PTY LTD,WA,MISCELLANEOUS
AU-80541,KTL (AUSTRALIA) PTY LTD,KTL (AUSTRALIA) PTY LTD,VIC,FREIGHT FORWARDERS
NCI7044V,KTL (AUSTRALIA) PTY LTD,KTL (AUSTRALIA) PTY LTD,VIC,FREIGHT FORWARDERS
NCI5365V,KUANJIA PTY LTD,KUANJIA PTY LTD,VIC,TIMBER
AU-99572,KUANJIA PTY LTD,KUANJIA PTY LTD,VIC,TIMBER
AU22103000,KWP AND PARTNERS PTY LTD,KWP AND PARTNERS PTY LTD,SA,ADVERTISING
1022084,L & V PROJECT POOLS (AUST) PTY LTD,L & V PROJECT POOLS (AUST) PTY LTD,QLD,BUILDING / HARDWARE
NCI8744N,L A KENNETT ENTERPRISES PTY LTD,L A KENNETT ENTERPRISES PTY LTD,NSW,MISCELLANEOUS
AU25145300,L A KENNETT ENTERPRISES PTY LTD,L A KENNETT ENTERPRISES PTY LTD,NSW,MISCELLANEOUS
1385918-1,L WINDOWS AUSTRALIA PTY LTD,L WINDOWS AUSTRALIA PTY LTD,VIC,MANUFACTURING
NCI1139Q,L Y H AUSTRALIA PTY LTD,L Y H AUSTRALIA PTY LTD,QLD,BUILDING / HARDWARE
AU-50689,L Y H AUSTRALIA PTY LTD,L Y H AUSTRALIA PTY LTD,QLD,BUILDING / HARDWARE
AU21084700,L. MONDELLO & SON PTY. LTD.,L. MONDELLO & SON PTY. LTD.,SA,AGRICULTURE
NCI7666S,L. O'REILLY PTY. LTD.,L. O'REILLY PTY. LTD.,SA,RETAIL
AU-86753,L.H. PERRY & SONS PTY. LTD.,L.H. PERRY & SONS PTY. LTD.,SA,FUEL DISTRIBUTORS
NCI5007S,L.H. PERRY & SONS PTY. LTD.,L.H. PERRY & SONS PTY. LTD.,SA,FUEL DISTRIBUTORS
673698,L'ATELIER MEDIA PTY LTD,W P P / GROUPM,NSW,ADVERTISING
847540,L'OREAL AUSTRALIA PTY LTD,L'OREAL AUSTRALIA PTY LTD,VIC,MISCELLANEOUS
10001,L'OREAL AUSTRALIA PTY LTD,L'OREAL AUSTRALIA PTY LTD,VIC,MISCELLANEOUS
847540.BF,L'OREAL AUSTRALIA PTY LTD,L'OREAL AUSTRALIA PTY LTD,VIC,MISCELLANEOUS
847542,L'OREAL NEW ZEALAND LIMITED,L'OREAL AUSTRALIA PTY LTD,,MISCELLANEOUS
847542.BF,L'OREAL NEW ZEALAND LIMITED,L'OREAL AUSTRALIA PTY LTD,,MISCELLANEOUS
NCI4190Q,LABOUR SOLUTIONS AUSTRALIA PTY LTD,LABOUR SOLUTIONS AUSTRALIA PTY LTD,QLD,LABOUR HIRE
AU22101300,LABOUR SOLUTIONS AUSTRALIA PTY LTD,LABOUR SOLUTIONS AUSTRALIA PTY LTD,QLD,LABOUR HIRE
AU-65659,LABOURFORCE IMPEX PERSONNEL PTY LIMITED (SUBJECT TO DOCA),LABOURFORCE IMPEX PERSONNEL PTY LIMITED (ADMINISTRATORS APPOINTED),NSW,LABOUR HIRE
NCI5919Q,LACK GROUP PERSONNEL PTY LTD,LACK GROUP PERSONNEL PTY LTD,QLD,LABOUR HIRE
10242,LACK GROUP PERSONNEL PTY LTD,LACK GROUP PERSONNEL PTY LTD,QLD,LABOUR HIRE
621663,LACK GROUP PERSONNEL PTY LTD,LACK GROUP PERSONNEL PTY LTD,QLD,LABOUR HIRE
NZ25033100,LACKLANDS LIMITED PARTNERSHIP,LACKLANDS LIMITED PARTNERSHIP,,COMPUTERS / ELECTRONICS
AU21093200,LACORIUM HEALTH AUSTRALIA PTY LIMITED,LACORIUM HEALTH AUSTRALIA PTY LTD,NSW,MANUFACTURING
1024313,LACTALIS TRADING MALAYSIA SDN BHD,LACTALIS TRADING MALAYSIA SDN BHD,,MISCELLANEOUS
NCI5131S,LAI INDUSTRIES PTY LTD,LAI INDUSTRIES PTY LTD,SA,MANUFACTURING
AU-95716,LAI INDUSTRIES PTY LTD,LAI INDUSTRIES PTY LTD,SA,MAJOR STEEL
AN14000600,LAKE ROAD GROUP LIMITED,LAKE ROAD GROUP LIMITED,,LIQUOR DISTRIBUTORS
C140006Z00,LAKE ROAD GROUP LIMITED / CAP,LAKE ROAD GROUP LIMITED,,LIQUOR DISTRIBUTORS
209956401,LAKESIDE FOOD GROUP LTD,LAKESIDE FOOD GROUP LTD,,FOOD / PROVISIONS
1361599-1,LAKEWOOD FLOORING PTY LTD,LAKEWOOD FLOORING PTY LTD,ACT,FURNITURE / FLOORS
P106278,LAMEX FOODS EUROPE (N.I.) LTD,LAMEX FOODS EUROPE (N.I.) LTD,,FOOD / PROVISIONS
581238,LAMEX FOODS EUROPE (N.I.) LTD,LAMEX FOODS EUROPE (N.I.) LTD,,FOOD / PROVISIONS
WP83500002,LAMEX FOODS EUROPE GMBH,LAMEX FOODS EUROPE (N.I.) LTD,,FOOD / PROVISIONS
WP83500001,LAMEX FOODS EUROPE LIMITED,LAMEX FOODS EUROPE (N.I.) LTD,,FOOD / PROVISIONS
1005907,LAMINEX GROUP PTY LIMITED,LAMINEX GROUP PTY LTD,VIC,BUILDING / HARDWARE
NCI0786V,LAMINEX GROUP PTY LTD,LAMINEX GROUP PTY LTD,VIC,TIMBER
NCI1494N,LAN INSTALLATIONS PTY. LTD.,LAN INSTALLATIONS PTY LTD,NSW,COMPUTERS / ELECTRONICS
NCI8589V,LANCO GROUP PTY LTD,LANCO GROUP PTY LTD,VIC,ENGINEERING
1408712-1,LANCO GROUP PTY LTD,LANCO GROUP PTY LTD,VIC,ENGINEERING
606891,LANDOR ASSOCIATES PTY LTD,W P P / GROUPM,NSW,ADVERTISING
371491,LANEXCO LIMITED,LANEXCO LIMITED,,FOOD / PROVISIONS
AU23113000,LANGMEIL PTY LTD,LANGMEIL PTY LTD,SA,LIQUOR DISTRIBUTORS
SR100064,LANGS BUILDING SUPPLIES PTY LTD,LANGS BUILDING SUPPLIES PTY LTD,QLD,BUILDING / HARDWARE
10181,LANGS BUILDING SUPPLIES PTY LTD,LANGS BUILDING SUPPLIES PTY LTD,QLD,BUILDING / HARDWARE
NCI0650Q,LANGS BUILDING SUPPLIES PTY LTD,LANGS BUILDING SUPPLIES PTY LTD,QLD,BUILDING / HARDWARE
AU-49944,LANGS BUILDING SUPPLIES PTY LTD,LANGS BUILDING SUPPLIES PTY LTD,QLD,BUILDING / HARDWARE
NCI8038Q,LANGWARRIN QUARRY OPERATIONS PTY LTD,REINFORCED CONCRETE PIPES AUSTRALIA (HOLDINGS) PTY LTD,VIC,MINING
1286253-1,LANGWARRIN QUARRY OPERATIONS PTY LTD,REINFORCED CONCRETE PIPES AUSTRALIA (HOLDINGS) PTY LTD,VIC,MINING
AU-76133,LANTRAK LOGISTICS (NSW) PTY LTD,LANTRAK PTY LTD,NSW,BUILDING / HARDWARE
NCI7488N,LANTRAK LOGISTICS (NSW) PTY LTD,LANTRAK PTY LTD,NSW,EQUIPMENT HIRE
NCI4890V,LANTRAK PTY LTD,LANTRAK PTY LTD,VIC,EQUIPMENT HIRE
NCI7778Q,LANTRAK PTY LTD,LANTRAK PTY LTD,VIC,EQUIPMENT HIRE
AU-80632,LANTRAK PTY LTD,LANTRAK PTY LTD,VIC,EQUIPMENT HIRE
AU-50451,LANTRAK PTY LTD,LANTRAK PTY LTD,VIC,EQUIPMENT HIRE
AU-47280,LARKENLEA NOMINEES PTY LTD,LARKENLEA NOMINEES PTY LTD,QLD,OTHER STEEL
NCI4298Q,LARKENLEA NOMINEES PTY LTD,LARKENLEA NOMINEES PTY LTD,QLD,OTHER STEEL
NCI8976W,LARS & REBECCA & SHAY & KARISSA OSTERBERG,"LARS, REBECCA, SHAY & KARISSA OSTERBERG",WA,BUILDING / HARDWARE
NCI1758Q,LASER CENTRAL PTY LTD,LASER CENTRAL PTY LTD,QLD,OTHER STEEL
342563,LASER CENTRAL PTY LTD,LASER CENTRAL PTY LTD,QLD,OTHER STEEL
AU20082700,LASER CORPORATION HOLDINGS PTY LTD,LASER CORPORATION HOLDINGS PTY LTD,NSW,ELECTRONICS
197202601,LASGO CHRYSALIS LTD,LASGO CHRYSALIS LTD,,MISCELLANEOUS
NZ24031300,LASSOO MEDIA LTD,LASSOO MEDIA LTD,,ADVERTISING
C240313Z00,LASSOO MEDIA LTD / CAP,LASSOO MEDIA LTD,,ADVERTISING
AU-68240,LAUCKE FLOUR MILLS PTY LTD,LAUCKE FLOUR MILLS PTY LTD,VIC,FOOD / PROVISIONS
AU20081800,LAVIDA NUTRACEUTICALS PTY. LTD.,LAVIDA NUTRACEUTICALS PTY. LTD.,NSW,MISCELLANEOUS
NCI1795V,LAWRENCE & HANSON GROUP PTY LTD,L & H GROUP,VIC,ELECTRICAL
AU25141100,LAWRY GROUP PTY LTD,LAWRY GROUP PTY LTD,VIC,
TW-09366,LAWSON OXLEY HVACR PTY LTD,LAWSON OXLEY HVACR PTY LTD,NSW,BUILDING / HARDWARE
396606,LAWSON'S DRY HILLS WINES LIMITED,LAWSON'S DRY HILLS WINES LIMITED,,LIQUOR DISTRIBUTORS
NCI8732N,LB AUSTRALIA PTY LTD,LB AUSTRALIA PTY LTD,NSW,BUILDING / HARDWARE
AU-46372,LB AUSTRALIA PTY LTD,LB AUSTRALIA PTY LTD,NSW,MANUFACTURING
540923,LDC ENTERPRISES AUSTRALIA PTY LTD,LOUIS DREYFUS COMPANY ASIA PTE. LTD.,QLD,AGRICULTURE
NCI7878Q,LDR INDUSTRIES PTY LTD,LDR INDUSTRIES PTY LTD,QLD,MANUFACTURING
NCI8461Q,LEA#MGA PTY LTD (1000 MILE TRAVEL GROUP),1000 MILE TRAVEL GROUP PTY LTD,QLD,MISCELLANEOUS
NCI1308S,LEADER COMPUTERS PTY LTD,LEADER COMPUTERS PTY LTD,SA,COMPUTERS
891924,LEADER COMPUTERS PTY LTD,LEADER COMPUTERS PTY LTD,SA,COMPUTERS
NCI7927W,LEADING ELECTRICAL WA PTY LTD,LEADING ELECTRICAL WA PTY LTD,WA,ELECTRICAL
NCI8656V,LEAPFROGGER PTY LTD,RCJ MEDIA GROUP PTY. LTD.,VIC,ADVERTISING
AU24126300,LEAPFROGGER PTY LTD,RCJ MEDIA GROUP PTY. LTD.,VIC,ADVERTISING
NCI8918Q,LECKTON LININGS PTY LTD,LECKTON LININGS PTY LTD,QLD,PLASTER
AU-48399,LEE MCKEAND PRODUCE PTY LTD,LEE MCKEAND PRODUCE PTY LTD,VIC,FOOD / PROVISIONS
NCI5171V,LEEDA PROJECTS PTY LTD,LEEDA PROJECTS PTY LTD,VIC,BUILDING / HARDWARE
NCI7338Z,LEEDSAFE LIMITED,LEEDSAFE LIMITED,,CLOTHING / TEXTILE
NZ20023900,LEEDSAFE LIMITED,LEEDSAFE LIMITED,,CLOTHING / TEXTILE
NCI2475V,LEEMARK FIRE PROTECTION PTY LTD,LEEMARK FIRE PROTECTION PTY LTD,VIC,BUILDING / HARDWARE
NCI4243S,LEGEND CORPORATE SERVICES PTY LTD,LEGEND CORPORATE SERVICES PTY LTD,SA,ELECTRICAL
AU14001500,LEGEND CORPORATE SERVICES PTY LTD,LEGEND CORPORATE SERVICES PTY LTD,SA,ELECTRICAL
NCI8583N,LET'S PLAY GAMES PTY LTD,LET'S PLAY GAMES PTY LTD,NSW,MISCELLANEOUS
AU25139000,LET'S PLAY GAMES PTY LTD,LET'S PLAY GAMES PTY LTD,NSW,MISCELLANEOUS
NCI5524Q,LEVANTA PTY LTD,LEVANTA PTY LTD,QLD,BUILDING / HARDWARE
AU18061500,LEVANTA PTY LTD,LEVANTA PTY LTD,QLD,BUILDING / HARDWARE
P100154,LEVER STYLE LIMITED,ACTIVE APPAREL GROUP PTY LTD,,CLOTHING / TEXTILE
P100195,LEVER STYLE LIMITED,ACTIVE APPAREL GROUP PTY LTD,,CLOTHING / TEXTILE
10456,LEVER STYLE PTE. LTD,ACTIVE APPAREL GROUP PTY LTD,,CLOTHING / TEXTILE
NCI5950V,LEVO DIGITAL PTY LTD,OMNICOM,VIC,ADVERTISING
WP56001047,LEVO DIGITAL PTY LTD,OMNICOM,VIC,MISCELLANEOUS
NCI8256V,LIBERTY OIL AUSTRALIA PTY LTD,LIBERTY OIL AUSTRALIA PTY LTD,VIC,FUEL DISTRIBUTORS
NCI7294V,LIBERTY OIL CONVENIENCE PTY LTD,LIBERTY OIL CONVENIENCE PTY LTD,VIC,FUEL DISTRIBUTORS
NCI8279Q,LIFE TIMBERS PTY LTD,LIFE TIMBERS PTY LTD,QLD,TIMBER
AU-61665,LIFESTYLE COMMERCIAL FLOORCOVERINGS PTY LTD,LIFESTYLE COMMERCIAL FLOORCOVERINGS PTY LTD,QLD,FURNITURE / FLOORS
1140169,LIFTRITE HIRE AND SALES PTY LTD,LIFTRITE HIRE AND SALES PTY LTD,WA,BUILDING / HARDWARE
NCI4425Q,LIGENTIA AUSTRALIA PTY LTD,LIGENTIA AUSTRALIA PTY LTD,QLD,FREIGHT FORWARDERS
1032417,LIGENTIA AUSTRALIA PTY LTD,LIGENTIA AUSTRALIA PTY LTD,QLD,FREIGHT FORWARDERS
T106591,LIGHT AND SOUND SOLUTIONS INTEGRATION PTY LTD,LIGHT AND SOUND SOLUTIONS INTEGRATION PTY LTD,VIC,ELECTRONICS
287870201,LIGHTGRAPHIX LIMITED,LIGHTGRAPHIX LIMITED,,MISCELLANEOUS
T101782,LIGHTING DIRECT LIMITED,LIGHTING DIRECT LIMITED,,ELECTRICAL
724552,LIKEWIZE AUSTRALIA PTY LTD,LIKEWIZE AUSTRALIA PTY LTD,VIC,TELECOMMUNICATIONS
724551,LIKEWIZE DEVICE PROTECTION (AU) PTY LTD,LIKEWIZE AUSTRALIA PTY LTD,NSW,ELECTRONICS
AU-87661,LINEA INTERIORS (AUST) PTY LTD,LINEA INTERIORS (AUST) PTY LTD,NSW,BUILDING / HARDWARE
734487,LINEN AND TOWELS PTY LTD,LINEN AND TOWELS PTY LTD,NSW,CLOTHING / TEXTILE
NCI8658V,LINER SUPPLY PTY LTD,LINER SUPPLY PTY LTD,VIC,MISCELLANEOUS
1395321-1,LINK FOOD SOLUTIONS LTD,LINK FOOD SOLUTIONS LTD,,FOOD / PROVISIONS
AU25136400,LINK-FORCE AU PTY LTD,LINK-FORCE AU PTY LTD,WA,LABOUR HIRE
AU23104800,LIQUIMIX PTY LTD,LIQUIMIX PTY LTD,QLD,MANUFACTURING
AU24129100,LIS' IDEA PROMOTIONAL PRODUCTS PTY LTD,LIS' IDEA PROMOTIONAL PRODUCTS PTY LTD,NSW,MISCELLANEOUS
C241291A00,LIS' IDEA PROMOTIONAL PRODUCTS PTY LTD / CAP,LIS' IDEA PROMOTIONAL PRODUCTS PTY LTD,NSW,MISCELLANEOUS
NCI6177N,LITE CORP PTY LTD,LITE CORP PTY LTD,NSW,MANUFACTURING
AU20075601,LITE CORP PTY LTD,LITE CORP PTY LTD,NSW,MANUFACTURING
NCI1112W,LITTLE MORETON PTY LTD,LITTLE MORETON PTY LTD,WA,PLUMBING
AU-50611,LITTLE MORETON PTY LTD,LITTLE MORETON PTY LTD,WA,PLUMBING
722683,LIVEN NUTRIENT AUSTRALIA PTY LTD,LIVEN NUTRIENT AUSTRALIA PTY LTD,VIC,AGRICULTURE
NCI8404N,LL TIMBER FRAME & TRUSS PTY LTD.,LL TIMBER FRAME & TRUSS PTY LTD.,NSW,TIMBER
AU-94124,LL TIMBER FRAME & TRUSS PTY LTD.,LL TIMBER FRAME & TRUSS PTY LTD.,NSW,TIMBER
NCI8395N,LMA ENTERPRISES PTY LTD (1000 MILE TRAVEL GROUP),1000 MILE TRAVEL GROUP PTY LTD,NSW,MISCELLANEOUS
AU-99070,LOAD & GO PTY LTD,LOAD & GO PTY LTD,NSW,TRANSPORT
449053.01,LOCALAG PLUS PTY LTD,LOCALAG PLUS PTY LTD,QLD,AGRICULTURE
C449053A00,LOCALAG PLUS PTY LTD / CAP,LOCALAG PLUS PTY LTD,QLD,AGRICULTURE
NCI8902Q,LOCKBELL COMMERCIAL LININGS PTY. LTD.,LOCKBELL COMMERCIAL LININGS PTY. LTD.,QLD,PLASTER
NCI5531Q,LOCKWAL PTY LTD,LOCKWAL PTY LTD,QLD,TIMBER
AU-88858,LOCKWAL PTY LTD,LOCKWAL PTY LTD,QLD,BUILDING / HARDWARE
NCI5052W,LOFT HOLDINGS (WA) PTY LTD,LOFT HOLDINGS (WA) PTY LTD,WA,BUILDING / HARDWARE
AU17052600,LOFT HOLDINGS (WA) PTY LTD,LOFT HOLDINGS (WA) PTY LTD,WA,BUILDING / HARDWARE
AU-101352,LOGICAL SERVICES PTY LTD,LOGICAL SERVICES PTY LTD,VIC,ELECTRONICS
NCI8101Q,LOGIXCORP PTY LTD,LOGIXCORP PTY LTD,QLD,MANUFACTURING
AU21091200,LOGIXCORP PTY LTD,LOGIXCORP PTY LTD,QLD,MANUFACTURING
AU-67580,LOLLILAND PTY. LTD.,LOLLILAND PTY. LTD.,NSW,FOOD / PROVISIONS
NCI5357N,LOLLILAND PTY. LTD.,LOLLILAND PTY. LTD.,NSW,FOOD / PROVISIONS
195804101,LONDON METALS LTD,LONDON METALS LTD,,MAJOR STEEL
NCI8621Q,LONGWAVES PTY LTD,LONGWAVES PTY LTD,QLD,TIMBER
AU-93259,LONGWAVES PTY LTD,LONGWAVES PTY LTD,QLD,TIMBER
NCI2508N,LOOK CORPORATE PTY LIMITED,LOOK CORPORATE PTY LIMITED,NSW,PAPER / PRINTING / STATIONERY
TW-07314,LOOK CORPORATE PTY LIMITED,LOOK CORPORATE PTY LIMITED,NSW,PAPER / PRINTING / STATIONERY
730039,LOS TRES CERDITOS PTY LTD,LOS TRES CERDITOS PTY LTD,VIC,FURNITURE / FLOORS
472389,LOTTE CHEMICAL TITAN (M) SDN BHD,LOTTE CHEMICAL TITAN (M) SDN BHD,,CHEMICALS
529353,LOTTE CHEMICAL TITAN CORPORATION SDN BHD,LOTTE CHEMICAL TITAN (M) SDN BHD,,CHEMICALS
1346241-1,LOTUS FOLDING WALLS & DOORS PTY LTD,LOTUS FOLDING WALLS & DOORS PTY LTD,VIC,MANUFACTURING
NCI6658N,LOUDER DIGITAL PTY LTD,LOUDER DIGITAL PTY LTD,NSW,ADVERTISING
143041,LOUDER DIGITAL PTY LTD,LOUDER DIGITAL PTY LTD,NSW,ADVERTISING
535683,LOUIS DREYFUS COMPANY ASIA PTE. LTD. (OILSEEDS DESK),LOUIS DREYFUS COMPANY ASIA PTE. LTD.,,CHEMICALS
G605199161,LOUIS DREYFUS MERCHANDISING MALAYSIA SDN. BHD.,LOUIS DREYFUS COMPANY ASIA PTE. LTD.,,FREIGHT FORWARDERS
NCI4654Q,LOUVRECLAD PTY LTD,LOUVRECLAD PTY LTD,QLD,MANUFACTURING
AU-82259,LOUVRECLAD PTY LTD,LOUVRECLAD PTY LTD,QLD,MANUFACTURING
NCI5983Z,LOUVRETEC NZ LIMITED,LOUVRETEC NZ LTD,NZL,MANUFACTURING
368954,LOUVRETEC NZ LIMITED,LOUVRETEC NZ LTD,,EXPORT
AU19066300,LOVE N CARE AUSTRALIA PTY LTD,LOVE N CARE AUSTRALIA PTY LTD,NSW,RETAIL
NCI7168Z,LOYAL-EXPANZ INTERNATIONAL (NZ) LIMITED,LOYAL-EXPANZ INTERNATIONAL PTY LTD,,MISCELLANEOUS
NCI2643V,LOYAL-EXPANZ INTERNATIONAL PTY LTD,LOYAL-EXPANZ INTERNATIONAL PTY LTD,VIC,PAPER / PRINTING / STATIONERY
AU-46061,LPC TRADING PTY LTD,LPC TRADING PTY LTD,NSW,AGRICULTURE
NZ16005100,LPINZ LIMITED,LPINZ LIMITED,,ELECTRICAL
AU-100190,LRP SERVICES PTY LTD,LRP SERVICES PTY LTD,QLD,PLUMBING
AU-92463,LSIL QLD PTY LTD,LSIL QLD PTY LTD,QLD,BUILDING / HARDWARE
NCI2922W,LUCASAN COMMERCIAL PTY LIMITED,HARVEY NORMAN COMMERCIAL GROUP,WA,WHITEGOODS / ELECTRICAL
AU-47719,LUCASAN COMMERCIAL PTY. LIMITED,HARVEY NORMAN COMMERCIAL GROUP,WA,ELECTRONICS
AU25136000,LUCIAN ARCHITECTURAL LIGHTING (WA) PTY LTD,LUCIAN ARCHITECTURAL LIGHTING PTY LTD,WA,ELECTRICAL
AU22100800,LUCIAN ARCHITECTURAL LIGHTING PTY LTD,LUCIAN ARCHITECTURAL LIGHTING PTY LTD,NSW,ELECTRICAL
685044,LUME ELECTRICAL SOLUTIONS PTY LTD,LUME ELECTRICAL SOLUTIONS PTY LTD,VIC,ELECTRICAL
SG19048600,LUMICA (ASIA) PTE. LTD.,LUMICA (ASIA) PTE. LTD.,,ELECTRICAL
NCI6871V,LUV-A-DUCK PTY LTD,LUV-A-DUCK PTY LTD,VIC,FOOD / PROVISIONS
605646,LUV-A-DUCK PTY LTD,LUV-A-DUCK PTY LTD,VIC,FOOD / PROVISIONS
499201,LUX PRECAST PANELS PTY LTD,LUX PRECAST PANELS PTY LTD,VIC,BUILDING / HARDWARE
NCI8500Q,LUXAROMA PTY LTD,LUXAROMA PTY LTD,QLD,RETAIL
1370699-1,LUXAROMA PTY LTD,LUXAROMA PTY LTD,QLD,JEWELLERY/ WHOLESALE
NCI8671V,LUXE TMC PTY LTD (1000 MILE TRAVEL GROUP),1000 MILE TRAVEL GROUP PTY LTD,VIC,MISCELLANEOUS
NCI8563W,LUXELATTICE PTY LTD (1000 MILE TRAVEL GROUP),1000 MILE TRAVEL GROUP PTY LTD,WA,MISCELLANEOUS
263917901,LUXPAK LTD,LUXPAK LTD,,MISCELLANEOUS
T106559,LUXURY HOME SOLUTIONS PTY LTD,LUXURY HOME SOLUTIONS PTY LTD,VIC,BUILDING / HARDWARE
701441,LVMH FASHION GROUP AUSTRALIA PTY. LTD.,LVMH FASHION GROUP AUSTRALIA PTY. LTD. T/AS CELINE AUSTRALIA,NSW,MISCELLANEOUS
678147,LVMH PERFUMES & COSMETICS (NZ) LIMITED - BENEFIT,LVMH PERFUMES & COSMETICS (NZ) LIMITED,NZ,JEWELLERY/ WHOLESALE
678145,LVMH PERFUMES & COSMETICS (NZ) LIMITED - DIOR,LVMH PERFUMES & COSMETICS (NZ) LIMITED,NZ,JEWELLERY/ WHOLESALE
554539,LVMH PERFUMES & COSMETICS GROUP PTY LTD - BENEFIT,LVMH PERFUMES & COSMETICS GROUP PTY LTD,NSW,JEWELLERY/ WHOLESALE
554536,LVMH PERFUMES & COSMETICS GROUP PTY LTD - DIOR,LVMH PERFUMES & COSMETICS GROUP PTY LTD,NSW,JEWELLERY/ WHOLESALE
713941,LVMH PERFUMES & COSMETICS GROUP PTY LTD - LFB,LVMH PERFUMES & COSMETICS GROUP PTY LTD,NSW,JEWELLERY/ WHOLESALE
554546,LVMH PERFUMES & COSMETICS GROUP PTY LTD - MAKE UP FOREVER,LVMH PERFUMES & COSMETICS GROUP PTY LTD,NSW,JEWELLERY/ WHOLESALE
609056,LVMH WATCH & JEWELLERY AUSTRALIA PTY LTD,LVMH WATCH & JEWELLERY AUSTRALIA PTY LTD,VIC,JEWELLERY/ WHOLESALE
AU-99843,LYL SPRING PTY LTD,LYL SPRING PTY LTD,VIC,VEHICLE / TYRES
1000189350,LYONDELLBASELL POLYMERS (MALAYSIA) SDN. BHD.,LYONDELLBASELL POLYMERS (MALAYSIA) SDN. BHD.,,CHEMICALS
TC100000BF,LYONDELLBASELL POLYMERS (MALAYSIA) SDN. BHD.,LYONDELLBASELL POLYMERS (MALAYSIA) SDN. BHD.,,CHEMICALS
NCI1350N,LYSAGHT BUILDING SOLUTIONS PTY LTD,BLUESCOPE STEEL LTD,NSW,MAJOR STEEL
AU-48022,M C CROKER PTY LTD,M C CROKER PTY LTD,NSW,AGRICULTURE
628858,M D IMPORT-EXPORT LIMITED,M D IMPORT-EXPORT LIMITED,,
208429301,M J BIRTWISTLE & CO LTD,M J BIRTWISTLE & CO LTD,,FOOD / PROVISIONS
582148,M MEDIA GROUP PTY LTD T/AS MINDSHARE,W P P / GROUPM,NSW,ADVERTISING
669196,M MEDIA GROUP PTY LTD T/AS MSIX,W P P / GROUPM,NSW,ADVERTISING
NCI7593V,M SQUARED ELECTRICAL PTY LTD,M SQUARED ELECTRICAL PTY LTD,VIC,ELECTRICAL
AU-68540,M SQUARED ELECTRICAL PTY LTD,M SQUARED ELECTRICAL PTY LTD,VIC,ELECTRICAL
NCI2905V,M Y M TIMBER & HARDWARE PTY LTD,M Y M TIMBER & HARDWARE PTY LTD,VIC,TIMBER
542865,M. & J. MITCHELL PTY LTD,M. & J. MITCHELL PTY LTD,WA,AGRICULTURE
NCI3032N,M.C.M. FRAME & TRUSS PTY LTD,M.C.M. FRAME & TRUSS PTY LTD,NSW,TIMBER
AU-47631,M.C.M. FRAME & TRUSS PTY LTD,M.C.M. FRAME & TRUSS PTY LTD,NSW,TIMBER
TW-09764,M.E. HOGG AUSTRALIA PTY LTD,KANTFIELD PTY. LTD.,VIC,PLASTICS
NCI8836N,M.R.R ELECTRICAL PTY LTD,M.R.R ELECTRICAL PTY LTD,NSW,ELECTRICAL
NCI7399V,M10TRUSS & TIMBER PTY LTD,M10TRUSS & TIMBER PTY LTD,VIC,BUILDING / HARDWARE
1204812,M10TRUSS & TIMBER PTY LTD,M10TRUSS & TIMBER PTY LTD,VIC,BUILDING / HARDWARE
AU26149900,M2 GLOBAL SOLUTIONS PTY LTD,M2 GLOBAL SOLUTIONS PTY LTD,VIC,BUILDING / HARDWARE
NZ-46820,MACAULAY METALS LIMITED,MACAULAY METALS LIMITED,,OTHER STEEL
NCI8003N,MACLEAY RIVER MEATS PTY LIMITED,MACLEAY RIVER MEATS PTY LIMITED,NSW,FOOD / PROVISIONS
AU23118000,MACLEAY RIVER MEATS PTY LIMITED,MACLEAY RIVER MEATS PTY LIMITED,NSW,FOOD / PROVISIONS
AU-47162,MACNAUGHT PTY LTD,MACNAUGHT PTY LIMITED,NSW,MANUFACTURING
1440258-1,MACRO BUILDING SUPPLIES PTY LTD,MACRO BUILDING SUPPLIES PTY LTD,NSW,TIMBER
AN14001500,MACVAD LIMITED,MACVAD LIMITED,,CLOTHING / TEXTILE
C140015Z00,MACVAD LIMITED / CAP,MACVAD LIMITED,,CLOTHING / TEXTILE
AU24120200,MADE MEDIA PTY LTD,MADE MEDIA PTY LTD,NSW,ADVERTISING
NCI8697V,MADEBYSTOREY.CO PTY LTD,MADEBYSTOREY.CO PTY LTD,VIC,FURNITURE / FLOORS
T107094,MADEBYSTOREY.CO PTY LTD,MADEBYSTOREY.CO PTY LTD,VIC,FURNITURE / FLOORS
NCI6751V,MADEWELL PRODUCTS PTY LTD,MADEWELL PRODUCTS PTY LTD,VIC,BUILDING / HARDWARE
1447129-1,MADEWELL PRODUCTS PTY LTD,MADEWELL PRODUCTS PTY LTD,VIC,BUILDING / HARDWARE
23AKL01218,MAESTRO SWISS INDUSTRIES SDN. BHD.,MAESTRO SWISS INDUSTRIES SDN. BHD.,,FOOD / PROVISIONS
NCI1658S,MAGGIE BEER PRODUCTS PTY LTD,MAGGIE BEER PRODUCTS PTY LTD,SA,FOOD / PROVISIONS
AU-77119,MAGGIE BEER PRODUCTS PTY LTD,MAGGIE BEER PRODUCTS PTY LTD,SA,FOOD / PROVISIONS
T106542,MAINTAIN INDUSTRIAL ACCESS PTY LTD,MAINTAIN INDUSTRIAL ACCESS PTY LTD,WA,BUILDING / HARDWARE
NZ25033800,MAJESTIC GLOBAL NZ LIMITED,MAJESTIC GLOBAL NZ LIMITED,,ENTERTAINMENT
NZ17011800,MAKO ENTERPRISES LIMITED,MAKO ENTERPRISES LIMITED,,FURNITURE / FLOORS
NCI5340Z,MAKO ENTERPRISES LIMITED,MAKO ENTERPRISES LIMITED,,FURNITURE / FLOORS
AU-94233,MAKO POLY PTY LTD,MAKO POLY PTY. LTD.,VIC,PLUMBING
664175,MALLON AGCOMMODITIES PTY LTD,MALLON AGCOMMODITIES PTY LTD,NSW,AGRICULTURE
NCI5427S,MALMET (AUSTRALIA) PTY LTD,MALMET (AUSTRALIA) PTY LTD,NSW,AIRCONDITIONING
NCI1915W,MANAG DISTRIBUTORS PTY LTD,MANAG DISTRIBUTORS PTY LTD,WA,MANUFACTURING
AU-53461,MANAG DISTRIBUTORS PTY LTD,MANAG DISTRIBUTORS PTY LTD,WA,MANUFACTURING
NCI8779N,MANAGED FUEL DELIVERY PTY LTD,MANAGED FUEL DELIVERY PTY LTD,NSW,FUEL DISTRIBUTORS
1427959-1,MANAGED FUEL DELIVERY PTY LTD,MANAGED FUEL DELIVERY PTY LTD,NSW,FUEL DISTRIBUTORS
1366662,MANEON PTY LTD,MANEON PTY LTD,WA,MANUFACTURING
AU-82249,MANETO PTY. LIMITED,MANETO PTY. LIMITED,NSW,BUILDING / HARDWARE
724752,MANHARI RECYCLING PTY LTD,MANHARI RECYCLING PTY LTD,VIC,MISCELLANEOUS
NCI2270N,MANITOU AUSTRALIA PTY LTD,MANITOU AUSTRALIA PTY LTD,NSW,ENGINEERING
187112,MANITOU AUSTRALIA PTY LTD,MANITOU AUSTRALIA PTY LTD,NSW,ENGINEERING
736075,MANKIEWICZ COATINGS SINGAPORE PTE LTD,MANKIEWICZ SINGAPORE LLP,,MISCELLANEOUS
693568,MANKIEWICZ SINGAPORE LLP,MANKIEWICZ SINGAPORE LLP,,MANUFACTURING
693457,MANKIEWICZ UK LLP,MANKIEWICZ UK LLP,,MISCELLANEOUS
NCI2890V,MANLIFT HIRE PTY LTD,MANLIFT HIRE PTY LTD,VIC,EQUIPMENT HIRE
NCI7064S,MANNIX ELECTRICAL PTY. LTD.,MANNIX ELECTRICAL PTY LTD,SA,ELECTRICAL
BM487,MARATHON WAREHOUSE DISTRIBUTION LTD,MARATHON WAREHOUSE DISTRIBUTION LTD,,AUTOMOTIVE
NCI8597N,MARCHESE PARTNERS INTERNATIONAL PTY LTD,MARCHESE PARTNERS INTERNATIONAL PTY LTD,NSW,MISCELLANEOUS
AU-94484,MARCHESE PARTNERS INTERNATIONAL PTY LTD,MARCHESE PARTNERS INTERNATIONAL PTY LTD,NSW,MISCELLANEOUS
NE585,MARITIME CONSTRUCTION CONSULTANTS LTD,MARITIME CONSTRUCTION CONSULTANTS LTD,,MISCELLANEOUS
NCI3012W,MARKETFORCE PTY LTD,OMNICOM,WA,TELECOMMUNICATIONS
WP56001034,MARKETFORCE PTY LTD,OMNICOM,WA,ADVERTISING
NCI6117Z,MARKHAM DISTRIBUTING LIMITED,MARKHAM DISTRIBUTING LIMITED,,BUILDING / HARDWARE
NZ14000400,MARLBOROUGH WINE LIMITED,MARLBOROUGH WINE LIMITED,,LIQUOR DISTRIBUTORS
AU25147100,MAROUBRA BUILDING SUPPLIES PTY LTD,MAROUBRA BUILDING SUPPLIES PTY LTD,NSW,BUILDING / HARDWARE
NCI6852Q,MARQUIS MARKETING PTY LTD,MARQUIS MARKETING PTY LTD,QLD,FOOD / PROVISIONS
289520,MARQUIS MARKETING PTY LTD,MARQUIS MARKETING PTY LTD,QLD,FOOD / PROVISIONS
NCI5396N,MARTIN & SAVAGE PTY LTD,MARTIN & SAVAGE PTY LTD,NSW,CLOTHING / TEXTILE
10187,MARUBENI-ITOCHU STEEL OCEANIA PTY LTD,MARUBENI-ITOCHU STEEL OCEANIA PTY LTD,VIC,MAJOR STEEL
AU-51250,MARUBENI-ITOCHU STEEL OCEANIA PTY LTD,MARUBENI-ITOCHU STEEL OCEANIA PTY LTD,VIC,MAJOR STEEL
1421657,MARVEL SLABS AUST PTY LTD,MARVEL SLABS AUST PTY LTD,VIC,BUILDING / HARDWARE
517286,MARY NOALL PTY LTD,MARY NOALL PTY LTD,VIC,BUILDING / HARDWARE
AU20080802,MASS RESOURCES PTY LTD,MASS RESOURCES PTY LTD,WA,LABOUR HIRE
NCI8961W,MASS RESOURCES PTY LTD,MASS RESOURCES PTY LTD,WA,LABOUR HIRE
AU-45273,MASTER FLOOR PREPARERS (QLD) PTY LTD,MASTER FLOOR PREPARERS (QLD) PTY LTD,QLD,FURNITURE / FLOORS
NCI8309V,MASTER PLASTER AUSTRALIA PTY LTD,MASTER PLASTER AUSTRALIA PTY LTD,VIC,BUILDING / HARDWARE
AU-82511,MASTER PLASTER AUSTRALIA PTY LTD,MASTER PLASTER AUSTRALIA PTY LTD,VIC,PLASTER
NCI4655N,MASTERFLOW SOLUTIONS PTY LTD,MASTERFLOW SOLUTIONS PTY LTD,NSW,MANUFACTURING
AU16046500,MASTERFLOW SOLUTIONS PTY LTD,MASTERFLOW SOLUTIONS PTY LTD,NSW,MANUFACTURING
NCI8622Q,MASUTA BROS PTY LTD,MASUTA BROS PTY LTD,QLD,TRANSPORT
1412812-1,MASUTA BROS PTY LTD,MASUTA BROS PTY LTD,QLD,TRANSPORT
NCI7107V,MATCH & WOOD PTY LTD,MATCH & WOOD PTY LTD,VIC,ADVERTISING
AU21090000,MATCH & WOOD PTY LTD,MATCH & WOOD PTY LTD,VIC,ADVERTISING
NCI2768N,MATCHMASTER COMMUNICATIONS PTY LIMITED,MATCHMASTER COMMUNICATIONS PTY LIMITED,NSW,ELECTRICAL
NCI3990V,MATHEWS TIMBER PTY LTD,MATHEWS TIMBER PTY LTD,VIC,TIMBER
T100974,MATHEWS TIMBER PTY LTD,MATHEWS TIMBER PTY LTD,VIC,TIMBER
AU-91301,MATRAY PTY LTD,MATRAY PTY LTD,WA,AIRCONDITIONING
NCI8739W,MATTBEN PTY LTD,MATTBEN PTY LTD,WA,FUEL DISTRIBUTORS
TW-11104,MATTBEN PTY LTD,MATTBEN PTY LTD,WA,FUEL DISTRIBUTORS
AU23115501,MAVERICK BIOMATERIALS PTY LTD,MAVERICK BIOMATERIALS PTY LTD,NSW,MANUFACTURING
NCI8748S,MAX CRANE & EQUIPMENT HIRE (SA) PTY LTD,MAX CRANE & EQUIPMENT HIRE (SA) PTY LTD,SA,EQUIPMENT HIRE
AU-97772,MAX CRANE & EQUIPMENT HIRE (SA) PTY LTD,MAX CRANE & EQUIPMENT HIRE (SA) PTY LTD,SA,EQUIPMENT HIRE
AU14006800,MAX GRAINS AUSTRALIA PTY LTD,MAX GRAINS AUSTRALIA PTY LTD,QLD,AGRICULTURE
NCI5918Z,MAXIMO LIMITED,MAXIMO LIMITED,,BUILDING / HARDWARE
NZ18016500,MAXIMO LIMITED,MAXIMO LIMITED,,BUILDING / HARDWARE
NCI6797W,MBE MECHANICAL ELECTRICAL PTY LTD,MBE MECHANICAL ELECTRICAL PTY LTD,WA,ELECTRICAL
NCI5383V,MBS (VIC) PTY LTD,MBS (VIC) PTY LTD,VIC,BUILDING / HARDWARE
1416009-1,MBS (VIC) PTY LTD,MBS (VIC) PTY LTD,VIC,BUILDING / HARDWARE
425065,MC LABOUR SERVICES PTY LTD,MC LABOUR SERVICES PTY LTD,VIC,LABOUR HIRE
NCI0634Z,MCCANN NEW ZEALAND LIMITED,OMNICOM,,ADVERTISING
WP56027002,MCCANN NEW ZEALAND LIMITED,OMNICOM,,ADVERTISING
NCI0134Z,MCKECHNIE ALUMINIUM SOLUTIONS LIMITED,MCKECHNIE ALUMINIUM SOLUTIONS LIMITED,,OTHER STEEL
820826,MCKECHNIE ALUMINIUM SOLUTIONS LIMITED,MCKECHNIE ALUMINIUM SOLUTIONS LIMITED,,MAJOR STEEL
NCI4321N,MCKINLAY ENTERPRISES PTY LTD,MCKINLAY ENTERPRISES PTY LTD,NSW,FUEL DISTRIBUTORS
887378,MCKINLAY ENTERPRISES PTY LTD,MCKINLAY ENTERPRISES PTY LTD,NSW,FUEL DISTRIBUTORS
NCI2546Q,MCNAB NQ PTY LTD,MCNAB NQ PTY LTD,QLD,BUILDING / HARDWARE
AU-85269,MCNAUGHT'S GRAIN & FERTILIZERS PTY LIMITED,MCNAUGHT'S GRAIN & FERTILIZERS PTY LIMITED,NSW,TRANSPORT
T106609,MCW PAINTING SERVICES PTY LTD,MCW PAINTING SERVICES PTY LTD,QLD,BUILDING / HARDWARE
AU23109300,MD APPLIANCES PTY LTD,MD APPLIANCES PTY LTD,VIC,WHITEGOODS / ELECTRICAL
NCI5492N,MD BRICK (NSW) PTY LTD,MD BRICK (NSW) PTY LTD,NSW,BUILDING / HARDWARE
AU-63728,MD BRICK (NSW) PTY LTD,MD BRICK (NSW) PTY LTD,NSW,BUILDING / HARDWARE
WP56001502,MEDIABRANDS AUSTRALIA PTY LTD,OMNICOM,NSW,ADVERTISING
WP56001507,MEDIAHUB WORLDWIDE ASIA PACIFIC PTY LIMITED,OMNICOM,NSW,ADVERTISING
NCI6683Q,MEDIAPOWER PLUS PTY LTD,MEDIAPOWER PLUS PTY LTD,QLD,ADVERTISING
AU21089300,MEDIAPOWER PLUS PTY LTD,MEDIAPOWER PLUS PTY LTD,QLD,ADVERTISING
1257314,MEELUNIE AUSTRALIA PTY LTD,HOOGWEGT AUSTRALIA PTY LTD,VIC,AGRICULTURE
SG22070300,MEGA PACKERS ASSOCIATE PTE LTD,MEGA PACKERS ASSOCIATE PTE LTD,,MISCELLANEOUS
UA00108,MEGA ROOFING SYSTEMS PTY LTD,MEGA ROOFING SYSTEMS PTY LTD,VIC,BUILDING / HARDWARE
NCI8725V,MELALUKA TRADING PTY LTD,MELALUKA TRADING PTY LTD,VIC,AGRICULTURE
AU-85414,MELALUKA TRADING PTY LTD,MELALUKA TRADING PTY LTD,VIC,AGRICULTURE
698415,MELBOURNE CHEF (AUST) PTY. LTD.,MELBOURNE CHEF (AUST) PTY. LTD.,VIC,FOOD / PROVISIONS
1315876-1,MELBOURNE ELITE PLUMBING PTY LTD,MELBOURNE ELITE PLUMBING PTY LTD,VIC,PLUMBING
NCI6225V,MELBOURNE STONE MASON GROUP PTY LTD,MELBOURNE STONE MASON GROUP PTY LTD,VIC,MANUFACTURING
NCI8963V,MELBOURNE TIMBER PAKENHAM PTY LTD,MELBOURNE TIMBER PTY LTD,VIC,TIMBER
TW-11698,MELBOURNE TIMBER PAKENHAM PTY LTD,MELBOURNE TIMBER PTY LTD,VIC,TIMBER
NCI8158V,MELBOURNE TIMBER PTY LTD,MELBOURNE TIMBER PTY LTD,VIC,TIMBER
TW-09304,MELBOURNE TIMBER PTY LTD,MELBOURNE TIMBER PTY LTD,VIC,TIMBER
1366806,MELON&CO LTD,MELON&CO LTD,,FOOD / PROVISIONS
NCI6741N,MELRINA WHOLESALE MEATS PTY LTD,MELRINA WHOLESALE MEATS PTY LTD,NSW,FOOD / PROVISIONS
AU19070100,MELRINA WHOLESALE MEATS PTY LTD,MELRINA WHOLESALE MEATS PTY LTD,NSW,FOOD / PROVISIONS
C190701A00,MELRINA WHOLESALE MEATS PTY LTD / CAP,MELRINA WHOLESALE MEATS PTY LTD,NSW,FREIGHT FORWARDERS
TW-06182,MELROSE CONTRACTING PTY LTD,MELROSE CONTRACTING PTY LTD,NSW,BUILDING / HARDWARE
NCI7244N,MELROSE CONTRACTING PTY LTD,MELROSE CONTRACTING PTY LTD,NSW,BUILDING / HARDWARE
NCI5930N,MENDIZABAL CONTAINER SOLUTIONS PTY LTD,MENDIZABAL CONTAINER SOLUTIONS PTY LTD,NSW,FREIGHT FORWARDERS
NCI7834Q,MENTIS AUSTRALIA PTY LTD,MENTIS AUSTRALIA PTY LTD,QLD,OTHER STEEL
AU21088000,MERCATOR PTY LTD,MERCATOR PTY LTD,VIC,ELECTRICAL
NCI8600N,MERCURY BUS CHARTERS PTY LTD,MERCURY BUS CHARTERS PTY LTD,NSW,TRANSPORT
NCI6188W,MERIT LINING SYSTEMS PTY LTD.,MERIT LINING SYSTEMS PTY LTD.,WA,MISCELLANEOUS
NCI8747V,MESHCORE PTY LTD,MESHCORE PTY LTD,VIC,BUILDING / HARDWARE
AU25137900,MESHCORE PTY LTD,MESHCORE PTY LTD,VIC,BUILDING / HARDWARE
NCI5113N,MET RECYCLING PTY LTD,MET RECYCLING PTY LTD,NSW,MISCELLANEOUS
1455630-1,META STEEL PTY LTD,META STEEL PTY LTD,QLD,OTHER STEEL
MMSELFINS,METAL MANUFACTURES PTY LIMITED,METAL MANUFACTURES PTY LIMITED,,ELECTRICAL
NCIMMBC,METAL MANUFACTURES PTY LIMITED,METAL MANUFACTURES PTY LIMITED,,ELECTRICAL
NCI0244FSF,METAL MANUFACTURES PTY LIMITED,METAL MANUFACTURES PTY LIMITED,,ELECTRICAL
NCI0244N,METAL MANUFACTURES PTY LIMITED,METAL MANUFACTURES PTY LIMITED,,ELECTRICAL
NCI4275N,METAL MANUFACTURES PTY LIMITED (MM KEMBLA AUSTRALIA),METAL MANUFACTURES PTY LIMITED,NSW,ELECTRICAL
NCI8710N,METAL ROOFING AUSTRALIA PTY LTD,METAL ROOFING AUSTRALIA PTY LTD,NSW,BUILDING / HARDWARE
AU-98522,METAL ROOFING AUSTRALIA PTY LTD,METAL ROOFING AUSTRALIA PTY LTD,NSW,BUILDING / HARDWARE
1471764-1,METAL ROOFING GROUP PTY LTD,METAL ROOFING GROUP PTY LTD,VIC,BUILDING / HARDWARE
NCI8805S,METAL-LINK PTY LTD,METAL-LINK PTY LTD,SA,BUILDING / HARDWARE
1257317-1,METALAIR FABRICATORS PTY LTD,METALAIR FABRICATORS PTY LTD,NSW,AIRCONDITIONING
NCI1288Z,METALFORM (DANNEVIRKE) LIMITED,METALFORM (DANNEVIRKE) LTD,,BUILDING / HARDWARE
NCI8464W,METFORCE PTY LTD,METFORCE PTY LTD,WA,BUILDING / HARDWARE
UA00028,METFORCE PTY LTD,METFORCE PTY LTD,WA,BUILDING / HARDWARE
NCI6284W,METRICUP VINEYARDS PTY LTD,METRICUP VINEYARDS PTY LTD,WA,FOOD / PROVISIONS
NCI4656V,METRIX GROUP PTY LTD,METRIX GROUP PTY LTD,VIC,MANUFACTURING
AU21093300,METRIX GROUP PTY LTD,METRIX GROUP PTY LTD,VIC,MANUFACTURING
NCI2070Q,METRO STEEL PTY LTD,METRO STEEL PTY LTD,QLD,OTHER STEEL
T106211,METRO STEEL PTY LTD,METRO STEEL PTY LTD,QLD,OTHER STEEL
NCI5025N,METROPOLIS AGENCY PTY LTD,METROPOLIS AGENCY PTY LTD,NSW,ADVERTISING
AU-91513,METROPOLIS AGENCY PTY LTD,METROPOLIS AGENCY PTY LTD,NSW,ADVERTISING
1027576,METWEST STEEL PTY LTD,METWEST STEEL PTY LTD,WA,BUILDING / HARDWARE
AU-50992,MEYER COOKWARE AUSTRALIA PTY LTD,MEYER COOKWARE AUSTRALIA PTY LTD,VIC,MANUFACTURING
832391,MFCT PTY LTD,MFCT PTY LTD,VIC,FOOD / PROVISIONS
NCI8870N,MFP GROUP PTY LTD,MFP GROUP PTY LTD,NSW,MISCELLANEOUS
NCI7240S,MG ENGINEERING S.A. PTY LTD,MG ENGINEERING S.A. PTY LTD,SA,MANUFACTURING
UA00224,MGC CONSTRUCTIONS PTY LTD,MGC CONSTRUCTIONS PTY LTD,QLD,BUILDING / HARDWARE
NCI6817V,MGI GOLF PTY LTD,MGI GOLF PTY LTD,VIC,RETAIL
NCI8628V,MICHAELONA FLAVOURS & FRAGRANCES PTY LTD,MICHAELONA FLAVOURS & FRAGRANCES PTY LTD,VIC,FOOD / PROVISIONS
AU-97127,MICHAELONA FLAVOURS & FRAGRANCES PTY LTD,MICHAELONA FLAVOURS & FRAGRANCES PTY LTD,VIC,FOOD / PROVISIONS
T104919,MICK HODGES PLUMBING PTY LTD,HODGES PLUMBING AUSTRALIA PTY LTD,VIC,PLUMBING
284078,MIDFIELD MEAT INTERNATIONAL PTY LTD,MIDFIELD MEAT INTERNATIONAL PTY LTD,VIC,FOOD / PROVISIONS
NCI8161S,MIDFIELD TRADING PTY LTD,MIDFIELD TRADING PTY LTD,SA,FOOD / PROVISIONS
NCI2476V,MIDLAND ROOFING PTY LTD,VIACOM PTY LTD,VIC,BUILDING / HARDWARE
1038341,MIDLAND ROOFING PTY LTD,VIACOM PTY LTD,VIC,BUILDING / HARDWARE
NCI8182Q,MIDWAY METALS PTY LTD,MIDWAY METALS PTY LTD,QLD,OTHER STEEL
W009200017,MIDWICH ASIA PTE LTD,MIDWICH AUSTRALIA PTY LTD,,COMPUTERS / ELECTRONICS
NCI5971N,MIDWICH AUSTRALIA PTY LTD,MIDWICH AUSTRALIA PTY LTD,NSW,COMPUTERS / ELECTRONICS
AU-53246,MIDWICH AUSTRALIA PTY LTD,MIDWICH AUSTRALIA PTY LTD,NSW,COMPUTERS / ELECTRONICS
NCI7349N,MILCAST AUSTRALIA PTY LTD,MILCAST AUSTRALIA PTY LTD,NSW,MANUFACTURING
1419207,MILDURA FRUIT JUICES AUST PTY. LTD.,MILDURA FRUIT JUICES AUST PTY LTD,VIC,FOOD / PROVISIONS
NZ21026000,MILKIO FOODS LIMITED,MILKIO FOODS LIMITED,,MANUFACTURING
NCI8780N,MILLIKEN (AUSTRALIA) PTY LTD,MILLIKEN (AUSTRALIA) PTY LTD,NSW,MANUFACTURING
AU23114600,MILLWOOD HOLDINGS PTY LTD,MILLWOOD HOLDINGS PTY LTD,WA,RETAIL
NCI6152Z,MILSONS (2012) LIMITED,MILSONS (2012) LIMITED,,BUILDING / HARDWARE
NZ20023300,MILSONS (2012) LIMITED,MILSONS (2012) LIMITED,,BUILDING / HARDWARE
663876,MINDSHARE NEW ZEALAND LTD.,W P P / GROUPM,NZ,ADVERTISING
AU-99451,MINELAB ELECTRONICS PTY. LIMITED,CODAN LTD,SA,TELECOMMUNICATIONS
NCI5923W,MINESITE MAINTENANCE PTY LTD,MINESITE MAINTENANCE PTY LTD,WA,MINING
AU-47292,MINESITE MAINTENANCE PTY LTD,MINESITE MAINTENANCE PTY LTD,WA,MINING
847566,MINIJUMBUK CORPORATION PTY LTD,MINIJUMBUK CORPORATION PTY LTD,SA,CLOTHING / TEXTILE
AU20081600,MINING MAINTENANCE SOLUTIONS AUSTRALIA PTY LTD,MINING MAINTENANCE SOLUTIONS AUSTRALIA PTY LTD,WA,LABOUR HIRE
SR100053,MINING PRO PTY LTD,MINING PRO PTY LTD,QLD,LABOUR HIRE
AU24126200,MINING PRO PTY LTD,MINING PRO PTY LTD,QLD,LABOUR HIRE
1421346,MINMETALS AUSTRALIA PTY LTD,MINMETALS AUSTRALIA PTY LTD,VIC,OTHER STEEL
NCI8832Z,MISCO JOINERY LTD,MISCO JOINERY LTD,,MANUFACTURING
NZ-66010,MISCO JOINERY LTD,MISCO JOINERY LTD,,BUILDING / HARDWARE
721236,MITAC AUSTRALIA PTY LTD,MITAC AUSTRALIA PTY LTD,NSW,ELECTRONICS
702073,MITAC AUSTRALIA PTY LTD - NZ,MITAC AUSTRALIA PTY LTD,NSW,ELECTRICAL
566382,MITCHAM BUILDING SUPPLIES LTD,MITCHAM BUILDING SUPPLIES LTD,,BUILDING / HARDWARE
NCI4869Q,MITCHELMORE TRANSPORT PTY. LTD.,MITCHELMORE TRANSPORT PTY. LTD.,QLD,TRANSPORT
NCI7621S,MITOLO CORPORATION PTY LTD,MITOLO CORPORATION PTY LTD,SA,BUILDING / HARDWARE
NCI8854V,MITRE 10 AUSTRALIA PTY LTD,TOTAL TOOLS & HARDWARE GROUP,VIC,BUILDING / HARDWARE
TW-04959,MITRE 10 AUSTRALIA PTY LTD,TOTAL TOOLS & HARDWARE GROUP,VIC,BUILDING / HARDWARE
971042,MITSUBOSHI OVERSEAS HEADQUARTERS PTE LTD,MITSUBOSHI OVERSEAS HEADQUARTERS PTE LTD,,AUTOMOTIVE
TW-11227,MJ FREIGHT PTY LTD,MJ FREIGHT PTY LTD,VIC,FREIGHT FORWARDERS
NCI7239Q,MJG STONE PTY LTD,MJG STONE PTY LTD,QLD,BUILDING / HARDWARE
T105528,MJG STONE PTY LTD,MJG STONE PTY LTD,QLD,BUILDING / HARDWARE
MJMENGI,MJM ENGINEERING & CONSTRUCTION,MJM ENGINEERING & CONSTRUCTION,,ENGINEERING
NCI7085V,MJS PLUMBING & GAS PTY LTD,MJS PLUMBING & GAS PTY LTD,VIC,PLUMBING
25AKL01809,MKE DISTRIBUTION SDN BHD,MKE DISTRIBUTION SDN BHD,,ELECTRICAL
NZ-51658,MLC GROUP LIMITED,MLC GROUP LIMITED,,TIMBER
SG15014600,MLION CORPORATION PTE LTD,MLION CORPORATION PTE LTD,,BUILDING / HARDWARE
NCI4276Z,MM BRANDS LIMITED,METAL MANUFACTURES PTY LIMITED,,ELECTRICAL
NCI5522V,MM SECURITY SUPPLIES PTY LIMITED,METAL MANUFACTURES PTY LIMITED,VIC,ELECTRICAL
AU19061700,MMI (WA) PTY LTD,MMI (WA) PTY LTD,WA,BUILDING / HARDWARE
1015654,MNB VARIETY IMPORTS PTY LTD,MNB VARIETY IMPORTS PTY LTD,NSW,MISCELLANEOUS
NCI6223W,MOBILE CONCRETING SOLUTIONS PTY LTD,MOBILE CONCRETING SOLUTIONS PTY LTD,WA,BUILDING / HARDWARE
NCI5021V,MOD CONS HEATING & COOLING PTY LTD,MOD CONS HEATING & COOLING PTY LTD,VIC,AIRCONDITIONING
AU-97429,MOD CONS HEATING & COOLING PTY LTD,MOD CONS HEATING & COOLING PTY LTD,VIC,BUILDING / HARDWARE
630953,MODERN TEACHING AIDS PTY LTD,MODERN TEACHING AIDS PTY LTD,NSW,MISCELLANEOUS
NCI4674Q,MODINEX GROUP PTY LTD,MODINEX GROUP PTY LTD,QLD,BUILDING / HARDWARE
AU18060800,MODINEX GROUP PTY LTD,MODINEX GROUP PTY LTD,QLD,BUILDING / HARDWARE
NCI5661Z,MODO FLOORING LIMITED,MODO FLOORING LIMITED,NZ,FURNITURE / FLOORS
NZ19019600,MODO FLOORING LIMITED,MODO FLOORING LIMITED,NZ,FURNITURE / FLOORS
292384,MOET HENNESSY AUSTRALIA PTY LTD,MOET HENNESSY AUSTRALIA PTY LIMITED,NSW,LIQUOR DISTRIBUTORS
CN17082900,MOI FOODS (SHANGHAI) CO LTD,MOI INTERNATIONAL (AUSTRALIA) PTY LTD,,FOOD / PROVISIONS
NCI2296Q,MOI INTERNATIONAL (AUSTRALIA) PTY LTD,MOI INTERNATIONAL (AUSTRALIA) PTY LTD,QLD,AGRICULTURE
463140,MOI INTERNATIONAL (AUSTRALIA) PTY LTD,MOI INTERNATIONAL (AUSTRALIA) PTY LTD,QLD,FOOD / PROVISIONS
SG16020900,MOI INTERNATIONAL (SINGAPORE) PTE LTD,MOI INTERNATIONAL (AUSTRALIA) PTY LTD,,AGRICULTURE
XW03800001,MOI INTERNATIONAL (SINGAPORE) PTE LTD (RICE),MOI INTERNATIONAL (AUSTRALIA) PTY LTD,,AGRICULTURE
NCI5109S,MOLLYDOOKER WINES PTY LTD,MOLLYDOOKER WINES PTY LTD,SA,LIQUOR DISTRIBUTORS
655140,MOLLYDOOKER WINES PTY LTD,MOLLYDOOKER WINES PTY LTD,SA,LIQUOR DISTRIBUTORS
AU-48446,MOMACK PRODUCE PTY LTD,MOMACK PRODUCE PTY LTD,VIC,FOOD / PROVISIONS
T102459,MOMENTUM SEARCH AND SELECTION PTY LTD,MOMENTUM SEARCH AND SELECTION PTY LTD,VIC,EMPLOYMENT AGENCIES
311900,MONACO CORPORATION LTD,SHRIRO AUSTRALIA PTY LTD,,ELECTRONICS
NK107,MONARCH FOODS INTERNATIONAL LIMITED,MONARCH FOODS INTERNATIONAL LIMITED,,FOOD / PROVISIONS
1335663-1,MONARO MIX SPECIFIED CONCRETE PTY. LIMITED,MONARO MIX SPECIFIED CONCRETE PTY. LIMITED,NSW,BUILDING / HARDWARE
NCI4161W,MONDOLUCE (AUST) PTY LTD,MONDOLUCE (AUST) PTY LTD,WA,ELECTRICAL
AU15023900,MONDOLUCE (AUST) PTY LTD,MONDOLUCE (AUST) PTY LTD,WA,ELECTRICAL
NCI8906Q,MONEYTECH FINANCE PTY LTD (DEBTOR FINANCE),MONEYTECH FINANCE PTY LTD,NSW,FINANCE
NCI5281Z,MONKEY TOE GROUP LIMITED,MONKEY TOE GROUP LIMITED,,BUILDING / HARDWARE
NZ16006800,MONKEY TOE GROUP LIMITED,MONKEY TOE GROUP LIMITED,,BUILDING / HARDWARE
782215,MONS ROYALE LIMITED,MONS ROYALE LIMITED,,CLOTHING / TEXTILE
AU16044700,MONT MARTE INTERNATIONAL PTY LTD,MONT MARTE INTERNATIONAL PTY LTD,QLD,PAPER / PRINTING / STATIONERY
NCI4521Q,MONT MARTE INTERNATIONAL PTY LTD,MONT MARTE INTERNATIONAL PTY LTD,QLD,PAPER / PRINTING / STATIONERY
760632,MOOSE ENTERPRISE PTY LTD,MOOSE ENTERPRISE (INT) PTY LTD,VIC,RETAIL
1412807,MOOSE TOYS DISTRIBUTION MX S.A. DE,MOOSE ENTERPRISE (INT) PTY LTD,,MISCELLANEOUS
763230,MOOSE TOYS LLC,MOOSE ENTERPRISE (INT) PTY LTD,,RETAIL
790263,MOOSE TOYS LTD,MOOSE ENTERPRISE (INT) PTY LTD,,MISCELLANEOUS
790263-INV,MOOSE TOYS LTD,MOOSE ENTERPRISE (INT) PTY LTD,,RETAIL
446417,MORA WINES LIMITED,MORA WINES LIMITED,NZL,LIQUOR DISTRIBUTORS
NCI7277Q,MORGAN METAL CORP PTY LTD,MORGAN METAL CORP PTY LTD,QLD,MAJOR STEEL
NCI3038N,MORGANRYAN PTY LTD,MORGANRYAN PTY LTD,NSW,MANUFACTURING
AU-47574,MORGANRYAN PTY LTD,MORGANRYAN PTY LTD,NSW,MANUFACTURING
T105254,MORRELL PLUMBING PTY LTD,MORRELL PLUMBING PTY LTD,NSW,PLUMBING
AU-62700,MORT & CO LTD,MORT & CO LTD,QLD,AGRICULTURE
AU16046100,MORT & CO MEAT PTY LTD,MORT & CO LTD,QLD,AGRICULTURE
NCI7616Q,MORT & CO MEAT PTY LTD,MORT & CO LTD,QLD,AGRICULTURE
NCI5234W,MORTLOCK TIMBER PTY LTD,MORTLOCK TIMBER PTY LTD,WA,TIMBER
NCI6678V,MOTIF BUILDING SUPPLIES PTY LTD,MOTIF BUILDING SUPPLIES PTY LTD,VIC,BUILDING / HARDWARE
1404538-1,MOTIVE GROUP SA PTY LTD,MOTIVE GROUP SA PTY LTD,SA,ELECTRICAL
NCI6222N,MOTORACTIVE PTY LTD,MOTORACTIVE PTY LTD,NSW,AUTOMOTIVE
AU25143300,MOTORCYCLE HOLDINGS LIMITED,MOTORCYCLE HOLDINGS LIMITED,QLD,AUTOMOTIVE
1444334-1,MOTT ENGINEERING PTY LTD,MOTT ENGINEERING PTY LTD,VIC,MANUFACTURING
NZ23030100,MOTUS HYDRAULICS LIMITED,MOTUS HYDRAULICS LIMITED,,MANUFACTURING
371508.24,MOUNT RILEY WINES LIMITED,MOUNT RILEY WINES LIMITED,,LIQUOR DISTRIBUTORS
C371508Z24,MOUNT RILEY WINES LIMITED / CAP,MOUNT RILEY WINES LIMITED,,LIQUOR DISTRIBUTORS
NCI3035N,MPE HOLDINGS PTY LTD,MPE HOLDINGS PTY LTD,NSW,MANUFACTURING
AU-47875,MPE HOLDINGS PTY LTD,MPE HOLDINGS PTY LTD,NSW,MANUFACTURING
NCI8808Z,MR SHOES LIMITED,MR SHOES LIMITED,,RETAIL
NZ26034700,MR SHOES LIMITED,MR SHOES LIMITED,,RETAIL
NCI8268V,MR TRAFFIC HIRE (AUSTRALIA) PTY LTD,MR TRAFFIC HIRE (AUSTRALIA) PTY LTD,VIC,EQUIPMENT HIRE
AU24126700,MR TRAFFIC HIRE (AUSTRALIA) PTY LTD,MR TRAFFIC HIRE (AUSTRALIA) PTY LTD,VIC,EQUIPMENT HIRE
NCI8904Q,MSJ ALLIANCE PTY LTD,MSJ ALLIANCE PTY LTD,QLD,BUILDING / HARDWARE
NZ17010500,MT ERIN GROUP LIMITED,MT ERIN GROUP LIMITED,,FOOD / PROVISIONS
TW-07799,MTA ENERGY PTY LIMITED,MTA ENERGY PTY LIMITED,NSW,ELECTRICAL
1143658,MTCAN INC.,MOOSE ENTERPRISE (INT) PTY LTD,,RETAIL
NCI6806W,MUD LOGIC FLUID SOLUTIONS PTY LTD,MUD LOGIC FLUID SOLUTIONS PTY LTD,WA,MISCELLANEOUS
NCI7223S,MULLINS WHEELS PTY LTD,MULLINS WHEELS PTY LTD,SA,VEHICLE / TYRES
AU-69915,MULLINS WHEELS PTY LTD,MULLINS WHEELS PTY LTD,SA,VEHICLE / TYRES
428935,MULTIMEDIA TECHNOLOGY PTY LTD,MULTIMEDIA TECHNOLOGY PTY LTD,VIC,COMPUTERS / ELECTRONICS
C428935A00,MULTIMEDIA TECHNOLOGY PTY LTD / CAP,MULTIMEDIA TECHNOLOGY PTY LTD,VIC,COMPUTERS / ELECTRONICS
714467,MULTIPLE ELECTRICAL SERVICES PTY LTD,MULTIPLE ELECTRICAL SERVICES PTY LTD,QLD,ELECTRICAL
835984,MULWARRA EXPORT PTY LTD,MULWARRA EXPORT PTY LTD,NSW,FOOD / PROVISIONS
728962,MUNG BEAN COLLECTIVE PTY LTD,MUNG BEAN COLLECTIVE PTY LTD,QLD,AGRICULTURE
405879,MUSGRAVE MEAT HOLDINGS LIMITED,MUSGRAVE MEAT HOLDINGS LIMITED,NZL,FOOD / PROVISIONS
NCI8673V,MUZZLE & CO. TRAVEL MANAGEMENT PTY LTD (1000 MILE TRAVEL GROUP),1000 MILE TRAVEL GROUP PTY LTD,VIC,MISCELLANEOUS
NCI8540Z,MWF MANUFACTURING LIMITED,MWF MANUFACTURING LIMITED,,MANUFACTURING
NZ-60788,MWF MANUFACTURING LIMITED,MWF MANUFACTURING LIMITED,,MANUFACTURING
504876,MWT FOODS PTY LTD,MWT FOODS PTY LTD,VIC,FOOD / PROVISIONS
AU24120800,MX IMAGE CONSULTANTS PTY. LTD.,MX IMAGE CONSULTANTS PTY. LTD.,VIC,RETAIL
AU23116100,MYADD PTY LTD,MYADD PTY LTD,SA,ADVERTISING
AU22094500,MYC INTERNATIONAL LOGISTICS PTY LTD,MYC LOGISTICS PTY LTD,WA,FREIGHT FORWARDERS
NCI8837W,MYC LOGISTICS PTY LTD,MYC LOGISTICS PTY LTD,WA,FREIGHT FORWARDERS
AU-93802,MYSANDS PTY LTD,MYSANDS PTY LTD,VIC,BUILDING / HARDWARE
NCI2721N,MYSMART PTY LTD,MYSMART PTY LTD,NSW,BUILDING / HARDWARE
AU-47010,MYSMART PTY LTD,MYSMART PTY LTD,NSW,COMPUTERS / ELECTRONICS
NCI8565V,N A W CONTROLS PTY LTD,N.A.W. CONTROLS PTY. LTD.,VIC,ELECTRICAL
1397667-1,N A W CONTROLS PTY LTD,N.A.W. CONTROLS PTY. LTD.,VIC,ELECTRICAL
AU-51698,N E C AUSTRALIA PTY LTD,NEC AUSTRALIA PTY LTD,VIC,ELECTRONICS
AU-97535,NADYA INVESTMENT PTY LTD,NADYA INVESTMENT PTY LTD,VIC,PLASTICS
AU-46750,NAFDA LIMITED,NAFDA LIMITED,NSW,FOOD / PROVISIONS
743168,NAMARANG FARMS PARTNERSHIP,NAMARANG FARMS PARTNERSHIP,NSW,AGRICULTURE
NCI8807W,NANAMBINIA GROUP PTY LTD,NANAMBINIA GROUP PTY LTD,WA,ENGINEERING
NCI5932S,NARETREE PTY. LTD.,NARETREE PTY. LTD.,SA,MANUFACTURING
AU19067301,NARETREE PTY. LTD.,NARETREE PTY. LTD.,SA,MANUFACTURING
T104646,NATCAR CONSTRUCTIONS PTY LTD,NATCAR CONSTRUCTIONS PTY LTD,VIC,BUILDING / HARDWARE
AU23108300,NATHAN CONTRACTORS PTY LTD,NATHAN CONTRACTORS PTY LTD,ACT,BUILDING / HARDWARE
NCI8812V,NATHAN MICHLIK TRAVEL PTY LTD (1000 MILE TRAVEL GROUP PTY LTD),1000 MILE TRAVEL GROUP PTY LTD,TAS,MISCELLANEOUS
1023638,NATIONAL LIVESTOCK SOLUTIONS (NLS) PTY LTD,NATIONAL LIVESTOCK SOLUTIONS (NLS) PTY LTD,WA,AGRICULTURE
1276504-1,NATIONAL MILK PTY LTD,NATIONAL MILK PTY LTD,VIC,FOOD / PROVISIONS
NCI4127Q,NATIONAL MUSIC PTY LTD,NATIONAL MUSIC PTY LTD,QLD,RETAIL
410484,NATIONAL RESOURCES PTY LTD,NATIONAL RESOURCES PTY LTD,VIC,OTHER STEEL
C410484A00,NATIONAL RESOURCES PTY LTD / CAP,NATIONAL RESOURCES PTY LTD,VIC,OTHER STEEL
AU-101155,NATIONAL WEIGHING & INSTRUMENTS PTY. LIMITED,NATIONAL WEIGHING & INSTRUMENTS PTY. LIMITED,NSW,BUILDING / HARDWARE
NZ140008BF,NATURAL SUGARS (NEW ZEALAND) LIMITED,NATURAL SUGARS (NEW ZEALAND) LIMITED,,FOOD / PROVISIONS
NCI3040Z,NATURAL SUGARS (NEW ZEALAND) LIMITED,NATURAL SUGARS (NEW ZEALAND) LIMITED,,FREIGHT FORWARDERS
NZ14000800,NATURAL SUGARS (NEW ZEALAND) LIMITED,NATURAL SUGARS (NEW ZEALAND) LIMITED,,FOOD / PROVISIONS
C140008Z00,NATURAL SUGARS (NEW ZEALAND) LIMITED / CAP,NATURAL SUGARS (NEW ZEALAND) LIMITED,,FOOD / PROVISIONS
10102,NATURALLY AUSTRALIAN MEAT & GAME PTY LTD,NATURALLY AUSTRALIAN MEAT & GAME PTY LTD,QLD,AGRICULTURE
497192,NATURALLY AUSTRALIAN MEAT & GAME PTY LTD,NATURALLY AUSTRALIAN MEAT & GAME PTY LTD,QLD,AGRICULTURE
GB-97904,NAVARA OAT MILLING LIMITED,NAVARA OAT MILLING LIMITED,,AGRICULTURE
NCI8988N,NC CENTA PTY LIMITED,HARVEY NORMAN COMMERCIAL GROUP,NSW,ELECTRONICS
AU-101501,NC CENTA PTY LIMITED,HARVEY NORMAN COMMERCIAL GROUP,NSW,ELECTRONICS
1270252-1,NCE PTY LTD,NCE PTY LTD,VIC,TIMBER
NCIACCOUNT,NCI ACCOUNTS,NCI DEMO PTY LTD,SA,
DEMOMYS,NCI DEMO (MALAYSIA) SDN BHD,NCI DEMO PTY LTD,,
NCIDEMONZ,NCI DEMO (NZ) PTY LTD,NCI DEMO PTY LTD,,
NCIDEMOSGP,NCI DEMO (SINGAPORE) PTE LTD,NCI DEMO PTY LTD,,
DEMOSGP,NCI DEMO (SINGAPORE) PTE LTD,NCI DEMO PTY LTD,,
DEMOINS,NCI DEMO PTY LTD,NCI DEMO PTY LTD,SA,
NCIITDEMO,NCI DEMO PTY LTD,NCI - IT DEMO,SA,
NCIDEMOCRM,NCI DEMO PTY LTD,NCI DEMO PTY LTD,SA,
NCI4945V,NCI HOLDINGS PTY LTD,NCI HOLDINGS PTY LTD,VIC,MANUFACTURING
AU-88933,NCI HOLDINGS PTY LTD,NCI HOLDINGS PTY LTD,VIC,MISCELLANEOUS
NCIMONITOR,NCI MONITORED OPPOSITION,NCI DEMO PTY LTD,SA,
NCISERVICE,NCI SERVICE AGREEMENTS,NCI DEMO PTY LTD,SA,
365178,NCP TRADING LIMITED,NCP TRADING LIMITED,,ELECTRONICS
NCI7588W,NDE GROUP PTY LTD,NDE GROUP PTY LTD,WA,BUILDING / HARDWARE
AU23105700,NDE GROUP PTY LTD,NDE GROUP PTY LTD,WA,BUILDING / HARDWARE
NS310,NDT GROUP LTD,NDT GROUP LTD,,
AU-88280,NEDF PTY LTD,NEDF PTY LTD,NSW,MANUFACTURING
1253203-1,NEEKAN STEELS PTY LTD,NEEKAN STEELS PTY LTD,VIC,MAJOR STEEL
AU-47118,NEGOCIANTS INTERNATIONAL PTY. LIMITED,SAMUEL SMITH & SON PTY LTD,SA,ACCOUNTING
680134,NEO POLYMERS INTERNATIONAL PTY LTD,NEO POLYMERS INTERNATIONAL PTY LTD,VIC,WOOL SUPPLIERS
939645,NEOVIA PHILLIPINES INC,ADM TRADING AUSTRALIA PTY LTD,,AGRICULTURE
363692,NEPTUNE SWIMMING POOLS PTY. LTD.,NEPTUNE SWIMMING POOLS PTY LTD,VIC,BUILDING / HARDWARE
SR100046,NEUMANN CONTRACTORS PTY LTD,NEUMANN ASSOCIATE COMPANIES PTY LTD,QLD,BUILDING / HARDWARE
NCI8749Q,NEUMANN CONTRACTORS PTY LTD,NEUMANN ASSOCIATE COMPANIES PTY LTD,QLD,MAJOR STEEL
1285896,NEUMANN CONTRACTORS PTY LTD,NEUMANN ASSOCIATE COMPANIES PTY LTD,QLD,MAJOR STEEL
SR100147,NEUMANN STEEL PTY LTD,NEUMANN ASSOCIATE COMPANIES PTY LTD,QLD,MAJOR STEEL
10094,NEUMANN STEEL PTY LTD,NEUMANN ASSOCIATE COMPANIES PTY LTD,QLD,MAJOR STEEL
NCI5428Q,NEUMANN STEEL PTY. LTD.,NEUMANN ASSOCIATE COMPANIES PTY LTD,QLD,OTHER STEEL
1280329,NEUMANN STEEL PTY. LTD.,NEUMANN ASSOCIATE COMPANIES PTY LTD,QLD,MAJOR STEEL
NCI8026V,NEW BALANCE AUSTRALIA PTY LTD,NEW BALANCE AUSTRALIA PTY LTD,VIC,CLOTHING / TEXTILE
AU-51717,NEW BALANCE AUSTRALIA PTY LTD,NEW BALANCE AUSTRALIA PTY LTD,VIC,CLOTHING / TEXTILE
NCI8248Z,NEW BALANCE NZ LIMITED,NEW BALANCE AUSTRALIA PTY LTD,NZL,CLOTHING / TEXTILE
NZ-51754,NEW BALANCE NZ LIMITED,NEW BALANCE AUSTRALIA PTY LTD,,CLOTHING / TEXTILE
AU-98573,NEW CENTURY GROUP AUSTRALIA II PTY LTD,NEW CENTURY GROUP AUSTRALIA II PTY LTD,NSW,BUILDING / HARDWARE
NCI5135V,NEW ERA CAP AUSTRALIA PTY LTD,NEW ERA CAP AUSTRALIA PTY LIMITED,VIC,CLOTHING / TEXTILE
998692,NEW ERA CAP AUSTRALIA PTY LTD,NEW ERA CAP AUSTRALIA PTY LIMITED,VIC,CLOTHING / TEXTILE
NZ-67614,NEW ZEALAND GREEN FARM LIMITED,NEW ZEALAND GREEN FARM LIMITED,,FOOD / PROVISIONS
NCI2040Z,NEW ZEALAND STEEL LTD,BLUESCOPE STEEL LTD,,MAJOR STEEL
NCI8419Z,NEW ZEALAND TT CONCRETE LIMITED,NEW ZEALAND TT CONCRETE LIMITED,,BUILDING / HARDWARE
1364013-1,NEW ZEALAND TT CONCRETE LIMITED,NEW ZEALAND TT CONCRETE LIMITED,,BUILDING / HARDWARE
AU-57896,NEWCASTLE STEEL FRAMES & TRUSSES PTY LTD,NEWCASTLE STEEL FRAMES & TRUSSES PTY LTD,NSW,OTHER STEEL
NCI7772V,NEWFURN FLOOR COVERINGS LIMITED,NEWFURN FLOOR COVERINGS LIMITED,VIC,BUILDING / HARDWARE
1342395-1,NEWGEN GLASS & ALUMINIUM PTY LTD,NEWGEN GLASS & ALUMINIUM PTY LTD,VIC,BUILDING / HARDWARE
NCI5497Z,NEWLINE GROUP LIMITED,NEWLINE GROUP LIMITED,,BUILDING / HARDWARE
NZ17014701,NEWLINE GROUP LIMITED,NEWLINE GROUP LIMITED,,BUILDING / HARDWARE
NCI4876S,NEWTONS BUILDING & LANDSCAPE SUPPLIES PTY LTD,NEWTONS BUILDING & LANDSCAPE SUPPLIES PTY LTD,SA,BUILDING / HARDWARE
NCI8938V,NEXUS STONE PTY. LTD.,NEXUS STONE PTY. LTD.,VIC,BUILDING / HARDWARE
1032126,NEXVENTUR AUSTRALIA PTY LTD,EIRE WORKFORCE SOLUTIONS PTY. LTD.,VIC,BUILDING / HARDWARE
SG16020800,NGO CHEW HONG EDIBLE OIL PTE LTD,MOI INTERNATIONAL (AUSTRALIA) PTY LTD,,AGRICULTURE
NCI6872W,NIGHT FOCUS PTY LTD,NIGHT FOCUS PTY LTD,WA,ELECTRICAL
NCI8144Z,NIMBL GROUP LIMITED,NIMBL GROUP LIMITED,,PLUMBING
682067,NIMBL GROUP LIMITED,NIMBL GROUP LIMITED,,PLUMBING
1342641-1,NINJA GROUP PTY LTD,NINJA GROUP PTY LTD,WA,BUILDING / HARDWARE
AU23111100,NINTENDO AUSTRALIA PTY LTD,NINTENDO AUSTRALIA PTY LTD,VIC,COMPUTERS / ELECTRONICS
NCI6762W,NK ASPHALT PTY LTD,NK ASPHALT PTY LTD,WA,LANDSCAPING
NCI8524V,NKSM HOLDINGS PTY LTD,NKSM HOLDINGS PTY LTD,VIC,OTHER STEEL
NCI8983N,NOARK AUSTRALIA PTY LTD,NOARK AUSTRALIA PTY LTD,NSW,ELECTRICAL
UA00288,NOARK AUSTRALIA PTY LTD,NOARK AUSTRALIA PTY LTD,NSW,ELECTRICAL
AU24133900,NORDITUBE AUS PTY LTD,NORDITUBE AUS PTY LTD,SA,BUILDING / HARDWARE
AU15019800,NORFOLK BLINDS PTY LTD,NORFOLK BLINDS PTY LTD,TAS,MANUFACTURING
NCI4962N,NORMAN MCMAHON PATCHES PTY. LTD.,NORMAN MCMAHON PATCHES PTY. LTD.,NSW,BUILDING / HARDWARE
1197195,NORMARK LANDSCAPES PTY LTD,NORMARK LANDSCAPES PTY LTD,VIC,LANDSCAPING
NCI0983V,NORRISH FALLS PTY LTD,NORRISH FALLS PTY LTD,VIC,TIMBER
T105452,NORRISH FALLS PTY LTD,NORRISH FALLS PTY LTD,VIC,TIMBER
NCI8910Q,NORTEK DEVELOPMENTS PTY LTD,NORTEK DEVELOPMENTS PTY LTD,QLD,LABOUR HIRE
AU-46763,NORTH QUEENSLAND FRESH PTY LTD,NORTH QUEENSLAND FRESH PTY LTD,QLD,AGRICULTURE
NCI8893N,NORTH SIDE CABLING PTY LTD,NORTH SIDE CABLING PTY LTD,NSW,ELECTRICAL
874326,NORTH WEST COMMERCIAL INDUSTRIES (QLD) PTY LTD,NORTH WEST COMMERCIAL INDUSTRIES (QLD) PTY LTD,QLD,BUILDING / HARDWARE
AU26150000,NORTHCOAST STONE PTY LTD,NORTHCOAST STONE PTY LTD,QLD,BUILDING / HARDWARE
NCI1906V,NORTHERN INDUSTRIAL COATINGS PTY LTD,NORTHERN INDUSTRIAL COATINGS PTY LTD,VIC,BUILDING / HARDWARE
NZ19022400,NORTHERN LANDS LIMITED,NORTHERN LANDS LIMITED,,FOOD / PROVISIONS
NCI8595S,NORTHLAND DISTRIBUTORS PTY LTD,NORTHLAND DISTRIBUTORS PTY LTD,SA,FOOD / PROVISIONS
348532,NORTHUMBERLAND HANDYMAN SUPPLIES PTY LTD,NORTHUMBERLAND HANDYMAN SUPPLIES PTY LTD,NSW,BUILDING / HARDWARE
NCI1290N,NORTHUMBERLAND HANDYMAN SUPPLIES PTY LTD,NORTHUMBERLAND HANDYMAN SUPPLIES PTY LTD,NSW,BUILDING / HARDWARE
428836,NORWEST SEED LTD,NORWEST SEED LTD,,AGRICULTURE
C428836Z00,NORWEST SEED LTD / CAP,NORWEST SEED LTD,,AGRICULTURE
AU-49048,NOVA CASH FLOW FINANCE PTY LTD,NOVA CASH FLOW FINANCE PTY LTD,QLD,FINANCE
NCI6855Q,NOVA CASH FLOW FINANCE PTY LTD,NOVA CASH FLOW FINANCE PTY LTD,QLD,FINANCE
NCI5177W,NOVAPLAS AUSTRALIA PTY LTD,NOVAPLAS AUSTRALIA PTY LTD,WA,PLASTICS
AU15017901,NOVAPLAS AUSTRALIA PTY LTD,NOVAPLAS AUSTRALIA PTY LTD,WA,PLASTICS
NCI5532Z,NOVARE GLOBAL LIMITED,NOVARE GLOBAL LIMITED,,MISCELLANEOUS
NZ18019100,NOVARE GLOBAL LIMITED,NOVARE GLOBAL LIMITED,,MANUFACTURING
24AKL/1444,NOVE METAL RECYCLING SDN BHD,NOVE METAL RECYCLING SDN BHD,,MANUFACTURING
AU-46751,NOVER & CO PTY LTD,NOVER & CO PTY LTD,NSW,BUILDING / HARDWARE
640305,NS BLUESCOPE VIETNAM LIMITED,BLUESCOPE STEEL LTD,,OTHER STEEL
NCI2435Q,NSA ROOFING PTY LTD,NSA ROOFING PTY LTD,QLD,BUILDING / HARDWARE
1157571,NSA ROOFING PTY LTD,NSA ROOFING PTY LTD,QLD,BUILDING / HARDWARE
NCI8402N,NSW TIMBER & HARDWARE PTY LTD,NSW TIMBER & HARDWARE PTY LTD,NSW,TIMBER
AU-93454,NSW TIMBER & HARDWARE PTY LTD,NSW TIMBER & HARDWARE PTY LTD,NSW,TIMBER
NCI3018N,NTHA MEMBER PROGRAM,NTHA MEMBER PROGRAM,NSW,TIMBER
AU-90394,NTS TRANSPORT PTY LTD,NTS TRANSPORT PTY LTD,VIC,TRANSPORT
1168199,NU-GEN FRAMES & TRUSSES PTY LTD,NU-GEN FRAMES & TRUSSES PTY LTD,NSW,MANUFACTURING
NCI2474Q,NUCON PTY LTD,NEUMANN ASSOCIATE COMPANIES PTY LTD,QLD,BUILDING / HARDWARE
1285895,NUCON PTY LTD,NEUMANN ASSOCIATE COMPANIES PTY LTD,QLD,BUILDING / HARDWARE
AU25135600,NUCREW PTY LTD,NUCREW PTY LTD,WA,LABOUR HIRE
NCI8358Z,NUMAT GROUP LIMITED,NUMAT GROUP LIMITED,,BUILDING / HARDWARE
NCI8428V,NUMERO UNO TRAVEL PTY LTD (1000 MILE TRAVEL GROUP),1000 MILE TRAVEL GROUP PTY LTD,VIC,MISCELLANEOUS
NCI8588V,NUNN BROS. HAULAGE PTY LTD,NUNN BROS. HAULAGE PTY LTD,VIC,BUILDING / HARDWARE
AU25138800,NUNN BROS. HAULAGE PTY LTD,NUNN BROS. HAULAGE PTY LTD,VIC,BUILDING / HARDWARE
NZ25034100,NURALITE GROUP LIMITED,NURALITE GROUP LIMITED,,BUILDING / HARDWARE
SG17032900,NUTRISTAR ASIA PTE LTD,NUTRISTAR ASIA PTE LTD,,MISCELLANEOUS
UA00073,NUVIEW WINDOW & DOOR INSTALLATIONS PTY LTD,NUVIEW WINDOW & DOOR INSTALLATIONS PTY LTD,NSW,MANUFACTURING
1470844-1,NXT QUARRY PTY LTD,NXT QUARRY PTY LTD,VIC,MINING
NCI6139Z,NZ WINE PRODUCERS LIMITED,NZ WINE PRODUCERS LIMITED,,FOOD / PROVISIONS
NZ20023100,NZ WINE PRODUCERS LIMITED,NZ WINE PRODUCERS LIMITED,,FOOD / PROVISIONS
C200231Z00,NZ WINE PRODUCERS LIMITED / CAP,NZ WINE PRODUCERS LIMITED,,FOOD / PROVISIONS
AU-91406,O.C.C. SERVICES PTY LTD,PROTECH BUSINESS SERVICES PTY LTD,VIC,LABOUR HIRE
NCI8257V,O.C.C. SERVICES PTY LTD,PROTECH BUSINESS SERVICES PTY LTD,VIC,LABOUR HIRE
NCI7364N,O'NEILL & BROWN PLUMBING COMPANY PTY. LIMITED,O'NEILL & BROWN PLUMBING COMPANY PTY. LIMITED,ACT,BUILDING / HARDWARE
AU25144200,O'NEILL & BROWN PLUMBING COMPANY PTY. LIMITED,O'NEILL & BROWN PLUMBING COMPANY PTY. LIMITED,ACT,PLUMBING
NCI8796V,O&M PTY LTD,O&M PTY LTD,VIC,ENGINEERING
TW-02950,OADASH PTY LTD,OADASH PTY LTD,NSW,AGRICULTURE
NCI4346Q,OBE BEEF PTY LTD,OBE BEEF PTY LTD,QLD,FREIGHT FORWARDERS
AU22103900,OBE BEEF PTY LTD,OBE BEEF PTY LTD,QLD,FOOD / PROVISIONS
C221039A00,OBE BEEF PTY LTD / CAP,OBE BEEF PTY LTD,QLD,FREIGHT FORWARDERS
T104521,OCEANIAN CONNECTION PTY LTD,OCEANIAN CONNECTION PTY LTD,NSW,PLUMBING
AU-97283,OFM DIRECT PTY LTD,OFM DIRECT PTY LTD,ACT,BUILDING / HARDWARE
736814,OGILVY AUSTRALIA PTY LTD,W P P / GROUPM,NSW,ADVERTISING
736811,OGILVY HEALTH PTY LTD,W P P / GROUPM,NSW,ADVERTISING
733986,OGILVY PR PTY LTD,W P P / GROUPM,NSW,ADVERTISING
NCI4940W,OIL & ENERGY PTY. LTD.,OIL & ENERGY PTY. LTD.,WA,FUEL DISTRIBUTORS
TW-01427,OIL & ENERGY PTY. LTD.,OIL & ENERGY PTY. LTD.,WA,FUEL DISTRIBUTORS
NCI8978S,OILPATH HYDRAULICS PTY LTD,OILPATH HYDRAULICS PTY LTD,SA,MISCELLANEOUS
283131,OJI FIBRE SOLUTIONS (NZ) LIMITED,OJI FIBRE SOLUTIONS (NZ) LIMITED,,PAPER / PRINTING / STATIONERY
NCI8491N,OLG OFFICE PTY LTD,OLG OFFICE PTY LTD,NSW,FREIGHT FORWARDERS
AU25145800,OLG OFFICE PTY LTD,OLG OFFICE PTY LTD,NSW,FURNITURE / FLOORS
NCI2323V,OLLEROM PTY LTD,OLLEROM PTY LTD,VIC,TIMBER
AU-90082,OLYMPIC FENCING (NSW) PTY LIMITED,OLYMPIC FENCING (NSW) PTY LIMITED,NSW,BUILDING / HARDWARE
1377639-1,OM SYNERGIES LTD,OM SYNERGIES LTD,,OTHER STEEL
WP92400007,OMC ELECTRONICS NZ LIMITED,OMC ELECTRONICS PTY LTD,NSW,ELECTRONICS
WP92400001,OMC ELECTRONICS PTY LTD,OMC ELECTRONICS PTY LTD,NSW,ELECTRONICS
NCI2037Z,OMD NEW ZEALAND LTD,OMNICOM,,ADVERTISING
WP56027004,OMD NEW ZEALAND LTD,OMNICOM,,ADVERTISING
C560274Z00,OMD NEW ZEALAND LTD / CAP,OMNICOM,,ADVERTISING
NCI6642W,OMEGA ASPHALT PTY LTD,OMEGA ASPHALT PTY LTD,WA,BUILDING / HARDWARE
1211601,OMEGA ASPHALT PTY LTD,OMEGA ASPHALT PTY LTD,WA,BUILDING / HARDWARE
NCI8774V,OMNI PACKAGING PTY LTD,OMNI PACKAGING PTY LTD,VIC,PAPER / PRINTING / STATIONERY
NCI8754V,OMNI SOURCE PTY LTD,OMNI SOURCE PTY LTD,VIC,FOOD / PROVISIONS
WP56001046,OMNICOM MEDIA GROUP AUSTRALIA PTY LTD,OMNICOM,NSW,ADVERTISING
NCI1386N,OMNICOM MEDIA GROUP AUSTRALIA PTY LTD,OMNICOM,NSW,ADVERTISING
WP56027021,OMNICOM MEDIA NEW ZEALAND LIMITED,OMNICOM,NZL,ADVERTISING
WP56027001,OMNICOM MEDIA NEW ZEALAND LIMITED,OMNICOM,,ADVERTISING
NCI8716N,OMRON ELECTRONICS PTY LTD,OMRON ELECTRONICS PTY LTD,NSW,ELECTRONICS
AU-98589,OMRON ELECTRONICS PTY LTD,OMRON ELECTRONICS PTY LTD,NSW,ELECTRONICS
AU23110800,ON TRACK RAIL SOLUTIONS PTY LTD,ON TRACK RAIL SOLUTIONS PTY LTD,WA,LABOUR HIRE
NCI8930W,ONBOARD ROOFING PTY LTD,ONBOARD ROOFING PTY LTD,WA,MANUFACTURING
AU18059100,ONE DIVERSIFIED (AUST.) PTY LTD,ONE DIVERSIFIED (AUST.) PTY LTD,VIC,BUILDING / HARDWARE
NCI7126Q,ONE GLOBAL LOGISTICS PTY LTD,ONE GLOBAL LOGISTICS PTY LTD,QLD,MISCELLANEOUS
10450,ONE GLOBAL LOGISTICS PTY LTD,ONE GLOBAL LOGISTICS PTY LTD,QLD,FREIGHT FORWARDERS
1142048,ONE GLOBAL LOGISTICS PTY LTD,ONE GLOBAL LOGISTICS PTY LTD,QLD,FREIGHT FORWARDERS
1269345,ONE GREEN BEAN PTY LIMITED,HAVAS WORLDWIDE AUSTRALIA PTY LTD,NSW,ADVERTISING
232744501,ONE MEDIA OPTICAL (UK) LIMITED,ONE MEDIA OPTICAL (UK) LIMITED,,MISCELLANEOUS
NCI8224Q,ONE SOURCE VALVES PTY LTD,ONE SOURCE VALVES PTY LTD,QLD,BUILDING / HARDWARE
AU-70839,ONE SOURCE VALVES PTY LTD,ONE SOURCE VALVES PTY LTD,QLD,BUILDING / HARDWARE
NCI5088Q,ONE STOP WAREHOUSE PTY LTD,ONE STOP WAREHOUSE PTY LTD,NSW,SOLAR
484242,ONE STOP WAREHOUSE PTY LTD,ONE STOP WAREHOUSE PTY LTD,NSW,SOLAR
NZ-46157,ONEFOREST LIMITED,ONEFOREST LIMITED,NZ,TIMBER
1436274,ONEFORTYONE NEW ZEALAND LIMITED,ONEFORTYONE NEW ZEALAND LIMITED,,TIMBER
1151409,ONEFORTYONE NEW ZEALAND LIMITED,ONEFORTYONE NEW ZEALAND LIMITED,,TIMBER
NCI5211V,ONEFORTYONE WOOD PRODUCTS PTY LTD,ONEFORTYONE WOOD PRODUCTS PTY LTD,VIC,BUILDING / HARDWARE
187113,ONEFORTYONE WOOD PRODUCTS PTY LTD,ONEFORTYONE WOOD PRODUCTS PTY LTD,VIC,TIMBER
NCI8382N,OPAL COFFEE PTY LTD,OPAL COFFEE PTY LTD,NSW,HOSPITALITY
AU19071000,OPAL COFFEE PTY LTD,OPAL COFFEE PTY LTD,NSW,FOOD / PROVISIONS
648006T,OPEN COUNTRY DAIRY LIMITED,OPEN COUNTRY DAIRY LIMITED,,FOOD / PROVISIONS
NCI8541Z,OPEN COUNTRY DAIRY LIMITED,OPEN COUNTRY DAIRY LIMITED,,AGRICULTURE
NCI3013Z,OPEN COUNTRY DAIRY LIMITED,OPEN COUNTRY DAIRY LIMITED,,AGRICULTURE
695610,OPEN COUNTRY DAIRY LIMITED,OPEN COUNTRY DAIRY LIMITED,,AGRICULTURE
695628,OPEN COUNTRY DAIRY LIMITED,OPEN COUNTRY DAIRY LIMITED,,FOOD / PROVISIONS
NCI5803N,OPIE MANUFACTURING GROUP PTY LIMITED,OPIE MANUFACTURING GROUP PTY LIMITED,NSW,OTHER STEEL
AU-80778,OPIE MANUFACTURING GROUP PTY LIMITED,OPIE MANUFACTURING GROUP PTY LIMITED,NSW,OTHER STEEL
SG17034600,OPULENT TECHNO PTE. LTD.,OPULENT TECHNO PTE. LTD.,,MANUFACTURING
NCI8515V,ORBINOX PTY LTD,ORBINOX PTY LTD,VIC,MANUFACTURING
AU24127300,ORCA SOLAR LIGHTING PTY LTD,ORCA SOLAR LIGHTING PTY LTD,QLD,SOLAR
NZ-62687,OREGON BUILDING SUPPLIES LIMITED,OREGON BUILDING SUPPLIES LIMITED,,BUILDING / HARDWARE
NCI5859N,ORICOM INTERNATIONAL PTY LTD,ORICOM INTERNATIONAL PTY LTD,NSW,ELECTRONICS
AU-47919,ORICOM INTERNATIONAL PTY LTD,ORICOM INTERNATIONAL PTY LTD,NSW,ELECTRONICS
AU-51996,ORIEL BUILDING SERVICES PTY LTD,ORIEL BUILDING SERVICES PTY LTD,NSW,BUILDING / HARDWARE
P110018207,ORIGIN COMMODITIES LIMITED,ORIGIN COMMODITIES LIMITED,,FOOD / PROVISIONS
AU18055500,ORIGIN GRAIN PTY LTD,ORIGIN GRAIN PTY LTD,NSW,AGRICULTURE
WP56001505,ORION TRADING AUSTRALIA PTY LTD,OMNICOM,NSW,ADVERTISING
AU-90701,ORLANDO SMITH PTY LTD,ORLANDO SMITH PTY LTD,QLD,BUILDING / HARDWARE
NZ-69967,OTAGO FOUNDATIONS AND CONCRETE LTD,OTAGO FOUNDATIONS AND CONCRETE LTD,,BUILDING / HARDWARE
TW-08724,OUTBACK TREES OF AUSTRALIA PTY LTD,OUTBACK TREES OF AUSTRALIA PTY LTD,WA,BUILDING / HARDWARE
SG21067200,OUTSOURCE ASIA INDUSTRIES (2008) PTE LTD,OUTSOURCE ASIA INDUSTRIES (2008) PTE LTD,,MISCELLANEOUS
NCI5708V,OUTWEST CONCRETE PTY LTD,OUTWEST CONCRETE PTY LTD,VIC,BUILDING / HARDWARE
NCI0299V,OWEN TRUSS PTY LTD,OWEN TRUSS PTY LTD,VIC,BUILDING / HARDWARE
371058,OWEN TRUSS PTY LTD,OWEN TRUSS PTY LTD,VIC,BUILDING / HARDWARE
1268254,OXFORD ALLOYS ASIA PACIFIC PTE. LTD.,OXFORD ALLOYS ASIA PACIFIC PTE. LTD.,,MISCELLANEOUS
AU-52891,OXLEY FRAME AND TRUSS PTY LTD,OXLEY FRAME AND TRUSS PTY LTD,NSW,BUILDING / HARDWARE
NCI8753N,OXROCK PTY LTD,OXROCK PTY LTD,NSW,AUTOMOTIVE
AU-45500,OXWORKS PTY LTD,OXWORKS PTY LTD,QLD,BUILDING / HARDWARE
NCI2378Q,OXWORKS PTY LTD,OXWORKS PTY LTD,QLD,BUILDING / HARDWARE
AU16040500,OYSTER BROKERS AUSTRALIA PTY LTD,OYSTER BROKERS AUSTRALIA PTY LTD,SA,FOOD / PROVISIONS
AU26153100,OZ FLEET SERVICES PTY LTD,OZ FLEET SERVICES PTY LTD,QLD,VEHICLE / TYRES
NCI5200N,OZ STRUT PTY LTD,OZ STRUT PTY LTD,NSW,BUILDING / HARDWARE
NCI4297Q,OZBUILD MATERIALS PTY LTD,OZBUILD MATERIALS PTY LTD,QLD,TIMBER
AU-78814,OZBUILD MATERIALS PTY LTD,OZBUILD MATERIALS PTY LTD,QLD,TIMBER
AU-97243,OZFLOR PTY LTD,OZFLOR PTY LTD,QLD,FURNITURE / FLOORS
NCI6192W,OZLINC INDUSTRIES PTY LTD,OZLINC INDUSTRIES PTY LTD,WA,MINING
NCI7673S,OZORA ENERGY PTY LTD,OZORA ENERGY PTY LTD,SA,ELECTRICAL
AU25142100,OZORA ENERGY PTY LTD,OZORA ENERGY PTY LTD,SA,ENERGY
AU-51279,OZROLL PTY LTD,OZROLL PTY LTD,SA,BUILDING / HARDWARE
414533,OZTENT AUSTRALIA PTY LIMITED,OZTENT AUSTRALIA PTY. LIMITED,NSW,MISCELLANEOUS
NCI6800S,OZUNO TRADING PTY LTD,OZUNO TRADING PTY LTD,SA,ELECTRICAL
NCI5697Q,P & M BENNETT INVESTMENTS PTY. LTD.,P & M BENNETT INVESTMENTS PTY. LTD.,QLD,FURNITURE / FLOORS
1187302,P & M BENNETT INVESTMENTS PTY. LTD.,P & M BENNETT INVESTMENTS PTY. LTD.,QLD,FURNITURE / FLOORS
NCI5350W,P & T INDUSTRIES PTY LTD,P & T INDUSTRIES PTY LTD,WA,ELECTRICAL
1210318,P & T INDUSTRIES PTY LTD,P & T INDUSTRIES PTY LTD,WA,MANUFACTURING
NCI4217Q,P BRODIE HOLDINGS PTY LTD,P BRODIE HOLDINGS PTY LTD,QLD,AGRICULTURE
AU18058500,P BRODIE HOLDINGS PTY LTD,P BRODIE HOLDINGS PTY LTD,QLD,AGRICULTURE
1295037-1,P J & J R PHILLIPS PTY LTD,P J & J R PHILLIPS PTY LTD,QLD,BUILDING / HARDWARE
NCI4663Q,P J & J R PHILLIPS PTY LTD,P J & J R PHILLIPS PTY LTD,QLD,BUILDING / HARDWARE
NCI5385N,P W SADDINGTON & SONS PTY LTD,P W SADDINGTON & SONS PTY LTD,NSW,BUILDING / HARDWARE
NCI3036N,P. & B. WALKER BROS PTY LTD,P. & B. WALKER BROS PTY LTD,NSW,TIMBER
AU-47630,P. & B. WALKER BROS PTY LTD,P. & B. WALKER BROS PTY LTD,NSW,TIMBER
NCI2045S,P. & R. ELECTRICAL WHOLESALERS PTY LTD,P. & R. ELECTRICAL WHOLESALERS PTY LTD,SA,ELECTRICAL
AU-45471,P. & R. ELECTRICAL WHOLESALERS PTY LTD,P. & R. ELECTRICAL WHOLESALERS PTY LTD,SA,ELECTRICAL
AU-51305,PACCAR AUSTRALIA PTY LTD,PACCAR AUSTRALIA PTY LTD,VIC,AUTOMOTIVE
NCI6138V,PACIFIC COMPONENTS PTY LTD,PACIFIC COMPONENTS PTY LTD,VIC,BUILDING / HARDWARE
1449548-1,PACIFIC COMPONENTS PTY LTD,PACIFIC COMPONENTS PTY LTD,VIC,ELECTRICAL
NCI2448Q,PACIFIC FLOORING SERVICES PTY. LIMITED,PACIFIC FLOORING SERVICES PTY. LIMITED,QLD,BUILDING / HARDWARE
1137850,PACIFIC FORMWORK (AUST) PTY LTD,PACIFIC FORMWORK (AUST) PTY LTD,ACT,MANUFACTURING
T104349,PACIFIC GLOBAL SPROUTS PTY LTD,PACIFIC GLOBAL SPROUTS PTY LTD,VIC,AGRICULTURE
AU-89352,PACIFIC RIM INDUSTRIES PTY LIMITED,PACIFIC RIM INDUSTRIES PTY LIMITED,NSW,TIMBER
NCI7104N,PACIFIC STONE PTY LIMITED,PACIFIC STONE PTY LIMITED,ACT,BUILDING / HARDWARE
AU22101900,PACIFIC VINTNERS PTY LTD,PACIFIC VINTNERS PTY LTD,SA,LIQUOR DISTRIBUTORS
NCI4536Z,PACIFICOMM GROUP LTD,PACIFICOMM GROUP LTD,,TELECOMMUNICATIONS
NZ-77457,PACIFICOMM GROUP LTD,PACIFICOMM GROUP LTD,,ELECTRICAL
AU-68189,PACREO PTY LTD,PACREO PTY LTD,QLD,BUILDING / HARDWARE
NCI5835N,PANASONIC AUSTRALIA PTY LIMITED,PANASONIC AUSTRALIA PTY LTD,NSW,ELECTRONICS
NZ20025700,PANASONIC NEW ZEALAND LIMITED,PANASONIC NEW ZEALAND LIMITED,NZL,ELECTRONICS
C200257Z00,PANASONIC NEW ZEALAND LIMITED / CAP,PANASONIC NEW ZEALAND LIMITED,NZL,ELECTRONICS
1351918-1,PANTEX ROOFING SYSTEMS PTY. LTD.,PANTEX ROOFING SYSTEMS PTY. LTD.,QLD,BUILDING / HARDWARE
AU26152000,PARACLETE LOGISTICS PTY LTD,PARACLETE LOGISTICS PTY LTD,QLD,TRANSPORT
1092123,PARADIGM FOODS PTY LTD,AUSTRALIAN RURAL EXPORTS PTY. LTD.,QLD,AGRICULTURE
NCI7150Q,PARADIGM FOODS PTY LTD,AUSTRALIAN RURAL EXPORTS PTY. LTD.,QLD,AGRICULTURE
NCI8826Q,PARADISE PETROLEUM PTY LTD,PARADISE PETROLEUM PTY LTD,QLD,FUEL DISTRIBUTORS
TW-11553,PARADISE PETROLEUM PTY LTD,PARADISE PETROLEUM PTY LTD,QLD,FUEL DISTRIBUTORS
NCI1807Q,PARADISE TIMBERS PTY LTD,PARADISE TIMBERS PTY LTD,QLD,TIMBER
NCI8873N,PARAGON BUILDING SERVICES PTY LTD,PARAGON BUILDING SERVICES PTY LTD,ACT,BUILDING / HARDWARE
P100000331,PARAGON PROTECTION SYSTEMS LTD,PARAGON PROTECTION SYSTEMS LTD,,MISCELLANEOUS
AU-46848,PARAMOUNT PIPE FABRICATION PTY LTD,PARAMOUNT PIPE FABRICATION PTY LTD,QLD,MANUFACTURING
513504,PARAWAY PASTORAL COMPANY LIMITED,PARAWAY PASTORAL COMPANY LIMITED,NSW,AGRICULTURE
342950,PARK PTY LTD,PARK PTY LTD,NSW,FUEL DISTRIBUTORS
NCI4923V,PARKINSON GROUP (VIC) PTY LTD,PARKINSON GROUP (VIC) PTY LTD,VIC,MISCELLANEOUS
AU24128600,PARRISH GROUP NSW PTY LTD,PARRISH GROUP NSW PTY LTD,NSW,BUILDING / HARDWARE
343744,PATTIES FOODS LIMITED,PATTIES FOODS LIMITED,VIC,FOOD / PROVISIONS
AU-98865,PAUL & JOANNE HARRY,PAUL & JOANNE HARRY,VIC,AGRICULTURE
NCI7656V,PAVDON PTY. LTD.,PAVDON PTY. LTD.,VIC,PLASTER
NZ17015100,PAVECRAFT COMPANY (2015) LIMITED,PAVECRAFT COMPANY (2015) LIMITED,,LANDSCAPING
NCI7739V,PAZ NO. 10 PTY. LTD.,PAZ NO. 10 PTY. LTD.,VIC,BUILDING / HARDWARE
1197422,PAZ NO. 10 PTY. LTD.,PAZ NO. 10 PTY. LTD.,VIC,BUILDING / HARDWARE
NCI7876V,PC CASE GEAR PTY LTD,PC CASE GEAR PTY LTD,VIC,COMPUTERS / ELECTRONICS
AU26152300,PC CASE GEAR PTY LTD,PC CASE GEAR PTY LTD,VIC,COMPUTERS / ELECTRONICS
TW-09874,PCH CIVIL PTY LTD,PCH CIVIL PTY LTD,WA,ENGINEERING
AU-92574,PCW COMMERCIAL WINDOWS PTY LTD,PCW COMMERCIAL WINDOWS PTY LTD,NSW,MANUFACTURING
1106917BF,PE NATION EUROPE B.V.,PE NATION PTY LTD,,CLOTHING / TEXTILE
1106917,PE NATION EUROPE B.V.,PE NATION PTY LTD,,CLOTHING / TEXTILE
NCI7249N,PE NATION PTY LTD,PE NATION PTY LTD,NSW,CLOTHING / TEXTILE
BI924,PEARCE RECYCLING CO LIMITED,PEARCE RECYCLING CO LIMITED,,MISCELLANEOUS
KI849,PEARCE RECYCLING GROUP LIMITED,PEARCE RECYCLING CO LIMITED,,MISCELLANEOUS
NCI7523V,PEDDEN PTY LTD,PEDDEN PTY LTD,VIC,FURNITURE / FLOORS
NCI7281Q,PENFOLD PROJECTS PTY. LTD.,PENFOLD PROJECTS PTY. LTD.,QLD,LANDSCAPING
AU-76548,PENFOLD PROJECTS PTY. LTD.,PENFOLD PROJECTS PTY. LTD.,QLD,LANDSCAPING
1212986,PENGUIN RANDOM HOUSE AUSTRALIA PTY LTD,PENGUIN RANDOM HOUSE AUSTRALIA PTY LTD,VIC,PAPER / PRINTING / STATIONERY
1212987,PENGUIN RANDOM HOUSE NEW ZEALAND LTD,PENGUIN RANDOM HOUSE AUSTRALIA PTY LTD,,PAPER / PRINTING / STATIONERY
NCI5454Z,PERCEPTIVE GROUP LIMITED,OMNICOM,,ADVERTISING
WP56027017,PERCEPTIVE GROUP LIMITED,OMNICOM,,ADVERTISING
AU-91385,PERFORMANCE FEEDS PTY LIMITED,GRAINCORP COMMODITY MANAGEMENT (HOLDINGS) PTY LTD,NSW,AGRICULTURE
AU20078800,PERFORMANCE WATERJET PTY LTD,PERFORMANCE WATERJET PTY LTD,TAS,MANUFACTURING
NCI8768N,PERI AUSTRALIA PTY LIMITED,PERI AUSTRALIA PTY LIMITED,NSW,BUILDING / HARDWARE
1458433-1,PERI AUSTRALIA PTY LIMITED,PERI AUSTRALIA PTY LIMITED,NSW,BUILDING / HARDWARE
C25C0150A,PERI LIMITED,PERI LIMITED,,BUILDING / HARDWARE
NCI1924W,PERKAL PTY LTD,PERKAL PTY LTD,WA,FUEL DISTRIBUTORS
AU-80866,PERKAL PTY LTD,PERKAL PTY LTD,WA,FUEL DISTRIBUTORS
671966,PERNOD RICARD AUSTRALIA PTY LTD,PERNOD RICARD AUSTRALIA PTY LTD,SA,LIQUOR DISTRIBUTORS
671347,PERNOD RICARD WINEMAKERS NEW ZEALAND LIMITED,PERNOD RICARD AUSTRALIA PTY LTD,NZ,LIQUOR DISTRIBUTORS
822257,PERSHOUSE PRODUCE PTY LTD,PERSHOUSE PRODUCE PTY LTD,QLD,FOOD / PROVISIONS
NCI7432W,PERTH FIRE DETECTION PTY LTD,PERTH FIRE DETECTION PTY LTD,WA,BUILDING / HARDWARE
T105973,PERTH FIRE DETECTION PTY LTD,PERTH FIRE DETECTION PTY LTD,WA,BUILDING / HARDWARE
AU-96359,PERTH PLATE AND REO PTY LTD,PERTH PLATE AND REO PTY LTD,WA,OTHER STEEL
AU25144100,PET & STOCKFEED PTY LTD,PET & STOCKFEED PTY LTD,NSW,MISCELLANEOUS
858797,PETE'S RENDER PTY LTD,PETE'S RENDER PTY. LTD.,VIC,BUILDING / HARDWARE
NCI8566Q,PETRO INDUSTRIAL (BNE) PTY LTD,PETRO INDUSTRIAL (BNE) PTY LTD,QLD,MANUFACTURING
AU-78413,PETRO INDUSTRIAL (BNE) PTY LTD,PETRO INDUSTRIAL (BNE) PTY LTD,QLD,MANUFACTURING
NCI8100N,PETRO NATIONAL PTY LTD,PETRO NATIONAL PTY LTD,NSW,FUEL DISTRIBUTORS
AU-101345,PETRO NATIONAL PTY LTD,PETRO NATIONAL PTY LTD,NSW,FUEL DISTRIBUTORS
87477,PETRO NATIONAL PTY LTD,PETRO NATIONAL PTY LTD,NSW,FUEL DISTRIBUTORS
AU-46156,PEUKER & ALEXANDER PTY LTD,PEUKER & ALEXANDER PTY LTD,VIC,TIMBER
AU24119600,PEZZIMENTI TUNNELBORE PTY LTD,PEZZIMENTI TUNNELBORE PTY LTD,VIC,MISCELLANEOUS
770063,PF OLSEN (AUS) PTY LIMITED,PF OLSEN LIMITED,WA,TIMBER
742307,PF OLSEN LIMITED,PF OLSEN LIMITED,NZL,TIMBER
NCI4365W,PGC RESOURCES PTY LTD,PGC RESOURCES PTY LTD,WA,EMPLOYMENT AGENCIES
AU23106300,PGC RESOURCES PTY LTD,PGC RESOURCES PTY LTD,WA,MINING
509290,PGD & JRD PTY LTD,PGD & JRD PTY LTD,QLD,ELECTRICAL
NCI2081V,PHB GROUP PTY LTD,PHB GROUP PTY LTD,VIC,PLUMBING
AU-46199,PHB GROUP PTY LTD,PHB GROUP PTY LTD,VIC,BUILDING / HARDWARE
WP56027005,PHD NETWORK LIMITED,OMNICOM,,ADVERTISING
NCI2039Z,PHD NETWORK LIMITED,OMNICOM,NZL,ADVERTISING
NCI6070V,PHILIP MORRIS LIMITED,PHILIP MORRIS LIMITED,VIC,FOOD / PROVISIONS
842450,PHILIPS (THAILAND) COMPANY LTD,PHILIPS ELECTRONICS SINGAPORE PTE LTD,,ELECTRONICS
817067,PHILIPS ELECTRONICS SINGAPORE PTE LTD,PHILIPS ELECTRONICS SINGAPORE PTE LTD,,ELECTRONICS
T0000315,PHILIPS MALAYSIA SDN BHD,PHILIPS ELECTRONICS SINGAPORE PTE LTD,,ELECTRONICS
NCI8758V,PHOENIKS PTY. LTD.,PHOENIKS PTY. LTD.,VIC,ELECTRICAL
AU25146300,PHOENIKS PTY. LTD.,PHOENIKS PTY. LTD.,VIC,ELECTRICAL
1387721,PHONEIX TRADING LIMITED,PHONEIX TRADING LIMITED,,OTHER STEEL
NCI8153N,PHYTO-THERAPY PTY LTD,PHYTO-THERAPY PTY LTD,NSW,FREIGHT FORWARDERS
AU26153200,PHYTO-THERAPY PTY LTD,PHYTO-THERAPY PTY LTD,NSW,FOOD / PROVISIONS
1289704,PICKSTOCK FOODS LTD,PICKSTOCK FOODS LTD,,FOOD / PROVISIONS
394119,PICKSTOCK TELFORD LIMITED,PICKSTOCK TELFORD LIMITED,,FOOD / PROVISIONS
NCI7167V,PILING SYSTEMS PTY LTD,PILING SYSTEMS PTY LTD,VIC,ENGINEERING
T101071,PILING SYSTEMS PTY LTD,PILING SYSTEMS PTY LTD,VIC,MANUFACTURING
AU-45657,PINE MILLS PTY LTD,PINE MILLS PTY LTD,VIC,TIMBER
NCI4169V,PINE MILLS PTY. LIMITED,PINE MILLS PTY LTD,VIC,BUILDING / HARDWARE
AU21088900,PINEWOOD PRODUCTS PTY LTD,PINEWOOD PRODUCTS PTY LTD,QLD,TIMBER
NCI2877Q,PINEWOOD PRODUCTS PTY LTD,PINEWOOD PRODUCTS PTY LTD,QLD,TIMBER
359908,PINNACLE FOODS LIMITED,PINNACLE FOODS LIMITED,,FOOD / PROVISIONS
NCI4155W,PIONEER WATER TANKS PTY LTD,PIONEER WATER TANKS PTY LTD,WA,MANUFACTURING
888262,PIONEER WATER TANKS PTY LTD,PIONEER WATER TANKS PTY LTD,WA,MANUFACTURING
467817,PISCES ENTERPRISES PTY LTD,PISCES ENTERPRISES PTY LTD,QLD,RETAIL
NCI5248W,PJ & NA STRAHAN PTY LTD,PJ & NA STRAHAN PTY LTD,WA,BUILDING / HARDWARE
AU26150700,PJ & NA STRAHAN PTY LTD,PJ & NA STRAHAN PTY LTD,WA,BUILDING / HARDWARE
NCI5704N,PKF PTY LTD,PKF PTY LTD,NSW,HOSPITALITY
SG24087600,PLANTECH INDUSTRIES PTE. LTD.,PLANTECH INDUSTRIES PTE. LTD.,,CLOTHING / TEXTILE
1342208-1,PLASTERBOARD CEILING PTY LTD,PLASTERBOARD CEILING PTY LTD,WA,BUILDING / HARDWARE
NCI2714N,PLASTRAL PTY LTD,PLASTRAL PTY LTD,NSW,CHEMICALS
NCI7205V,PLATINUM PLANT HIRE PTY LTD (RESTRUCTURING PRACTITIONER APPOINTED),PLATINUM PLANT HIRE PTY LTD,VIC,BUILDING / HARDWARE
1155089,PLATINUM VINTAGE PTY LTD,PLATINUM VINTAGE PTY LTD,NSW,LIQUOR DISTRIBUTORS
NCI2645Q,PLATYPUS GRAPHICS PTY LTD,PLATYPUS GRAPHICS PTY LTD,QLD,PAPER / PRINTING / STATIONERY
AU22101600,PLATYPUS GRAPHICS PTY LTD,PLATYPUS GRAPHICS PTY LTD,QLD,PAPER / PRINTING / STATIONERY
NCI6131Z,PLAY 'N' LEARN LIMITED,PLAY 'N' LEARN LIMITED,NZ,BUILDING / HARDWARE
NZ20022900,PLAY 'N' LEARN LIMITED,PLAY 'N' LEARN LIMITED,NZ,BUILDING / HARDWARE
NCI8703S,PLB AUSTRALASIA PTY LTD,PLB AUSTRALASIA PTY LTD,SA,AGRICULTURE
AU25144400,PLB AUSTRALASIA PTY LTD,PLB AUSTRALASIA PTY LTD,SA,AGRICULTURE
NCI8423N,PLC TRAVEL PTY LTD (1000 MILE TRAVEL GROUP),1000 MILE TRAVEL GROUP PTY LTD,NSW,MISCELLANEOUS
1243605,PLONY INDUSTRIES PTE. LTD.,PLONY INDUSTRIES PTE. LTD.,,TIMBER
AU-45570,PLUMBERS SUPPLIES CO-OPERATIVE LTD,PLUMBERS SUPPLIES CO-OPERATIVE LIMITED,NSW,PLUMBING
NCI0174N,PLUMBERS SUPPLIES CO-OPERATIVE LTD,PLUMBERS SUPPLIES CO-OPERATIVE LIMITED,NSW,PLUMBING
NCI5271Q,PLUMBING LOGIX PTY LTD,PLUMBING LOGIX PTY LTD,QLD,PLUMBING
0000763-00,PM COPPER WIRE & CABLES SDN. BHD.,PM COPPER WIRE & CABLES SDN. BHD.,,MANUFACTURING
AU15033400,PMS LITHOGRAPHY PTY. LTD.,PMS LITHOGRAPHY PTY LTD,VIC,PAPER / PRINTING / STATIONERY
C150334A00,PMS LITHOGRAPHY PTY. LTD. / CAP,PMS LITHOGRAPHY PTY LTD,VIC,PAPER / PRINTING / STATIONERY
1398887-1,PNM WA PTY LTD,PNM WA PTY LTD,WA,BUILDING / HARDWARE
T103697,POINT FORCE CARPENTRY PTY LTD,POINT FORCE CARPENTRY PTY LTD,VIC,BUILDING / HARDWARE
712731,POINT FORCE GROUP NSW PTY LTD,POINT FORCE GROUP PTY LTD,NSW,FURNITURE / FLOORS
650985,POINT FORCE GROUP PTY LTD,POINT FORCE GROUP PTY LTD,VIC,LABOUR HIRE
1266977-1,POINT HENRY PTY LTD,POINT HENRY PTY LTD,VIC,BUILDING / HARDWARE
NCI8022V,POLHEIM PTY. LTD.,POLHEIM PTY. LTD.,VIC,MISCELLANEOUS
NCI4342V,POLYFLOR AUSTRALIA PTY LTD,POLYFLOR AUSTRALIA PTY LTD,VIC,BUILDING / HARDWARE
NCI8180Q,POLYFOAM (BRISBANE) PTY LTD,POLYFOAM (BRISBANE) PTY LTD,QLD,PLASTICS
AU-99013,POLYNEX PLASTICS PTY LTD,POLYNEX PLASTICS PTY LTD,QLD,MANUFACTURING
NCI2759S,PON.BIKE (AUSTRALIA) PTY LTD,PON.BIKE (AUSTRALIA) PTY LTD,SA,VEHICLE / TYRES
539796,PON.BIKE (AUSTRALIA) PTY LTD,PON.BIKE (AUSTRALIA) PTY LTD,SA,MISCELLANEOUS
648685,PON.BIKE PERFORMANCE PTY LTD,PON.BIKE (AUSTRALIA) PTY LTD,SA,MISCELLANEOUS
NZ22028600,POOLES JOINERY LIMITED,POOLES JOINERY LIMITED,,BUILDING / HARDWARE
NCI0126V,PORTER NOVELLI AUSTRALIA PTY LTD,OMNICOM,NSW,ADVERTISING
NCI7922V,POSITEC AUSTRALIA PTY LIMITED,POSITEC AUSTRALIA PTY LIMITED,VIC,BUILDING / HARDWARE
NCI6125Q,POWER ON AUSTRALIA PTY LTD,POWER ON AUSTRALIA PTY LTD,QLD,ELECTRICAL
AU-76774,POWER ON AUSTRALIA PTY LTD,POWER ON AUSTRALIA PTY LTD,QLD,ELECTRICAL
NZ21026700,POWER PAPERBOARD LIMITED,POWER PAPERBOARD LIMITED,,PAPER / PRINTING / STATIONERY
AU24123900,POWERCOM SOLUTIONS PTY LTD,POWERCOM SOLUTIONS PTY LTD,QLD,WHITEGOODS / ELECTRICAL
NCI8603N,POWEREASE PTY LTD,POWEREASE PTY LTD,NSW,SOLAR
UA00279,POWEREASE PTY LTD,POWEREASE PTY LTD,NSW,SOLAR
NCI8045N,POWERFUL BUILDING PTY. LTD.,POWERFUL BUILDING PTY. LTD.,NSW,BUILDING / HARDWARE
AU-98568,POWERLINK ENERGY (AUSTRALIA) PTY LTD,POWERLINK ENERGY (AUSTRALIA) PTY LTD,NSW,ENERGY
NCI4415Q,POWERMAC CABLES AUSTRALIA PTY LTD,POWERMAC CABLES AUSTRALIA PTY LTD,QLD,ELECTRICAL
T105296,POWERMAC CABLES AUSTRALIA PTY LTD,POWERMAC CABLES AUSTRALIA PTY LTD,QLD,ELECTRICAL
NCI5325Z,POWERPAC GROUP LIMITED,POWERPAC GROUP LIMITED,,BUILDING / HARDWARE
NZ16007100,POWERPAC GROUP LIMITED,POWERPAC GROUP LIMITED,,BUILDING / HARDWARE
AU24128800,POWERSHIFT TECHNOLOGIES PTY LTD,POWERSHIFT TECHNOLOGIES PTY LTD,QLD,EQUIPMENT HIRE
AU-88389,PPL R KEY CARPETS PTY LTD,PPL R KEY CARPETS PTY LTD,NSW,CARPETS
NCI8556Q,PRASLAS AUSTRALIA PTY LTD,PRASLAS AUSTRALIA PTY LTD,QLD,TIMBER
NCI5711N,PRECISION METAL GROUP AUST PTY LTD,PRECISION METAL GROUP AUST PTY LTD,NSW,BUILDING / HARDWARE
775470,PRECISION METAL GROUP AUST PTY LTD,PRECISION METAL GROUP AUST PTY LTD,NSW,BUILDING / HARDWARE
NCI2503V,PRECISION SCAFFOLDING PTY LTD,PRECISION SCAFFOLDING PTY LTD,VIC,BUILDING / HARDWARE
NCI6820W,PREMIER PEOPLE PTY LTD,PREMIER PEOPLE PTY LTD,WA,LABOUR HIRE
NCI8610N,PREMIER PRODUCTS AUSTRALIA PTY LTD,PREMIER PRODUCTS AUSTRALIA PTY LTD,NSW,FOOD / PROVISIONS
AU25139900,PREMIER PRODUCTS AUSTRALIA PTY LTD,PREMIER PRODUCTS AUSTRALIA PTY LTD,NSW,FOOD / PROVISIONS
NCI8355V,PREMIER ROOFING (HOLDINGS) PTY LTD,PREMIER ROOFING (HOLDINGS) PTY LTD,VIC,BUILDING / HARDWARE
AU-87881,PREMIER ROOFING (HOLDINGS) PTY LTD,PREMIER ROOFING (HOLDINGS) PTY LTD,VIC,BUILDING / HARDWARE
181701,PREMIUM APPAREL LIMITED,PREMIUM APPAREL LIMITED,,CLOTHING / TEXTILE
10110,PREMIUM FLOORS AUSTRALIA PTY LTD,GODFREY HIRST AUSTRALIA PTY LTD,VIC,BUILDING / HARDWARE
802298,PREMIUM FLOORS AUSTRALIA PTY LTD,GODFREY HIRST AUSTRALIA PTY LTD,VIC,FURNITURE / FLOORS
NCI8203V,PREMIUM FRESH TASMANIA PTY LTD,PREMIUM FRESH TASMANIA PTY LTD,TAS,BUILDING / HARDWARE
AU14004800,PREMIUM GRAIN HANDLERS PTY LTD,PREMIUM GRAIN HANDLERS PTY LTD,WA,AGRICULTURE
NCI6939W,PREMIUM MECHANICAL GROUP PTY LTD,PREMIUM MECHANICAL GROUP PTY LTD,WA,LABOUR HIRE
AU17051200,PREMIUM MECHANICAL GROUP PTY LTD,PREMIUM MECHANICAL GROUP PTY LTD,WA,LABOUR HIRE
NCI5184V,PREMIUM PLATE SERVICES PTY LTD,PREMIUM PLATE SERVICES PTY LTD,VIC,BUILDING / HARDWARE
145402,PREMIUM PLATE SERVICES PTY LTD,PREMIUM PLATE SERVICES PTY LTD,VIC,BUILDING / HARDWARE
AU-48165,PREMIUM VICTORIA PTY LTD,PREMIUM VICTORIA PTY LTD,VIC,MANUFACTURING
NCI6886S,PREMIX CONCRETE S.A. PTY. LTD.,PREMIX CONCRETE S.A. PTY. LTD.,SA,BUILDING / HARDWARE
132054,PREMIX CONCRETE S.A. PTY. LTD.,PREMIX CONCRETE S.A. PTY. LTD.,SA,BUILDING / HARDWARE
NCI6701Z,PRESCO HIRE LIMITED,PRESCO HIRE LIMITED,,RETAIL
653851,PRESCO HIRE LIMITED,PRESCO HIRE LIMITED,,EQUIPMENT HIRE
NCI6648W,PRESTIGE RECRUITMENT & LABOUR HIRE PTY LTD,PRESTIGE RECRUITMENT & LABOUR HIRE PTY LTD,WA,LABOUR HIRE
T102483,PRESTIGE RECRUITMENT & LABOUR HIRE PTY LTD,PRESTIGE RECRUITMENT & LABOUR HIRE PTY LTD,WA,EMPLOYMENT AGENCIES
NCI8767V,PRESTO FURNITURE (AUSTRALIA) PTY LTD,PRESTO FURNITURE (AUSTRALIA) PTY LTD,VIC,FURNITURE / FLOORS
AU-98852,PRESTO FURNITURE (AUSTRALIA) PTY LTD,PRESTO FURNITURE (AUSTRALIA) PTY LTD,VIC,FURNITURE / FLOORS
AU-51567,PRIMAPLAS PTY LTD,PRIMAPLAS PTY LTD,NSW,PLASTICS
NCI0869N,PRIMAPLAS PTY LTD,PRIMAPLAS PTY LTD,NSW,PLASTICS
AU-99987,PRIME AIR SOLUTIONS GC PTY LTD,PRIME AIR SOLUTIONS GC PTY LTD,QLD,AIRCONDITIONING
NCI4512W,PRIME PACKAGING PTY LTD,PRIME PACKAGING PTY LTD,WA,PAPER / PRINTING / STATIONERY
NCI7968S,PRINCIPAL FINANCE PTY LTD,PRINCIPAL FINANCE PTY LTD,SA,FINANCE
P100000074,PRINTAPLY LTD,PRINTAPLY LTD,,PAPER / PRINTING / STATIONERY
AU-83466,PRO AV SOLUTIONS HOLDINGS PTY LIMITED,PRO AV SOLUTIONS HOLDINGS PTY LIMITED,NSW,ELECTRONICS
1287988-1,PRO-AIR SUPPLIES PTY LTD,PRO-AIR SUPPLIES PTY LTD,VIC,AIRCONDITIONING
1472738-1,PRO-GROUP CONSTRUCTIONS PTY LTD,PRO-GROUP CONSTRUCTIONS PTY LTD,WA,BUILDING / HARDWARE
NCI8582Z,PROAG PRODUCTS LTD,PROAG PRODUCTS LTD,,AGRICULTURE
NZ25032600,PROAG PRODUCTS LTD,PROAG PRODUCTS LTD,,AGRICULTURE
NCI7858Z,PROBUILD NZ LIMITED,PROBUILD NZ LIMITED,,BUILDING / HARDWARE
NZ15002800,PROBUILD NZ LIMITED,PROBUILD NZ LIMITED,,BUILDING / HARDWARE
NCI8181W,PROCHEM PIPELINE PRODUCTS PTY LTD,MIDWAY METALS PTY LTD,WA,OTHER STEEL
NZ-46881,PRODUCE AGENCIES LIMITED,PRODUCE AGENCIES LIMITED,,AGRICULTURE
NCI8024S,PROFESSIONAL TECHNOLOGY PARTNERS PTY LTD,PROFESSIONAL TECHNOLOGY PARTNERS PTY LTD,SA,ELECTRONICS
NCI1811W,PROFILE PACKAGING PTY LTD,PROFILE PACKAGING PTY LTD,WA,PLASTICS
AU-100150,PROFIX PROJECTS PTY LTD,PROFIX PROJECTS PTY LTD,WA,BUILDING / HARDWARE
AU-93844,PROGRAMMED ELECTRICAL TECHNOLOGIES LTD,PROGRAMMED ELECTRICAL TECHNOLOGIES LTD,VIC,ELECTRICAL
NCI5800Q,PROJECT FLOORS & DESIGN PTY LTD,PROJECT FLOORS & DESIGN PTY LTD,QLD,BUILDING / HARDWARE
TW-01764,PROJECT FLOORS & DESIGN PTY LTD,PROJECT FLOORS & DESIGN PTY LTD,QLD,BUILDING / HARDWARE
AN14000400,PROJECT WINE PTY LTD,PROJECT WINE PTY LTD,SA,LIQUOR DISTRIBUTORS
291661901,PROPER SNACKS LIMITED,PROPER SNACKS LIMITED,,FOOD / PROVISIONS
NCI6280Q,PROPLASTER MANUFACTURING PTY LTD,A1 INTERIORS CONTRACTING PTY LTD,QLD,PLASTER
NCI7590V,PROQUIP RENTAL & SALES OPERATIONS PTY LTD,PROQUIP RENTAL & SALES OPERATIONS PTY LTD,VIC,EQUIPMENT HIRE
NCIAAM,PROSPECT DEBTOR MONITORING - ALLIE-ALAN MOORE,PROSPECT DEBTOR MONITORING,,
NCIA_R,PROSPECT DEBTOR MONITORING - ANTONIA REUSCHER,PROSPECT DEBTOR MONITORING,,
NCIASC,PROSPECT DEBTOR MONITORING - ARCHANA CHAWLA,PROSPECT DEBTOR MONITORING,,
NCIAXR,PROSPECT DEBTOR MONITORING - ARRON REED,PROSPECT DEBTOR MONITORING,,
NCIJEB,PROSPECT DEBTOR MONITORING - JESS EBBETT,PROSPECT DEBTOR MONITORING,,
NCIJRB,PROSPECT DEBTOR MONITORING - JOHN BOLWELL,PROSPECT DEBTOR MONITORING,,
NCIJKE,PROSPECT DEBTOR MONITORING - JORDAN KELLY,PROSPECT DEBTOR MONITORING,,
NCILBE,PROSPECT DEBTOR MONITORING - LILY BEDFORD,PROSPECT DEBTOR MONITORING,,
NCINJH,PROSPECT DEBTOR MONITORING - NATALIE HODGES,PROSPECT DEBTOR MONITORING,,
NCIO-T,PROSPECT DEBTOR MONITORING - OLIVIA TIMOTHY,PROSPECT DEBTOR MONITORING,,
NCIP-S,PROSPECT DEBTOR MONITORING - PETER SIMPSON,PROSPECT DEBTOR MONITORING,,
NCIRA,PROSPECT DEBTOR MONITORING - ROGER ARMATYS,PROSPECT DEBTOR MONITORING,,
NCITCL,PROSPECT DEBTOR MONITORING - TODD CLEMINSON,PROSPECT DEBTOR MONITORING,,
NCI5945V,PROSUN SOLAR DISTRIBUTION PTY LTD,PROSUN SOLAR DISTRIBUTION PTY LTD,VIC,SOLAR
AU25137400,PROTECH BUSINESS SERVICES PTY LTD,PROTECH BUSINESS SERVICES PTY LTD,QLD,LABOUR HIRE
AU-91404,PROTECH BUSINESS SERVICES PTY LTD,PROTECH BUSINESS SERVICES PTY LTD,QLD,LABOUR HIRE
NCI4450Q,PROTECH BUSINESS SERVICES PTY LTD,PROTECH BUSINESS SERVICES PTY LTD,QLD,LABOUR HIRE
NCI7960N,PROTECTOR AUSTRALIA PTY LTD,PROTECTOR AUSTRALIA PTY LTD,NSW,MANUFACTURING
AU23116700,PROTECTOR AUSTRALIA PTY LTD,PROTECTOR AUSTRALIA PTY LTD,NSW,MANUFACTURING
WP92400039,PROTHA COMPANY LTD,PROTHA COMPANY LTD,THA,ENGINEERING
NCI8761N,PROVA COMMERCIAL PTY LTD,PROVA COMMERCIAL PTY LTD,NSW,MISCELLANEOUS
TW-10977,PROVA COMMERCIAL PTY LTD,PROVA COMMERCIAL PTY LTD,NSW,MISCELLANEOUS
NCI8105N,PROVIDORE GLOBAL PTY LTD,PROVIDORE GLOBAL PTY LTD,NSW,FOOD / PROVISIONS
AU-90171,PROVIDORE GLOBAL PTY LTD,PROVIDORE GLOBAL PTY LTD,NSW,FOOD / PROVISIONS
NCI8403Q,PROWIRE ELECTRICAL (QLD) PTY LTD,PROWIRE ELECTRICAL (QLD) PTY LTD,QLD,ELECTRICAL
AU20076900,PRP CORP PTY LTD,PRP CORP PTY LTD,VIC,MANUFACTURING
AU22094000,PRYME AUSTRALIA PTY LTD,PRYME AUSTRALIA PTY LTD,QLD,MISCELLANEOUS
AU-59056,PT CONTINENTAL CARPETS PTY LTD,PT CONTINENTAL CARPETS PTY LTD,QLD,CARPETS
1297815ASM,PT GUYOVITAL,ADM TRADING AUSTRALIA PTY LTD,,MISCELLANEOUS
670053,"PT NS BLUESCOPE, BLUESCOPE LYSAGHT, INDONESIA",BLUESCOPE STEEL LTD,,BUILDING / HARDWARE
829899,PT PHILIPS INDONESIA COMMERCIAL,PHILIPS ELECTRONICS SINGAPORE PTE LTD,,ELECTRONICS
438370,PT SOUTH PACIFIC VISCOSE,PT SOUTH PACIFIC VISCOSE,,CHEMICALS
JKT-8092,PT TELTONIKA IOT INDONESIA,PT TELTONIKA IOT INDONESIA,,MISCELLANEOUS
649128,PT VERSUNI HOMELIFE INDONESIA,PHILIPS ELECTRONICS SINGAPORE PTE LTD,,ELECTRICAL
NZ-64847,PUKEPINE SAWMILLS (1998) LIMITED,PUKEPINE SAWMILLS (1998) LIMITED,,BUILDING / HARDWARE
AU-93554,PULVIN LIGHTING PTY LTD,PULVIN LIGHTING PTY LTD,NSW,ELECTRICAL
NCI8251Q,PUMA ENERGY (AUSTRALIA) ASSETS HOLDINGS PTY LTD,PUMA ENERGY (AUSTRALIA) ASSETS HOLDINGS PTY LTD,QLD,FUEL DISTRIBUTORS
1442203,PUMA ENERGY (AUSTRALIA) ASSETS HOLDINGS PTY LTD,PUMA ENERGY (AUSTRALIA) ASSETS HOLDINGS PTY LTD,QLD,MANUFACTURING
1426417,PUMA ENERGY (AUSTRALIA) ASSETS HOLDINGS PTY LTD,PUMA ENERGY (AUSTRALIA) ASSETS HOLDINGS PTY LTD,QLD,FUEL DISTRIBUTORS
P100074,PUMA ENERGY (AUSTRALIA) ASSETS HOLDINGS PTY LTD (PNG AIR LIMITED),PUMA ENERGY (AUSTRALIA) ASSETS HOLDINGS PTY LTD,QLD,FUEL DISTRIBUTORS
10106,PUMA ENERGY (AUSTRALIA) ASSETS HOLDINGS PTY LTD (PNG AIR TOP UP),PUMA ENERGY (AUSTRALIA) ASSETS HOLDINGS PTY LTD,QLD,FUEL DISTRIBUTORS
SR100108,PUMA ENERGY (AUSTRALIA) ASSETS HOLDINGS PTY LTD (SIMBERI GOLD CO.),PUMA ENERGY (AUSTRALIA) ASSETS HOLDINGS PTY LTD,QLD,FUEL DISTRIBUTORS
NZ18017800,PURE PAC SALES LIMITED,PURE PAC SALES LIMITED,,FOOD / PROVISIONS
NCI6202S,PURETEC PTY LTD,PURETEC PTY LTD,SA,MANUFACTURING
NCI7165V,PURSUIT CO PTY LTD,PURSUIT CO PTY LTD,VIC,LABOUR HIRE
NCI5684V,PV CONNECTIONS PTY LTD,PV CONNECTIONS PTY LTD,VIC,ENERGY
TW-10191,PW RENEWABLE PTY LTD,PW RENEWABLE PTY LTD,NSW,SOLAR
NCI1684V,PWB ANCHOR LIMITED,PWB ANCHOR LIMITED,VIC,BUILDING / HARDWARE
NCI5785Q,Q PRO CONCRETE SLEEPERS PTY LTD,Q PRO CONCRETE SLEEPERS PTY LTD,QLD,BUILDING / HARDWARE
1150798,Q PRO CONCRETE SLEEPERS PTY LTD,Q PRO CONCRETE SLEEPERS PTY LTD,QLD,BUILDING / HARDWARE
NZ23030000,Q S BUILDING LIMITED,Q S BUILDING LIMITED,,BUILDING / HARDWARE
AU-86005,QETRA PTY LTD,QETRA PTY LTD,WA,ENGINEERING
P110015882,QMOVER MFS LTD,QMOVER MFS LTD,,FOOD / PROVISIONS
1214516,QR CONCRETE PTY LTD,QR CONCRETE PTY LTD,QLD,BUILDING / HARDWARE
NCI5956V,QUAKER HOUGHTON AUSTRALIA PTY LTD,QUAKER HOUGHTON AUSTRALIA PTY LTD,VIC,MANUFACTURING
522376,QUALIA WINE SERVICES PTY LTD,QUALIA WINE SERVICES PTY LTD,VIC,LIQUOR DISTRIBUTORS
NCI8989N,QUALITY AIR EQUIPMENT PTY LTD,BEIJER REF HOLDINGS AUSTRALIA PTY LTD,NSW,MANUFACTURING
NZ-96173,QUALITY TRAFFIC MANAGEMENT LIMITED,QUALITY TRAFFIC MANAGEMENT LIMITED,,TRANSPORT
NCI4665W,QUALTARP PTY LTD,QUALTARP PTY LTD,WA,CLOTHING / TEXTILE
AU16041900,QUALTARP PTY LTD,QUALTARP PTY LTD,WA,CLOTHING / TEXTILE
1422138-1,QUANTUM CIVIL PTY LTD,QUANTUM CIVIL PTY LTD,VIC,BUILDING / HARDWARE
P110019749,QUANTUM HOLDINGS (CAMPSIE) LIMITED,QUANTUM HOLDINGS (CAMPSIE) LIMITED,,MISCELLANEOUS
296501201,QUANTUM INTERIOR SOLUTIONS LTD,QUANTUM INTERIOR SOLUTIONS LTD,,BUILDING / HARDWARE
NCI1088V,QUANTUM MARKET RESEARCH (AUST) PTY LTD,OMNICOM,VIC,MISCELLANEOUS
WP56001024,QUANTUM MARKET RESEARCH (AUST) PTY LTD,OMNICOM,VIC,ADVERTISING
NCI1204Q,QUBE HEAVY LIFT PTY LTD,QUBE HEAVY LIFT PTY LTD,QLD,MANUFACTURING
1265943-1,QUEENSLAND CENTRAL PLUMBING AND DRAINAGE PTY LTD,QUEENSLAND CENTRAL PLUMBING AND DRAINAGE PTY LTD,QLD,PLUMBING
AU-89644,QUEENSLAND ROAD CONSTRUCTION PTY LTD,QUEENSLAND ROAD CONSTRUCTION PTY LTD,QLD,BUILDING / HARDWARE
10434,QUEENSLAND SHEETMETAL AND ROOFING SUPPLIES PTY LTD,QUEENSLAND SHEETMETAL AND ROOFING SUPPLIES PTY LTD,QLD,BUILDING / HARDWARE
1301699-1,QUEENSLAND SHEETMETAL AND ROOFING SUPPLIES PTY LTD,QUEENSLAND SHEETMETAL AND ROOFING SUPPLIES PTY LTD,QLD,BUILDING / HARDWARE
NCI1444Q,"QUEENSLAND STEEL & SHEET PTY. LTD. (LIMITS UP TO $150,000)",QUEENSLAND STEEL & SHEET PTY LTD,QLD,OTHER STEEL
AU-93703,QUEENSLAND TOWER CRANE HIRE PTY LTD,QUEENSLAND TOWER CRANE HIRE PTY LTD,QLD,EQUIPMENT HIRE
AU-45740,QUICKFEE AUSTRALIA PTY LTD,QUICKFEE AUSTRALIA PTY LTD,NSW,FINANCE
NCI7961N,QUICKFEE AUSTRALIA PTY LTD,QUICKFEE AUSTRALIA PTY LTD,NSW,FINANCE
AU-80875,QUICKWAY CONSTRUCTIONS PTY LTD,QUICKWAY CONSTRUCTIONS PTY LTD,NSW,ENGINEERING
NCI6812N,R & J CLIFTON PTY LTD,R & J CLIFTON PTY LTD,NSW,PAPER / PRINTING / STATIONERY
NCI7751V,R & L SMITH PLUMBING PTY LTD,R & L SMITH PLUMBING PTY LTD,VIC,PLUMBING
635601,R & S INTERIORS PTY LTD,R & S INTERIORS PTY LTD,QLD,PLASTER
NCI7283Z,R C MACDONALD LIMITED,R C MACDONALD LIMITED,NZL,BUILDING / HARDWARE
NZ-49662,R C MACDONALD LIMITED,R C MACDONALD LIMITED,,BUILDING / HARDWARE
NCI2269N,R F INDUSTRIES PTY LTD,R F INDUSTRIES PTY LTD,NSW,TELECOMMUNICATIONS
273301,R F INDUSTRIES PTY LTD,R F INDUSTRIES PTY LTD,NSW,TELECOMMUNICATIONS
988944,R. & P. MATTHEWS PTY. LTD.,R. & P. MATTHEWS PTY. LTD.,VIC,MISCELLANEOUS
NCI8625Q,R.A. TRAVEL CO. PTY LTD (1000 MILE TRAVEL GROUP),1000 MILE TRAVEL GROUP PTY LTD,QLD,MISCELLANEOUS
AU-45797,R.J. BEAUMONT & CO. PTY. LTD.,R.J. BEAUMONT & CO PTY LTD,SA,BUILDING / HARDWARE
NCI8734N,R.M.A. SPORT AND LEISURE PTY LIMITED,R.M.A. SPORT AND LEISURE PTY LIMITED,NSW,BUILDING / HARDWARE
1410230-1,R.M.A. SPORT AND LEISURE PTY LIMITED,R.M.A. SPORT AND LEISURE PTY LIMITED,NSW,BUILDING / HARDWARE
1448789-1,R&M CRUSHING PTY LTD,R&M CRUSHING PTY LTD,WA,MINING
1255397-1,R&T TILING PTY. LTD.,R&T TILING PTY. LTD.,QLD,BUILDING / HARDWARE
NCI1791V,RADBURG PTY. LTD.,RADBURG PTY LTD,VIC,FURNITURE / FLOORS
NCI4889V,RADEVSKI COOLSTORES PTY. LTD.,RADEVSKI COOLSTORES PTY. LTD.,VIC,AGRICULTURE
1482091,RADIUS SUPPLY AND SERVICE PTY LTD,RADIUS SUPPLY AND SERVICE PTY LTD,VIC,PLUMBING
NCI6870V,RADLINK PTY LTD,RADLINK PTY LTD,WA,ENERGY
NCI7180W,RAGRA PTY LTD,RAGRA PTY LTD ATF RAGRA UNIT TRUST,WA,BUILDING / HARDWARE
NCI2417V,RAIN BIRD (AUSTRALIA) PTY LTD,RAIN BIRD (AUSTRALIA) PTY LTD,VIC,BUILDING / HARDWARE
TW-03418,RAINBOW PLUMBING & BUILDING SUPPLIES PTY LTD,RAINBOW PLUMBING & BUILDING SUPPLIES PTY LTD,VIC,PLUMBING
NCI8448N,RAINBOW TRAVEL PTY LTD (1000 MILE TRAVEL GROUP),1000 MILE TRAVEL GROUP PTY LTD,NSW,MISCELLANEOUS
NCI7275Q,RAINVALE PTY LTD,STRATCO (AUSTRALIA) PTY. LIMITED,QLD,MAJOR STEEL
1262097-1,RAIRANDEV GOLDEN FRIES PTY LTD,RAIRANDEV GOLDEN FRIES PTY LTD,VIC,FOOD / PROVISIONS
SG19045201,RAKUTEN TRAVEL XCHANGE PTE. LTD.,RAKUTEN TRAVEL XCHANGE PTE. LTD.,,HOSPITALITY
AU-48125,RALERU LIMITED,RALERU LIMITED,NSW,ELECTRONICS
NCI4666S,RAM EQUIPMENT PTY LTD,RAM EQUIPMENT PTY LTD,SA,BUILDING / HARDWARE
AU18059500,RAM EQUIPMENT PTY LTD,RAM EQUIPMENT PTY LTD,SA,BUILDING / HARDWARE
NCI8450V,RAMANDA NOMINEES PTY LTD,RAMANDA NOMINEES PTY LTD,VIC,MISCELLANEOUS
AU24133300,RAMANDA NOMINEES PTY LTD,RAMANDA NOMINEES PTY LTD,VIC,MISCELLANEOUS
646632,RANDALL PARKER FOOD GROUP LIMITED,RANDALL PARKER FOOD GROUP LIMITED,,FOOD / PROVISIONS
NCI8348V,RANGE WORKFORCE SOLUTIONS PTY LTD,RANGE WORKFORCE SOLUTIONS PTY LTD,VIC,MANUFACTURING
AU24132400,RANGELAND QUALITY MEATS PTY LTD,RANGELAND QUALITY MEATS PTY LTD,QLD,FOOD / PROVISIONS
NCI8280Z,RANGITIKEI MEAT DISTRIBUTORS LIMITED,RANGITIKEI MEAT DISTRIBUTORS LIMITED,,FOOD / PROVISIONS
657353,RANGITIKEI MEAT DISTRIBUTORS LIMITED,RANGITIKEI MEAT DISTRIBUTORS LIMITED,,FOOD / PROVISIONS
655146,RAPID ALUMINIUM PTY LIMITED,RAPID ALUMINIUM PTY LIMITED,VIC,BUILDING / HARDWARE
AU26152200,RAPID GEO PTY LTD,RAPID GEO PTY LTD,NSW,MISCELLANEOUS
P110012763,RAPID RAMP LTD,RAPID RAMP LTD,,FURNITURE / FLOORS
AU23109100,RAPTOR GROUP INVESTMENTS PTY LTD,RAPTOR GROUP INVESTMENTS PTY LTD,WA,BUILDING / HARDWARE
NCI4676Q,RAVEN ROOFING PTY LTD,RAVEN ROOFING PTY LTD,QLD,BUILDING / HARDWARE
WP56027016,RAYDAR LIMITED,OMNICOM,,ADVERTISING
NCI1993Z,RAYDAR LTD,OMNICOM,NZL,ADVERTISING
AU-85438,RAYNERS BUILDING SUPPLIES PTY LTD,RAYNERS BUILDING SUPPLIES PTY LTD,SA,BUILDING / HARDWARE
AU24130000,RAYSTECH GROUP PTY LTD,RAYSTECH GROUP PTY LTD,QLD,SOLAR
NCI6275Q,RAYSTECH GROUP PTY LTD,RAYSTECH GROUP PTY LTD,QLD,SOLAR
AU-95871,RB & A BY DESIGN PTY LTD,RB & A BY DESIGN PTY LTD,VIC,BUILDING / HARDWARE
NCI0930V,RCJ MEDIA GROUP PTY. LTD.,RCJ MEDIA GROUP PTY. LTD.,VIC,ADVERTISING
AU24122000,RCJ MEDIA GROUP PTY. LTD.,RCJ MEDIA GROUP PTY. LTD.,VIC,ADVERTISING
C241220A00,RCJ MEDIA GROUP PTY. LTD. / CAP,RCJ MEDIA GROUP PTY. LTD.,VIC,ADVERTISING
NZ-46169,RD 2 INTERNATIONAL LIMITED,INTERAUST FOODS PTY. LTD.,,AGRICULTURE
723433,READY TO DRINK PTY LTD,READY TO DRINK PTY LTD,VIC,MANUFACTURING
NCI6311V,REBAIN INTERNATIONAL (AUST) PTY LTD,REBAIN INTERNATIONAL (AUST) PTY LTD,VIC,MANUFACTURING
AU-99232,REBAIN INTERNATIONAL (AUST) PTY LTD,REBAIN INTERNATIONAL (AUST) PTY LTD,VIC,CHEMICALS
1377327,REBECCA VALLANCE EUROPE B.V.,PE NATION PTY LTD,,CLOTHING / TEXTILE
NCI7647V,RECOM ELECTRICAL & EQUIPMENT SERVICES (VICTORIA) PTY LTD,RECOM ELECTRICAL & EQUIPMENT SERVICES (VICTORIA) PTY LTD,VIC,ELECTRICAL
AU-94646,RECOM ELECTRICAL SERVICES (QLD) PTY LTD,RECOM ELECTRICAL SERVICES (QLD) PTY LTD,QLD,ELECTRICAL
NCI5848Q,RECRUITMENT 24/7 PTY LTD,RECRUITMENT 24/7 PTY LTD,QLD,EMPLOYMENT AGENCIES
T103465,RECRUITMENT 24/7 PTY LTD,RECRUITMENT 24/7 PTY LTD,QLD,EMPLOYMENT AGENCIES
NCI3970V,RED HANDED CREATIVE PTY LTD,OMNICOM,VIC,ADVERTISING
WP56001025,RED HANDED CREATIVE PTY LTD,OMNICOM,VIC,ADVERTISING
NCI5134S,REDARC ELECTRONICS PTY LTD,REDARC ELECTRONICS PTY LTD,SA,ELECTRONICS
AU23113500,REDARC ELECTRONICS PTY LTD,REDARC ELECTRONICS PTY LTD,SA,ELECTRONICS
AU-94720,REDBACK TECHNOLOGIES HOLDINGS PTY LTD (SUBJECT TO DOCA),REDBACK TECHNOLOGIES HOLDINGS PTY LTD (SUBJECT TO DOCA),QLD,SOLAR
1483371-1,REDIPLANT PTY LTD,REDIPLANT PTY LTD,QLD,EQUIPMENT HIRE
AU-50518,REDLAND BAY ROOF TRUSSES PTY LTD,REDLAND BAY ROOF TRUSSES PTY LTD,QLD,BUILDING / HARDWARE
NCI0251Q,REDLAND BAY ROOF TRUSSES PTY. LTD.,REDLAND BAY ROOF TRUSSES PTY LTD,QLD,TIMBER
819741,REDOX LIMITED,REDOX LIMITED,NSW,CHEMICALS
NCI5212V,REDPATH AND PULHAM CARRIERS PTY LTD,REDPATH & PULHAM CARRIERS PTY LTD,VIC,TRANSPORT
NZ-46146,REDWOOD PACIFIC LIMITED,REDWOOD PACIFIC LIMITED,,FOOD / PROVISIONS
SR100081,REECE AUSTRALIA PTY LTD,REECE AUSTRALIA PTY LTD,VIC,PLUMBING
10154,REECE AUSTRALIA PTY LTD,REECE AUSTRALIA PTY LTD,VIC,PLUMBING
AU-51885,REECE AUSTRALIA PTY LTD - DOMESTIC POLICY,REECE AUSTRALIA PTY LTD,VIC,PLUMBING
AU-68819,REECE AUSTRALIA PTY LTD - EXPORT POLICY,REECE AUSTRALIA PTY LTD,VIC,PLUMBING
NZ-51868,REECE NEW ZEALAND LTD,REECE AUSTRALIA PTY LTD,,PLUMBING
NCI6790N,REES ELECTRICAL PTY LIMITED,REES ELECTRICAL PTY LIMITED,NSW,ELECTRICAL
NCI8215V,REFAST PTY LTD,REFAST PTY LTD,VIC,BUILDING / HARDWARE
NCI7635S,REFLEX INSULATION PTY LTD,REFLEX INSULATION PTY LTD,SA,BUILDING / HARDWARE
AU-85854,REFLEX INSULATION PTY LTD,REFLEX INSULATION PTY LTD,SA,BUILDING / HARDWARE
1372048-1,REGAL SERVICES PTY LTD,REGAL SERVICES PTY LTD,WA,TRANSPORT
AU-99016,REGIONAL ROAD EXPRESS PTY LIMITED,REGIONAL ROAD EXPRESS PTY LIMITED,NSW,FREIGHT FORWARDERS
TW-10915,REGIONAL VIC M10 PTY LTD,TOTAL TOOLS & HARDWARE GROUP,VIC,BUILDING / HARDWARE
AU-100389,REGNO TRADES PTY LTD,REGNO TRADES PTY LTD,NSW,BUILDING / HARDWARE
UA00297,REGUPOL AUSTRALIA PTY LIMITED,REGUPOL AUSTRALIA PTY LIMITED,NSW,BUILDING / HARDWARE
NCI2426N,REGUPOL AUSTRALIA PTY LTD,REGUPOL AUSTRALIA PTY LIMITED,NSW,BUILDING / HARDWARE
NCI5787V,REID STOCKFEEDS PTY LTD,REID STOCKFEEDS PTY LTD,VIC,AGRICULTURE
AU18056300,REID STOCKFEEDS PTY LTD,REID STOCKFEEDS PTY LTD,VIC,AGRICULTURE
C180563A00,REID STOCKFEEDS PTY LTD / CAP,REID STOCKFEEDS PTY LTD,VIC,AGRICULTURE
NCI6690Q,REINFORCED CONCRETE PIPES AUSTRALIA (HOLDINGS) PTY LTD,REINFORCED CONCRETE PIPES AUSTRALIA (HOLDINGS) PTY LTD,QLD,BUILDING / HARDWARE
1083619,REINFORCED CONCRETE PIPES AUSTRALIA (HOLDINGS) PTY LTD,REINFORCED CONCRETE PIPES AUSTRALIA (HOLDINGS) PTY LTD,QLD,BUILDING / HARDWARE
SR100063,REITECH SERVICES PTY LTD,REITECH SERVICES PTY LTD,QLD,LABOUR HIRE
NCI2002N,RELEC SWITCHBOARDS GROUP HOLDINGS PTY LTD,RELEC SWITCHBOARDS GROUP HOLDINGS PTY LTD,NSW,ELECTRICAL
AU-50705,RELEC SWITCHBOARDS GROUP HOLDINGS PTY LTD,RELEC SWITCHBOARDS GROUP HOLDINGS PTY LTD,NSW,ELECTRICAL
NCI4668Q,RELIABLE HIRE AUST PTY LTD,RELIABLE HIRE AUST PTY LTD,QLD,EQUIPMENT HIRE
AU21093600,RELIABLE HIRE AUST PTY LTD,RELIABLE HIRE AUST PTY LTD,QLD,EQUIPMENT HIRE
AU-74430,RELN PTY LIMITED,RELN PTY LIMITED,NSW,BUILDING / HARDWARE
NCI0321Q,RELY-ON TRADING PTY LTD,RELY-ON TRADING PTY LTD,QLD,PLASTER
1276832-1,RELY-ON TRADING PTY LTD,RELY-ON TRADING PTY LTD,QLD,PLASTER
1448107-1,REMEDI AG PTY LTD,REMEDI AG PTY LTD,NSW,AGRICULTURE
AU23111000,REMESIS GROUP PTY. LIMITED,REMESIS GROUP PTY. LIMITED,VIC,FOOD / PROVISIONS
AU-87984,RENRON AUSTRALIA PTY. LTD.,RENRON AUSTRALIA PTY. LTD.,VIC,OTHER STEEL
NCI8641V,RENT A FORK PTY LTD,RENT A FORK PTY LTD,VIC,EQUIPMENT HIRE
AU-85229,REOSTEEL (NSW) PTY LTD,REOSTEEL (NSW) PTY LTD,NSW,MAJOR STEEL
1193519,REPURPOSE-IT PTY LTD,REPURPOSE-IT PTY LTD,VIC,MISCELLANEOUS
1421866-1,RESCOM INTERIORS PTY LTD,RESCOM INTERIORS PTY LTD,QLD,BUILDING / HARDWARE
AU-91424,RESIDENTIA GROUP PTY LTD,RESIDENTIA GROUP PTY LTD,VIC,BUILDING / HARDWARE
NCI5086V,RESIDENTIA GROUP PTY LTD,RESIDENTIA GROUP PTY LTD,VIC,BUILDING / HARDWARE
NCI5491Q,RESIDENTIAL SCAFFOLD AUSTRALIA PTY LTD,RESIDENTIAL SCAFFOLD AUSTRALIA PTY LTD,QLD,BUILDING / HARDWARE
TW-03229,RESIDENTIAL SCAFFOLD AUSTRALIA PTY LTD,RESIDENTIAL SCAFFOLD AUSTRALIA PTY LTD,QLD,BUILDING / HARDWARE
GA2654753,RESONAC GRAPHITE MALAYSIA SDN BHD,RESONAC GRAPHITE MALAYSIA SDN BHD,,MISCELLANEOUS
NCI6723W,RESOURCE FLUID POWER PTY LTD,RESOURCE FLUID POWER PTY LTD,WA,BUILDING / HARDWARE
NCI7242V,RESTOCK PTY LTD,RESTOCK PTY LTD,VIC,BUILDING / HARDWARE
698627,REVERT GROUP HOLDINGS PTY LTD,REVERT GROUP HOLDINGS PTY LTD,VIC,MISCELLANEOUS
NCI2767V,REX JAMES STOCKFEED PTY LTD,REX JAMES STOCKFEED PTY LTD,VIC,AGRICULTURE
435253,REX JAMES STOCKFEED PTY LTD,REX JAMES STOCKFEED PTY LTD,VIC,AGRICULTURE
AU22104100,REX SERVICE PTY LTD,REX SERVICE PTY LTD,VIC,FOOD / PROVISIONS
231033,REXEL ELECTRICAL SUPPLIES PTY LTD,REXEL ELECTRICAL SUPPLIES PTY LTD,NSW,ELECTRICAL
NCI0042N,REXEL ELECTRICAL SUPPLIES PTY LTD,REXEL ELECTRICAL SUPPLIES PTY LTD,NSW,ELECTRICAL
238338,REXEL ELECTRICAL SUPPLIES PTY LTD,REXEL ELECTRICAL SUPPLIES PTY LTD,NSW,ELECTRICAL
NCI8879N,REXLEY LANDSCAPING PTY LTD,CPS CONCRETE GROUP PTY LTD,ACT,LANDSCAPING
NCI7891Q,RFL AUSTRALIA PTY LTD,RFL AUSTRALIA PTY LTD,QLD,BUILDING / HARDWARE
NZ24030400,"RG, PA BORTHWICK, G SARGENT & G BAYLISS","RG, PA BORTHWICK, G SARGENT & G BAYLISS",,FOOD / PROVISIONS
NCI1864S,RGB INTEGRATION PTY LTD,RGB INTEGRATION PTY LTD,SA,ELECTRICAL
AU-84020,RGB INTEGRATION PTY LTD,RGB INTEGRATION PTY LTD,SA,ELECTRONICS
NCI7346N,RHINO RACK AUSTRALIA PTY LIMITED,RHINO RACK AUSTRALIA PTY LIMITED,NSW,MANUFACTURING
1252653,RHINO THE WRECKER PTY LTD,RHINO THE WRECKER PTY LTD,VIC,MISCELLANEOUS
NCI1388Q,RICHARDS STEEL FABRICATION PTY LTD,RICHARDS STEEL FABRICATION PTY LTD,QLD,OTHER STEEL
688417,RICHMOND RIVER SEEDS PTY LTD,RICHMOND RIVER SEEDS PTY LTD,NSW,AGRICULTURE
10233,RIDDOCH TRADING PTY LTD,RIDDOCH TRADING PTY LTD,VIC,FOOD / PROVISIONS
TW-05191,RIDDOCH TRADING PTY LTD,RIDDOCH TRADING PTY LTD,VIC,FOOD / PROVISIONS
NCI4177S,RIDGEWOOD TIMBER PTY LTD,RIDGEWOOD TIMBER PTY. LTD.,SA,TIMBER
AU-47960,RIDGEWOOD TIMBER PTY LTD,RIDGEWOOD TIMBER PTY. LTD.,SA,TIMBER
627044,RIDLEY AGRIPRODUCTS PTY LTD,RIDLEY AGRIPRODUCTS PTY LTD,VIC,AGRICULTURE
NCI7594V,RIDLEY AGRIPRODUCTS PTY LTD.,RIDLEY AGRIPRODUCTS PTY LTD,VIC,AGRICULTURE
NCI8929V,RIGHT CHOICE STONE PTY. LTD.,RIGHT CHOICE STONE PTY. LTD.,VIC,BUILDING / HARDWARE
AU-50682,RIGHT PRICE ELECTRICS PTY LTD,RIGHT PRICE ELECTRICS PTY LTD,QLD,ELECTRICAL
T107086,RILEY'S TIMBER FLOORING PTY LIMITED,RILEY'S TIMBER FLOORING PTY LIMITED,NSW,FURNITURE / FLOORS
NCI7527V,RINGWOOD FLOOR COVERINGS PTY. LTD.,RINGWOOD FLOOR COVERINGS PTY. LTD.,VIC,FURNITURE / FLOORS
659720,RINGWOOD TRADING PTY LTD,RINGWOOD TRADING PTY LTD,VIC,AUTOMOTIVE
NCI2486V,RINNAI AUSTRALIA PTY LTD,RINNAI AUSTRALIA PTY LTD,VIC,ELECTRICAL
10379,RINNAI AUSTRALIA PTY LTD,RINNAI AUSTRALIA PTY LTD,VIC,WHITEGOODS / ELECTRICAL
AU-50189,RINNAI AUSTRALIA PTY LTD,RINNAI AUSTRALIA PTY LTD,VIC,WHITEGOODS / ELECTRICAL
NCI7821V,RIONLON PTY LTD,RIONLON PTY LTD,VIC,SOLAR
501520,RIONLON PTY LTD,RIONLON PTY LTD,VIC,SOLAR
TW-05102,RISING STAR INTERIOR PTY LTD,RISING STAR INTERIOR PTY LTD,VIC,BUILDING / HARDWARE
502039,RISO (U.K.) LIMITED,RISO (U.K.) LIMITED,,MANUFACTURING
1336607-1,RIVAL AIR SERVICES PTY LTD,RIVAL AIR SERVICES PTY LTD,VIC,AIRCONDITIONING
NCI2447Q,RIVER SANDS PTY. LTD.,RIVER SANDS PTY. LTD.,QLD,MINING
TW-11643,RIVERBANK MILLING PTY. LTD.,RIVERBANK MILLING PTY. LTD.,VIC,AGRICULTURE
AU-90994,RIVERHILL FLOORS PTY LTD,RIVERHILL FLOORS PTY LTD,QLD,FURNITURE / FLOORS
NCI6111V,RIVERINA OILS & BIO ENERGY PTY LTD,RIVERINA OILS & BIO ENERGY PTY LTD,VIC,FOOD / PROVISIONS
AU-67635,RIVERINA OILS & BIO ENERGY PTY LTD,RIVERINA OILS & BIO ENERGY PTY LTD,VIC,FOOD / PROVISIONS
NZ25033400,RIVERLEA GROUP LTD,RIVERLEA GROUP LIMITED,,BUILDING / HARDWARE
NCI8079N,RIZON ROOF SOLUTIONS PTY LTD,RIZON ROOF SOLUTIONS PTY LTD,NSW,BUILDING / HARDWARE
NCI4471V,RJB INDUSTRIES PTY LTD,RJB INDUSTRIES PTY LTD,VIC,MANUFACTURING
T101949,RJB INDUSTRIES PTY LTD,RJB INDUSTRIES PTY LTD,VIC,MANUFACTURING
RMBUMIM,RM BUMI METAL SDN BHD,RM BUMI METAL SDN BHD,,OTHER STEEL
NCI8407W,RM SURVEYS PTY LTD,RM SURVEYS PTY LTD,WA,ENGINEERING
AU-92978,RMEISH CORPORATION PTY LTD,RMEISH CORPORATION PTY LTD,VIC,BUILDING / HARDWARE
1208384,RMG GLOBAL TRADING PTY LTD,RMG GLOBAL TRADING PTY LTD,QLD,FOOD / PROVISIONS
933029,RMRA PTY LTD,RMRA PTY LTD,NSW,OTHER STEEL
AU20080000,ROADSHOW FILMS PTY LTD,ROADSHOW FILMS PTY LTD,VIC,ENTERTAINMENT
AU-80231,ROBAR CIVIL PTY LTD,ROBAR CIVIL PTY LTD,QLD,BUILDING / HARDWARE
NCI5120Q,ROBERN MENZ AUSTRALIA PTY LTD,ROBERN MENZ AUSTRALIA PTY LTD,SA,FOOD / PROVISIONS
SR100126,ROBERN MENZ AUSTRALIA PTY LTD,ROBERN MENZ AUSTRALIA PTY LTD,SA,FOOD / PROVISIONS
1350026,ROBERT BOSCH (AUSTRALIA) PTY LTD,"BSH, ROBERT BOSCH AUST., BOSCH SECURITY SYSTEMS + BOSCH REXROTH",VIC,MANUFACTURING
516326,ROBINSON GRAIN TRADING CO PTY LTD,ROBINSON GRAIN TRADING CO PTY LTD,NSW,FOOD / PROVISIONS
NCI7722Z,ROBLAWMAX RECRUITMENT LIMITED,ROBLAWMAX RECRUITMENT LIMITED,,LABOUR HIRE
NZ21026300,ROBLAWMAX RECRUITMENT LIMITED,ROBLAWMAX RECRUITMENT LIMITED,,EMPLOYMENT AGENCIES
NCI5760Z,ROCKBOND SPECIAL CONCRETE PRODUCTS LIMITED,ROCKBOND SPECIAL CONCRETE PRODUCTS LIMITED,,MANUFACTURING
NZ19020400,ROCKBOND SPECIAL CONCRETE PRODUCTS LIMITED,ROCKBOND SPECIAL CONCRETE PRODUCTS LIMITED,,LANDSCAPING
371508.22,ROCKBURN WINES LIMITED,ROCKBURN WINES LIMITED,,LIQUOR DISTRIBUTORS
NCI4291Q,ROCKCOTE ENTERPRISES PTY LTD,ROCKCOTE ENTERPRISES PTY LTD,QLD,MANUFACTURING
620229,ROCKCOTE ENTERPRISES PTY LTD,ROCKCOTE ENTERPRISES PTY LTD,QLD,MANUFACTURING
NCI7091Z,ROCKIT TRADING COMPANY LIMITED,ROCKIT TRADING COMPANY LIMITED,NZ,FOOD / PROVISIONS
NCI8527V,RODBURN PTY LTD,RODBURN PTY LTD,VIC,MISCELLANEOUS
AU25135700,RODBURN PTY LTD,RODBURN PTY LTD,VIC,MISCELLANEOUS
NCI7313N,ROGER LEE (AUSTRALIA) PTY LTD,ROGER LEE (AUSTRALIA) PTY LTD,NSW,CLOTHING / TEXTILE
AU21085700,ROGERS TRANSPORT PTY LTD,ROGERS TRANSPORT PTY LTD,QLD,TRANSPORT
TW-03150,ROLAND DG AUSTRALIA PTY LTD,ROLAND CORPORATION AUSTRALIA PTY LTD,NSW,ELECTRONICS
814162,ROLLSEC PTY LTD,QUEENSLAND SHEETMETAL AND ROOFING SUPPLIES PTY LTD,QLD,BUILDING / HARDWARE
NCI8466V,RONIAK PTY LTD,RONIAK PTY LTD,VIC,BUILDING / HARDWARE
AU24133400,RONIAK PTY LTD,RONIAK PTY LTD,VIC,BUILDING / HARDWARE
AU24126100,ROOF GROUP PTY LTD,ROOF GROUP PTY LTD,NSW,BUILDING / HARDWARE
NCI6641W,ROOFEZE PTY LTD,ROOFEZE PTY LTD,WA,BUILDING / HARDWARE
T103622,ROOFEZE PTY LTD,ROOFEZE PTY LTD,WA,BUILDING / HARDWARE
635603,ROOFIT QUEENSLAND PTY LTD,ROOFIT QUEENSLAND PTY LTD,QLD,BUILDING / HARDWARE
AU-98804,ROOFMAX COMMERCIAL PTY LTD,ROOFMAX COMMERCIAL PTY LTD,SA,BUILDING / HARDWARE
AU24125600,ROSIN CONTRACTING PTY LTD,ROSIN CONTRACTING PTY LTD,NSW,BUILDING / HARDWARE
NCI7596V,ROTOMADE (AUST) PTY LTD,ROTOMADE (AUST) PTY LTD,VIC,MANUFACTURING
NCI5780S,ROUTLEYS BATHROOM KITCHEN LAUNDRY PTY LTD,ROUTLEYS BATHROOM KITCHEN LAUNDRY PTY LTD,SA,BUILDING / HARDWARE
AU-83302,ROUTLEYS BATHROOM KITCHEN LAUNDRY PTY LTD,ROUTLEYS BATHROOM KITCHEN LAUNDRY PTY LTD,SA,BUILDING / HARDWARE
1326008-1,ROYAL KITCHENS AND BATHROOMS PTY LIMITED,ROYAL KITCHENS AND BATHROOMS PTY LIMITED,NSW,BUILDING / HARDWARE
NCI3041N,ROYAL PLYWOOD PTY LTD,ROYAL PLYWOOD PTY LIMITED,NSW,BUILDING / HARDWARE
AU-47657,ROYAL PLYWOOD PTY LTD,ROYAL PLYWOOD PTY LIMITED,NSW,BUILDING / HARDWARE
NCI3042N,RPMJ ENTERPRISES PTY LTD,RPMJ ENTERPRISES PTY LTD,NSW,PLUMBING
AU-47530,RPMJ ENTERPRISES PTY LTD,RPMJ ENTERPRISES PTY LTD,NSW,PLUMBING
NCI5831Q,RPR TRADES PTY LTD,RPR TRADES PTY LTD,QLD,LABOUR HIRE
AU23117200,RPR TRADES PTY LTD,RPR TRADES PTY LTD,QLD,LABOUR HIRE
NCI8886N,RSCO GROUP PTY LTD,RSCO GROUP PTY LTD,NSW,BUILDING / HARDWARE
845683,RSEA PTY LTD,RSEA PTY LTD,VIC,BUILDING / HARDWARE
NCIRSNAUSTRAL,RSN AUSTRALIA PTY LIMITED,RSN AUSTRALIA PTY LIMITED,NSW,MISCELLANEOUS
1483607-1,RSN AUSTRALIA PTY LIMITED,RSN AUSTRALIA PTY LIMITED,NSW,MISCELLANEOUS
1443366-1,RUI LONG INTERNATIONAL DEVELOPMENT PTY. LTD.,RUI LONG INTERNATIONAL DEVELOPMENT PTY. LTD.,VIC,BUILDING / HARDWARE
AU-90526,RUSSELL AIR PTY LTD,RUSSELL AIR PTY LTD,QLD,AIRCONDITIONING
141130,RVM AUSTRALIA PTY LTD,RVM AUSTRALIA PTY LTD,WA,COMPUTERS / ELECTRONICS
NCI4327Q,RWW MARKETING PTY LTD,RWW MARKETING PTY LTD,QLD,ADVERTISING
NCI8704N,RYDE JOINERY PTY LTD,RYDE JOINERY PTY LTD,NSW,MANUFACTURING
TW-01643,RYLEX FLOORING PTY LTD,RYLEX FLOORING PTY LTD,NSW,CARPETS
AU21092000,RYVAL MEDIA PTY LTD,RYVAL MEDIA PTY LTD,VIC,ADVERTISING
AU-101296,S BUILDING PTY LTD,S BUILDING PTY LTD,NSW,BUILDING / HARDWARE
NCI5331Z,S FISHER & SONS LIMITED,S FISHER & SONS LIMITED,,BUILDING / HARDWARE
NZ17011700,S FISHER & SONS LIMITED,S FISHER & SONS LIMITED,,MANUFACTURING
717285,S V E LIMITED,S V E LIMITED,,FOOD / PROVISIONS
NCI5128S,S.A. BUILDING SUPPLIES PTY LTD,S.A. BUILDING SUPPLIES PTY LTD,SA,BUILDING / HARDWARE
NCI6835Q,S.A.F.E. LOGISTICS OPERATIONS PTY LTD,S.A.F.E. LOGISTICS OPERATIONS PTY LTD,QLD,TRANSPORT
NCI8766Q,S3B INVESTMENT PTY LTD,S3B INVESTMENT PTY LTD,QLD,PLUMBING
AU25145700,S3B INVESTMENT PTY LTD,S3B INVESTMENT PTY LTD,QLD,PLUMBING
NCI6785S,SA WINE CO PTY LTD,SA WINE CO PTY LTD,SA,LIQUOR DISTRIBUTORS
NCI8064V,SACKETT SERVICES PTY LTD,SACKETT SERVICES PTY LTD,TAS,AIRCONDITIONING
NCI5978N,SAE ENERGY PTY LTD,SAE ENERGY PTY LTD,NSW,ELECTRICAL
AU-59181,SAE ENERGY PTY LTD,SAE ENERGY PTY LTD,NSW,ELECTRICAL
NCI5784W,SAFEMASTER SAFETY PRODUCTS PTY LTD,SAFEMASTER SAFETY PRODUCTS PTY LTD,WA,MANUFACTURING
NCI5687V,SAFEROADS PTY LTD,SAFEROADS PTY LTD,VIC,MANUFACTURING
587791,SAGEMCOM AUSTRALASIA PTY LTD,SAGEMCOM AUSTRALASIA PTY LTD,NSW,TELECOMMUNICATIONS
AU22097500,SALEFEST (QLD) PTY LTD,SALEFEST (QLD) PTY LTD,QLD,ADVERTISING
AU-45686,SALITROSA HOLDINGS PTY LTD,SALITROSA HOLDINGS PTY LTD,NSW,MISCELLANEOUS
NCI4941W,SALOMONE PROJECTS PTY LTD,SALOMONE PROJECTS PTY LTD,WA,BUILDING / HARDWARE
1200849,SALOMONE PROJECTS PTY LTD,SALOMONE PROJECTS PTY LTD,WA,BUILDING / HARDWARE
NCI0850S,SAMEX AUSTRALIAN MEAT CO PTY LTD,SAMEX AUSTRALIAN MEAT CO PTY LTD,SA,FOOD / PROVISIONS
463147,SAMEX AUSTRALIAN MEAT CO. PTY. LTD.,SAMEX AUSTRALIAN MEAT CO PTY LTD,SA,FOOD / PROVISIONS
C463147A00,SAMEX AUSTRALIAN MEAT CO. PTY. LTD. / CAP,SAMEX AUSTRALIAN MEAT CO PTY LTD,SA,FOOD / PROVISIONS
AU-90962,SAMWELL PLUMBING PTY LTD,SAMWELL PLUMBING PTY LTD,QLD,PLUMBING
AU-48689,SAN MIGUEL YAMAMURA AUSTRALASIA PTY LTD,SAN MIGUEL YAMAMURA AUSTRALASIA PTY LTD,NSW,MANUFACTURING
835771,SAN REMO MACARONI COMPANY PTY LTD,SAN REMO MACARONI COMPANY PTY LTD,SA,FOOD / PROVISIONS
NCI5974V,SANCELL PTY LTD,SANCELL PTY LTD,VIC,BUILDING / HARDWARE
954611,SANCELL PTY LTD,SANCELL PTY LTD,VIC,BUILDING / HARDWARE
3482,SANCTUARY PERSONNEL LIMITED,SANCTUARY PERSONNEL LIMITED,,MISCELLANEOUS
NCI6703V,SANDBELT INDUSTRIES (VIC)  PTY LTD,SANDBELT INDUSTRIES (VIC) PTY LTD,VIC,MANUFACTURING
T104620,SANDBELT INDUSTRIES (VIC) PTY LTD,SANDBELT INDUSTRIES (VIC) PTY LTD,VIC,MANUFACTURING
NCI8866V,SANDHU STEEL PTY LTD,SANDHU STEEL PTY LTD,VIC,MAJOR STEEL
TB-06070,SANDHU STEEL PTY LTD,SANDHU STEEL PTY LTD,VIC,OTHER STEEL
1040300,SAPPHIRE ALUMINIUM PTY LTD,SAPPHIRE ALUMINIUM PTY LTD,NSW,OTHER STEEL
NCI8438N,SARAH RUSSELL PTY LTD (1000 MILE TRAVEL GROUP),1000 MILE TRAVEL GROUP PTY LTD,NSW,MISCELLANEOUS
356223,SARIA LIMITED,SARIA LIMITED,,FOOD / PROVISIONS
AU26150600,SARS CORPORATE PTY. LTD.,SARS CORPORATE PTY. LTD.,VIC,MISCELLANEOUS
NCI4493V,SAS SIGNAGE ACCESSORIES SUPPLIER PTY LTD,SAS SIGNAGE ACCESSORIES SUPPLIER PTY LTD,VIC,MISCELLANEOUS
NCI8956Q,SATIVITE PTY LTD,SATIVITE PTY LTD,QLD,
645283,SAVENCIA FROMAGE & DAIRY SINGAPORE PTE. LTD.,SAVENCIA FROMAGE & DAIRY SINGAPORE PTE. LTD.,,FOOD / PROVISIONS
T107128,SBD ELECTRICAL PTY LTD,SBD ELECTRICAL PTY LTD,NSW,ELECTRICAL
NCI7067Q,SBP AUSTRALIA PTY LTD,SBP AUSTRALIA PTY LTD,QLD,BUILDING / HARDWARE
C220943A00,SBP AUSTRALIA PTY LTD,SBP AUSTRALIA PTY LTD,QLD,BUILDING / HARDWARE
AU22094300,SBP AUSTRALIA PTY LTD,SBP AUSTRALIA PTY LTD,QLD,BUILDING / HARDWARE
NCI2335V,SBS GROUP AU PTY LTD,SBS GROUP AU PTY LTD,VIC,MANUFACTURING
AU17055000,SBS GROUP AU PTY LTD,SBS GROUP AU PTY LTD,VIC,MANUFACTURING
NCI4495V,SCALZO TRADING CO. PROPRIETARY LIMITED,SCALZO TRADING CO. PROPRIETARY LIMITED,VIC,FOOD / PROVISIONS
962773,SCALZO TRADING CO. PROPRIETARY LIMITED,SCALZO TRADING CO. PROPRIETARY LIMITED,VIC,FOOD / PROVISIONS
W031200001,SCHLETTER AUSTRALIA PTY LTD,SCHLETTER AUSTRALIA PTY LTD,NSW,SOLAR
AU-89223,SCHNAP ELECTRIC PRODUCTS PTY LTD,SCHNAP ELECTRIC PRODUCTS PTY LTD,NSW,ELECTRICAL
1416783-1,SCHOLASTIC AUSTRALIA PTY LIMITED,SCHOLASTIC AUSTRALIA PTY LIMITED,NSW,ENTERTAINMENT
NCI2861V,SCHUTZ AUSTRALIA PTY LTD,SCHUTZ AUSTRALIA PTY LTD,VIC,MANUFACTURING
AU26153700,SCHUTZ AUSTRALIA PTY LTD,SCHUTZ AUSTRALIA PTY LTD,VIC,MANUFACTURING
PW10010002,SCHWEITZER ENGINEERING LABORATORIES PTY LIMITED,SCHWEITZER ENGINEERING LABORATORIES PTY LIMITED,VIC,COMPUTERS / ELECTRONICS
AU-93289,SCM REF AUSTRALIA PTY LTD,BEIJER REF HOLDINGS AUSTRALIA PTY LTD,NSW,WHITEGOODS / ELECTRICAL
NCI8374N,SCM REF AUSTRALIA PTY LTD,BEIJER REF HOLDINGS AUSTRALIA PTY LTD,NSW,WHITEGOODS / ELECTRICAL
932363,SCOTT & RICKETTS LIMITED,SCOTT & RICKETTS LIMITED,NZL,BUILDING / HARDWARE
NCI7290Q,SCOTT FREE (AUST) PTY LTD,SCOTT FREE (AUST) PTY LTD,QLD,MANUFACTURING
911024,SCOTT FREE (AUST) PTY LTD,SCOTT FREE (AUST) PTY LTD,QLD,MANUFACTURING
NCI1428W,SCOTT PRINTERS PTY LTD,SCOTT PRINTERS PTY LTD,WA,PAPER / PRINTING / STATIONERY
NCI4476N,SCOTTISH PACIFIC (BFS) PTY LTD,SCOTTISH PACIFIC (BFS) PTY LTD,NSW,FINANCE
NCI2597W,SCP MIDWEST PTY LTD,SCP MIDWEST PTY LTD,WA,ACCOUNTING
AU24122700,SCRR ELECTRICAL PTY LTD,SCRR ELECTRICAL PTY LTD,QLD,ELECTRICAL
NCI6753N,SDG PTY LTD,SDG PTY LTD,NSW,MISCELLANEOUS
931933,SE TYLOSE SINGAPORE PTE LTD,SE TYLOSE SINGAPORE PTE LTD,,BUILDING / HARDWARE
NCI8647N,SEABREEZE OZ PTY LTD,SEABREEZE OZ PTY LTD,NSW,MISCELLANEOUS
AU-97331,SEABREEZE OZ PTY LTD,SEABREEZE OZ PTY LTD,NSW,MISCELLANEOUS
NCI5808W,SEACREST HOLDINGS PTY LTD,SEACREST HOLDINGS PTY LTD,WA,ELECTRICAL
AU-72584,SEACREST HOLDINGS PTY LTD,SEACREST HOLDINGS PTY LTD,WA,ELECTRICAL
NCI4345Q,SEALED PERFORMANCE BATTERIES PTY LTD,SEALED PERFORMANCE BATTERIES PTY LTD,QLD,AUTOMOTIVE
610388,SEALOCK LIMITED,SEALOCK LIMITED,,MISCELLANEOUS
AU23107600,SEALUMET (AUSTRALIA) PTY LTD,SEALUMET (AUSTRALIA) PTY LTD,WA,MANUFACTURING
AU231076BF,SEALUMET (AUSTRALIA) PTY LTD,SEALUMET (AUSTRALIA) PTY LTD,WA,MANUFACTURING
NCI7309S,SEASONAIR PTY LIMITED.,SEASONAIR PTY LIMITED,SA,AIRCONDITIONING
AU22102900,SEATEK INDUSTRIES PTY LTD,SEATEK INDUSTRIES PTY LTD,SA,FOOD / PROVISIONS
NCI5299Q,SECURCOM PTY. LTD.,SECURCOM PTY. LTD.,QLD,ELECTRICAL
UA00199,SECURCOM PTY. LTD.,SECURCOM PTY. LTD.,QLD,ELECTRICAL
NCI8467N,SECURE SCAFFOLDING SERVICES PTY LTD,SECURE SCAFFOLDING SERVICES PTY LTD,NSW,BUILDING / HARDWARE
NCI6243Q,SECUREFENCE PTY LTD,SECUREFENCE PTY LTD,QLD,BUILDING / HARDWARE
TW-11743,SECUREFENCE PTY LTD,SECUREFENCE PTY LTD,QLD,BUILDING / HARDWARE
AU21084800,SEEING MACHINES LIMITED,SEEING MACHINES LIMITED,ACT,ELECTRONICS
NCI1093S,SEELEY INTERNATIONAL PTY LTD,SEELEY INTERNATIONAL PTY LTD,SA,AIRCONDITIONING
AU-53647,SEELEY INTERNATIONAL PTY LTD,SEELEY INTERNATIONAL PTY LTD,SA,AIRCONDITIONING
NCI8019Q,SEETO AND SONS AIRCONDITIONING PTY LTD,SEETO AND SONS AIRCONDITIONING PTY LTD,QLD,AIRCONDITIONING
AU-89338,SEETO AND SONS AIRCONDITIONING PTY LTD,SEETO AND SONS AIRCONDITIONING PTY LTD,QLD,AIRCONDITIONING
NZ25032900,SEGARD MASUREL (NZ) LIMITED,SEGARD MASUREL (NZ) LIMITED,,WOOL SUPPLIERS
449034,SEKISUI RIB LOC AUSTRALIA PTY LTD,SEKISUI RIB LOC AUSTRALIA PTY LTD,SA,MANUFACTURING
NCI8965N,SELECT QUARRY MATERIALS PTY LTD,SELECT QUARRY MATERIALS PTY LTD,NSW,BUILDING / HARDWARE
745630,SELECT QUARRY MATERIALS PTY LTD,SELECT QUARRY MATERIALS PTY LTD,NSW,BUILDING / HARDWARE
NCI6893V,SELECT SEAL PTY LTD,SELECT SEAL PTY LTD,VIC,BUILDING / HARDWARE
1448509-1,SELECT SEAL PTY LTD,SELECT SEAL PTY LTD,VIC,MANUFACTURING
NCI4669N,SELECT TIMBERS AUSTRALIA PTY LTD,SELECT TIMBERS AUSTRALIA PTY LTD,NSW,BUILDING / HARDWARE
NCI2521Q,SELECTED SEEDS PTY LTD,SELECTED SEEDS PTY LTD,QLD,AGRICULTURE
AU20081200,SELECTED SEEDS PTY LTD,SELECTED SEEDS PTY LTD,QLD,AGRICULTURE
NCI6196V,SELECTRONIC AUSTRALIA PTY LTD,SELECTRONIC AUSTRALIA PTY LTD,VIC,ELECTRONICS
TW-06611,SELECTRONIC AUSTRALIA PTY LTD,SELECTRONIC AUSTRALIA PTY LTD,VIC,ELECTRONICS
TW-08751,SEM WINDOWS (ACT) PTY LTD,SEM WINDOWS (ACT) PTY LTD,NSW,BUILDING / HARDWARE
AU-66142,SEM WINDOWS PTY LTD,SEM WINDOWS PTY LTD,VIC,BUILDING / HARDWARE
1478313-1,SEND IT SHOTCRETE PTY LTD,SEND IT SHOTCRETE PTY LTD,QLD,BUILDING / HARDWARE
447474,SENNHEISER AUSTRALIA PTY LIMITED,SENNHEISER AUSTRALIA PTY LIMITED,NSW,ELECTRONICS
447476,SENNHEISER NEW ZEALAND LIMITED,SENNHEISER AUSTRALIA PTY LIMITED,,ELECTRONICS
UA00082,SENSATEK PTY LTD,SENSATEK PTY LTD,NSW,ELECTRONICS
NCI4076V,SENSIENT TECHNOLOGIES AUSTRALIA PTY LTD,SENSIENT TECHNOLOGIES AUSTRALIA PTY LTD,VIC,FOOD / PROVISIONS
AU22094600,SENTEK PTY LTD,SENTEK PTY LTD,SA,AGRICULTURE
AU22103100,SENTURION STEEL SUPPLIES PTY LTD,SENTURION STEEL SUPPLIES PTY LTD,SA,OTHER STEEL
NZ-48277BF,SEQUAL LUMBER LIMITED,SEQUAL LUMBER LIMITED,,TIMBER
NZ-48277,SEQUAL LUMBER LIMITED,SEQUAL LUMBER LIMITED,,TIMBER
371508.15,SERESIN ESTATE LIMITED,SERESIN ESTATE LIMITED,,LIQUOR DISTRIBUTORS
NZ16005700,SERVICE FOODS LIMITED,SERVICE FOODS LIMITED,,FOOD / PROVISIONS
NCI8859V,SESG HOLDINGS PTY LTD,SESG HOLDINGS PTY LTD,VIC,AIRCONDITIONING
NCI8869V,SG INVESTMENT GROUP PTY LTD,SG INVESTMENT GROUP PTY LTD,VIC,BUILDING / HARDWARE
AU26150100,SG INVESTMENT GROUP PTY LTD,SG INVESTMENT GROUP PTY LTD,VIC,FINANCE
NCI5033V,SG STAIRS PTY LTD,SG STAIRS PTY LTD,VIC,BUILDING / HARDWARE
1105591,SGL CARBON FIBERS LIMITED,SGL CARBON FIBERS LIMITED,,MANUFACTURING
NCI7116Q,SHADFORTH'S CIVIL PTY LTD,SHADFORTH'S CIVIL PTY LTD,QLD,BUILDING / HARDWARE
NCI8709Z,SHARKNINJA NEW ZEALAND LTD,SHARKNINJA PTY. LTD.,,ELECTRONICS
NZ-97507,SHARKNINJA NEW ZEALAND LTD,SHARKNINJA PTY. LTD.,,MISCELLANEOUS
NCI8452N,SHARKNINJA PTY. LTD.,SHARKNINJA PTY. LTD.,NSW,ELECTRICAL
AU-97506,SHARKNINJA PTY. LTD.,SHARKNINJA PTY. LTD.,NSW,WHITEGOODS / ELECTRICAL
NZ-98082,SHARP EDGE ENGINEERING LIMITED,SHARP EDGE ENGINEERING LIMITED,,BUILDING / HARDWARE
TW-06631,SHARP PANELS PTY LTD,SHARP PANELS PTY LTD,QLD,BUILDING / HARDWARE
NCI5670V,SHARP TILING SERVICES PTY LTD,SHARP TILING SERVICES PTY LTD,VIC,BUILDING / HARDWARE
NCI8750Q,SHARPE ENGINEERING PTY LTD,SHARPE ENGINEERING PTY LTD,QLD,MANUFACTURING
829825,SHAW AND SMITH PTY LTD,SHAW AND SMITH PTY LTD,SA,LIQUOR DISTRIBUTORS
NCI0539N,SHAW OF AUSTRALIA PTY LTD,SHAW OF AUSTRALIA PTY LTD,NSW,MANUFACTURING
856086,SHAW OF AUSTRALIA PTY LTD,SHAW OF AUSTRALIA PTY LTD,NSW,CLOTHING / TEXTILE
NCI4340N,SHEEHAN FRAMES & TRUSSES PTY LTD,SHEEHAN FRAMES & TRUSSES PTY LTD,NSW,BUILDING / HARDWARE
AU-55731,SHEEHAN FRAMES & TRUSSES PTY LTD,SHEEHAN FRAMES & TRUSSES PTY LTD,NSW,TIMBER
NZ-45274,SHEET METAL SOLUTION LIMITED,SHEET METAL SOLUTION LIMITED,,MANUFACTURING
NCI8331N,SHEPHERD ELECTRICAL (ACT) PTY LTD,SHEPHERD ELECTRICAL (ACT) PTY LTD,ACT,ELECTRICAL
AU-92683,SHEPHERD ELECTRICAL (ACT) PTY LTD,SHEPHERD ELECTRICAL (ACT) PTY LTD,ACT,ELECTRICAL
AU25143600,SHER AUJLA TRANSPORT PTY LTD,SHER AUJLA TRANSPORT PTY LTD,SA,TRANSPORT
AU-59244,SHERRIFF ELECTRICAL PTY LTD,CNW PTY LTD,QLD,ELECTRICAL
NCI1218Q,SHERRIFF ELECTRICAL PTY LTD,CNW PTY LTD,QLD,ELECTRICAL
371508.39,SHERWOOD ESTATE WINES LIMITED,SHERWOOD ESTATE WINES LIMITED,,LIQUOR DISTRIBUTORS
AU24120501,SHIRE LAGGING SERVICES PTY LTD,SHIRE LAGGING SERVICES PTY LTD,NSW,BUILDING / HARDWARE
NZ-66890,SHOAL BAY LIMITED,SHOAL BAY LIMITED,,FREIGHT FORWARDERS
AU16053100,SHORE GROUP PTY LTD,SHORE GROUP PTY LTD,NSW,OTHER STEEL
NCI4236N,SHORE GROUP PTY LTD,SHORE GROUP PTY LTD,NSW,OTHER STEEL
NCI8627N,SHOTCRETE AUSTRALIA PTY LTD,SHOTCRETE AUSTRALIA PTY LTD,NSW,ENGINEERING
1413387-1,SHOTCRETE AUSTRALIA PTY LTD,SHOTCRETE AUSTRALIA PTY LTD,NSW,ENGINEERING
NCI6945N,SHOW TILE PTY LTD,SHOW TILE PTY LTD,NSW,BUILDING / HARDWARE
AU-101029,SHOW TILE PTY LTD,SHOW TILE PTY LTD,NSW,BUILDING / HARDWARE
306560,SHRIRO AUSTRALIA PTY LIMITED,SHRIRO AUSTRALIA PTY LTD,NSW,ELECTRONICS
1011317,SHRIRO AUSTRALIA PTY LIMITED (USD ACCOUNT),SHRIRO AUSTRALIA PTY LTD,NSW,ELECTRONICS
NCI7936N,SI CLEAN ENERGY PTY LTD,SI CLEAN ENERGY PTY LTD,NSW,ENERGY
NCI8818Q,SIERA PROPERTY GROUP PTY LTD,SIERA PROPERTY GROUP PTY LTD,QLD,BUILDING / HARDWARE
581711,SIG COMBIBLOC AUSTRALIA PTY LTD,VISY PACKAGING PTY. LTD.,VIC,MANUFACTURING
1322279-1,SIGHT CIVIL PTY LTD,SIGHT CIVIL PTY LTD,NSW,BUILDING / HARDWARE
631025,SIGNIFY COMMERCIAL UK LIMITED,SIGNIFY COMMERCIAL UK LIMITED,,ELECTRICAL
NCI8885N,SILICON MEMORY TECHNOLOGIES PTY LIMITED,SILICON MEMORY TECHNOLOGIES PTY LIMITED,NSW,COMPUTERS
AU-56534,SILO BAG GRAIN (NSW & QLD) PTY LTD,SILO BAG GRAIN (NSW & QLD) PTY LTD,NSW,AGRICULTURE
T106930,SILVER SHINE CHASSIS & TRAILER PTY LTD,SILVER SHINE CHASSIS & TRAILER PTY LTD,VIC,MANUFACTURING
NCI7989Z,SILVERLINE GROUP LIMITED,SILVERLINE GROUP LIMITED,,PLUMBING
NZ23030200,SILVERLINE GROUP LIMITED,SILVERLINE GROUP LIMITED,,PLUMBING
NCI5355W,SILVERSTONE RECRUITMENT PTY LTD,SILVERSTONE RECRUITMENT PTY LTD,WA,LABOUR HIRE
AU-92028,SILVERSTONE RECRUITMENT PTY LTD,SILVERSTONE RECRUITMENT PTY LTD,WA,LABOUR HIRE
AU-47317,SIMMONDS LUMBER PTY LTD,SIMMONDS LUMBER PTY LTD,VIC,TIMBER
NCI8678V,SIMMONDS LUMBER PTY LTD,SIMMONDS LUMBER PTY LTD,VIC,TIMBER
NCI6087V,SINCLAIR WHOLESALE MEATS PTY LTD,SINCLAIR WHOLESALE MEATS PTY LTD,VIC,FOOD / PROVISIONS
SG22073000,SINGCHINA RESOURCES PTE. LTD,SINGCHINA RESOURCES PTE. LTD,,MISCELLANEOUS
AU-48683,SIPCAM PACIFIC AUSTRALIA PTY LTD,SIPCAM PACIFIC AUSTRALIA PTY LTD,VIC,CHEMICALS
NCI7777V,SISCA HELENA NOMINEES PTY. LTD.,SISCA HELENA NOMINEES PTY. LTD.,VIC,MISCELLANEOUS
1196785,SISCA HELENA NOMINEES PTY. LTD.,SISCA HELENA NOMINEES PTY. LTD.,VIC,MISCELLANEOUS
NCI5057V,SITE SUPPLY AUSTRALIA PTY LTD,SITE SUPPLY AUSTRALIA PTY LTD,VIC,ELECTRICAL
TW-10961,SITE SUPPLY AUSTRALIA PTY LTD,SITE SUPPLY AUSTRALIA PTY LTD,VIC,ELECTRICAL
NCI6024W,SITEWORKS LABOUR HIRE PTY LTD,SITEWORKS LABOUR HIRE PTY LTD,WA,LABOUR HIRE
NCI8295N,SITEX RENTALS PTY LTD,SITEX RENTALS PTY LTD,NSW,EQUIPMENT HIRE
1344989-1,SITEX RENTALS PTY LTD,SITEX RENTALS PTY LTD,NSW,EQUIPMENT HIRE
NCI7521N,SJR SERVICES PTY LTD,SJR SERVICES PTY LTD,NSW,FURNITURE / FLOORS
NCI8544V,SJWA PTY LTD,SJWA PTY LTD,VIC,ELECTRICAL
1476023,SKAMOL ASIA PACIFIC PTY LTD,ETEX AUSTRALIA PTY LTD,VIC,BUILDING / HARDWARE
NCI8890N,SKG GLOBAL PTY LTD,SKG GLOBAL PTY LTD,NSW,MISCELLANEOUS
NCI7649V,SKINNERS BALLARAT PTY LIMITED,SKINNERS BALLARAT PTY LIMITED,VIC,BUILDING / HARDWARE
1113837,SKINNERS BALLARAT PTY LIMITED,SKINNERS BALLARAT PTY LIMITED,VIC,PLASTER
1331825,SKS TECHNOLOGIES PTY LTD,SKS TECHNOLOGIES PTY LTD,VIC,ELECTRICAL
NCI4491V,SKS TECHNOLOGIES PTY LTD,SKS TECHNOLOGIES PTY LTD,VIC,ELECTRICAL
NCI8432V,SKYHIGH JOURNEYS PTY LTD (1000 MILE TRAVEL GROUP),1000 MILE TRAVEL GROUP PTY LTD,VIC,MISCELLANEOUS
NCI8899N,SKYSCRAPER INTERIORS PTY LTD,SKYSCRAPER INTERIORS PTY LTD,NSW,BUILDING / HARDWARE
NCI4426Q,SLAB SOLUTIONS QLD PTY LTD,SLAB SOLUTIONS QLD PTY LTD,QLD,BUILDING / HARDWARE
NCI2129V,SLATTERY & ACQUROFF HOLDINGS PTY LTD,SLATTERY & ACQUROFF HOLDINGS PTY LTD,VIC,MANUFACTURING
AU21087800,SLINGSHOT MEDIA VENTURES PTY LTD,SLINGSHOT MEDIA VENTURES PTY LTD,NSW,ADVERTISING
AU-46636,SM BRANDS PTY LTD,SM BRANDS PTY LTD,VIC,CLOTHING / TEXTILE
NCI8447W,SM DODD PTY LTD (1000 MILE TRAVEL GROUP),1000 MILE TRAVEL GROUP PTY LTD,WA,MISCELLANEOUS
707917,SMA AUSTRALIA PTY LTD,SMA AUSTRALIA PTY LTD,NSW,SOLAR
NCI5675V,SMARDT CHILLERS PTY LTD,SMARDT CHILLERS PTY LTD,VIC,MANUFACTURING
1366883-1,SMARDT CHILLERS PTY LTD,SMARDT CHILLERS PTY LTD,VIC,MANUFACTURING
T104679,SMART G SOLUTIONS PTY LTD,SMART G SOLUTIONS PTY LTD,QLD,CARPETS
NCI8591Q,SMART METAL ROOFING (AUST) PTY LTD,SMART METAL ROOFING (AUST) PTY LTD,QLD,BUILDING / HARDWARE
AU-62268,SMART METAL ROOFING (AUST) PTY LTD,SMART METAL ROOFING (AUST) PTY LTD,QLD,BUILDING / HARDWARE
NCI5219S,SMART WEALTH GROUP PTY LTD,SMART WEALTH GROUP PTY LTD,SA,LABOUR HIRE
AU22101200,SMART WEALTH GROUP PTY LTD,SMART WEALTH GROUP PTY LTD,SA,LABOUR HIRE
463213,SMARTWAY PHARMACEUTICALS LIMITED,SMARTWAY PHARMACEUTICALS LIMITED,,MISCELLANEOUS
NCI7780V,SMEE INSTALLATIONS PTY LTD,SMEE INSTALLATIONS PTY LTD,VIC,ELECTRICAL
AU-48281,SMEG AUSTRALIA PTY LTD,SMEG AUSTRALIA PTY LTD,NSW,WHITEGOODS / ELECTRICAL
NCI8371W,SMH PROFILING & CIVIL PTY LTD,SMH PROFILING & CIVIL PTY LTD,WA,BUILDING / HARDWARE
AU24130800,SMH PROFILING & CIVIL PTY LTD,SMH PROFILING & CIVIL PTY LTD,WA,BUILDING / HARDWARE
NZ22028400,SMITH ELEMENTS & CONTROLS LIMITED,SMITH ELEMENTS & CONTROLS LIMITED,,ELECTRICAL
524130,SMITHFIELD PASTORAL COMPANY PTY LTD,SMITHFIELD PASTORAL COMPANY PTY LTD,QLD,AGRICULTURE
957988,SMITHS HARDWARE LIMITED,SMITHS HARDWARE LIMITED,NZL,BUILDING / HARDWARE
NCI5864N,SML CONNECT PTY LTD,SML CONNECT PTY LTD,NSW,FOOD / PROVISIONS
AU15018700,SMOKE CONTROL SYSTEMS PTY LTD,SMOKE CONTROL SYSTEMS PTY LTD,NSW,MANUFACTURING
738484,SNAZZY FRUIT COMPANY LIMITED,SNAZZY FRUIT COMPANY LIMITED,,FOOD / PROVISIONS
NZ21026100,SNEAKERS DIGITAL LIMITED,SNEAKERS DIGITAL LIMITED,,ADVERTISING
NCI8623V,SOCIETAL OUTCOME SOLUTIONS PTY LTD,SOCIETAL OUTCOME SOLUTIONS PTY LTD,VIC,MISCELLANEOUS
686703,SOCIETAL OUTCOME SOLUTIONS PTY LTD,SOCIETAL OUTCOME SOLUTIONS PTY LTD,VIC,ELECTRONICS
102915,SOCOMEC ASIA PACIFIC PTE LTD,SOCOMEC ASIA PACIFIC PTE LTD,,ELECTRICAL
732400,SOCOMEC PTY LTD,SOCOMEC ASIA PACIFIC PTE LTD,NSW,ELECTRONICS
T102848,SOFTWOODS TIMBERYARDS PTY LTD,SOFTWOODS TIMBERYARDS PTY LTD,SA,TIMBER
NCI5479S,SOFTWOODS TIMBERYARDS PTY LTD,SOFTWOODS TIMBERYARDS PTY LTD,SA,TIMBER
AU25148200,SOLAR FACTORY OUTLET PTY LTD,SOLAR FACTORY OUTLET PTY LTD,NSW,SOLAR
NCI2937N,SOLAR JUICE PTY LTD,SOLAR JUICE PTY LTD,NSW,SOLAR
10389,SOLAR JUICE PTY LTD,SOLAR JUICE PTY LTD,NSW,SOLAR
AU24124200,SOLAR JUICE PTY LTD,SOLAR JUICE PTY LTD,NSW,SOLAR
AU26149400,SOLARTECH DISTRIBUTION PTY LTD,SOLARTECH DISTRIBUTION PTY LTD,WA,SOLAR
781621,SOLID ALUMINIUM PTY LTD,SOLID ALUMINIUM PTY LTD,NSW,MAJOR STEEL
NCI2742Q,SOLID STATE SECURITY PTY LTD,SOLID STATE SECURITY PTY LTD,QLD,MAJOR STEEL
NCI7718V,SOLIDITY PTY. LTD.,SOLIDITY PTY. LTD.,VIC,BUILDING / HARDWARE
659170,SOLIDITY PTY. LTD.,SOLIDITY PTY. LTD.,VIC,BUILDING / HARDWARE
NCI7352V,SOLIS AUSTRALASIA PTY LTD,SOLIS AUSTRALASIA PTY LTD,VIC,SOLAR
AU-98508,SOLO ENERGY CORPORATION PTY LTD,SOLO ENERGY CORPORATION PTY LTD,VIC,ENERGY
AU25136101,SOLVE CIVIL PTY LTD,SOLVE CIVIL PTY LTD,NSW,BUILDING / HARDWARE
NCI6308V,SONOCO AUSTRALIA PTY. LTD.,SONOCO AUSTRALIA PTY. LTD.,VIC,MANUFACTURING
NCI8733N,SONOVA HEARING AUSTRALIA PTY LTD,SONOVA HEARING AUSTRALIA PTY LTD,NSW,MISCELLANEOUS
35-002232,SONY INTERACTIVE ENTERTAINMENT AUSTRALIA PTY LIMITED,SONY INTERACTIVE ENTERTAINMENT AUSTRALIA PTY LIMITED,NSW,COMPUTERS / ELECTRONICS
564933,SONY INTERACTIVE ENTERTAINMENT AUSTRALIA PTY LIMITED,SONY INTERACTIVE ENTERTAINMENT AUSTRALIA PTY LIMITED,NSW,COMPUTERS / ELECTRONICS
35-002245,SONY INTERACTIVE ENTERTAINMENT NEW ZEALAND LIMITED,SONY INTERACTIVE ENTERTAINMENT AUSTRALIA PTY LIMITED,,COMPUTERS / ELECTRONICS
644607,SONY INTERACTIVE ENTERTAINMENT NEW ZEALAND LIMITED,SONY INTERACTIVE ENTERTAINMENT AUSTRALIA PTY LIMITED,,COMPUTERS / ELECTRONICS
NCI8726V,SOS LABOUR SOLUTIONS TAS PTY LTD,SOS LABOUR SOLUTIONS TAS PTY LTD,TAS,LABOUR HIRE
AU25144500,SOS LABOUR SOLUTIONS TAS PTY LTD,SOS LABOUR SOLUTIONS TAS PTY LTD,TAS,LABOUR HIRE
NCI5378Z,SOTERIA GROUP LIMITED,SOTERIA GROUP LIMITED,,BUILDING / HARDWARE
NZ17012500,SOTERIA GROUP LIMITED,SOTERIA GROUP LIMITED,,MANUFACTURING
WP81500027,SOUDAL LIMITED,SOUDAL PTY LTD,,BUILDING / HARDWARE
WP81500010,SOUDAL PTY LTD,SOUDAL PTY LTD,NSW,BUILDING / HARDWARE
C815000A,SOUDAL PTY LTD / CAP,SOUDAL PTY LTD,NSW,BUILDING / HARDWARE
NCI8953N,SOULBUILD PTY LTD,SOULBUILD PTY LTD,NSW,BUILDING / HARDWARE
SOURCEYPTY,SOURCEY PTY LTD,SOURCEY PTY LTD,VIC,LABOUR HIRE
NCI8792N,SOUTH FUNG INTERNATIONAL PTY LTD,SOUTH FUNG INTERNATIONAL PTY LTD,NSW,FOOD / PROVISIONS
AU25147900,SOUTH FUNG INTERNATIONAL PTY LTD,SOUTH FUNG INTERNATIONAL PTY LTD,NSW,FOOD / PROVISIONS
NCI8964Q,SOUTH QUEENSLAND LIME PTY. LTD.,SOUTH QUEENSLAND LIME PTY. LTD.,QLD,BUILDING / HARDWARE
AU26153000,SOUTH QUEENSLAND LIME PTY. LTD.,SOUTH QUEENSLAND LIME PTY. LTD.,QLD,BUILDING / HARDWARE
516821,SOUTH WEST ALUMINIUM PTY LTD,SOUTH WEST ALUMINIUM PTY LTD,NSW,OTHER STEEL
780995,SOUTHERN CROSS ELECTRICAL ENGINEERING LIMITED,SOUTHERN CROSS ELECTRICAL ENGINEERING LIMITED,WA,ELECTRICAL
AU-51725,SOUTHERN CROSS PLUMBING PTY LTD,SOUTHERN CROSS PLUMBING PTY LTD,NSW,PLUMBING
871174,SOUTHERN FRESH FRUIT EXPORTS LIMITED,SOUTHERN FRESH FRUIT EXPORTS LIMITED,,FOOD / PROVISIONS
AU-49833,SOUTHERN PLANT HIRE PTY. LTD.,SOUTHERN PLANT HIRE PTY. LTD.,VIC,BUILDING / HARDWARE
819738,SOUTHERN RAINBOW LIMITED,SOUTHERN RAINBOW LIMITED,,EXPORT
NCI6039V,SOUTHERN STAR WINDOWS PTY LTD,SOUTHERN STAR WINDOWS PTY. LTD.,VIC,BUILDING / HARDWARE
AU-53585,SOUTHERN STAR WINDOWS PTY LTD,SOUTHERN STAR WINDOWS PTY. LTD.,VIC,OTHER STEEL
NCI2629W,SOUTHERN WIRE PTY LTD,SOUTHERN WIRE PTY LTD,WA,BUILDING / HARDWARE
AU-45989,SOUTHERN WIRE PTY LTD,SOUTHERN WIRE PTY LTD,WA,BUILDING / HARDWARE
NCI4601V,SOUTHLAND FILTRATION PTY LTD,SOUTHLAND FILTRATION PTY LTD,TAS,BUILDING / HARDWARE
P100134,SOUTHSIDE CARPETS PTY LTD,SOUTHSIDE CARPETS PTY LTD,NSW,FURNITURE / FLOORS
1443375-1,SOUTHSIDE CARPETS PTY LTD,SOUTHSIDE CARPETS PTY LTD,NSW,FURNITURE / FLOORS
NCI6186N,SPACEFUL PTY LTD,SPACEFUL PTY LTD,ACT,BUILDING / HARDWARE
AU-100213,SPARTAN STEEL PTY LIMITED,SPARTAN STEEL PTY LIMITED,NSW,MAJOR STEEL
AU18057300,SPECIALISED PIPE AND FITTINGS AUSTRALIA PTY LTD,SPECIALISED PIPE AND FITTINGS AUSTRALIA PTY LTD,WA,OTHER STEEL
NCI5345W,SPECIALISED PIPE AND FITTINGS AUSTRALIA PTY LTD,SPECIALISED PIPE AND FITTINGS AUSTRALIA PTY LTD,WA,OTHER STEEL
816621,SPECIALISED STUD SYSTEMS PTY LIMITED,SPECIALISED STUD SYSTEMS PTY LTD,NSW,BUILDING / HARDWARE
NCI1858N,SPECIALISED STUD SYSTEMS PTY LTD,SPECIALISED STUD SYSTEMS PTY LTD,NSW,BUILDING / HARDWARE
AU23106200,SPECIALTY PACKAGING AUST PTY LTD,SPECIALTY PACKAGING AUST PTY LTD,QLD,PLASTICS
NCI5494V,SPECIALTY POWDERCOATING PTY LTD,SPECIALTY POWDERCOATING PTY LTD,VIC,MANUFACTURING
AU18060901,SPECIALTY POWDERCOATING PTY LTD,SPECIALTY POWDERCOATING PTY LTD,VIC,MANUFACTURING
NCI4599S,SPECTRUM FLOORS (AUST) PTY LTD,SPECTRUM FLOORS (AUST) PTY LTD,SA,BUILDING / HARDWARE
467796,SPECTRUM FLOORS (AUST) PTY LTD,SPECTRUM FLOORS (AUST) PTY LTD,SA,BUILDING / HARDWARE
NCI6058V,SPEEDPANEL SYSTEMS PTY LTD,SPEEDPANEL SYSTEMS PTY LTD,VIC,ENGINEERING
TW-08044,SPINACH ADVERTISING PTY LTD,SPINACH ADVERTISING PTY LTD,VIC,ADVERTISING
P100000353,SPP FLEXIBLE PACKAGING LIMITED,SPP FLEXIBLE PACKAGING LIMITED,,MANUFACTURING
0371508.BF,SPRING CREEK VINTNERS LIMITED,SPRING CREEK VINTNERS LIMITED,,LIQUOR DISTRIBUTORS
371508.4,SPRING CREEK VINTNERS LIMITED,SPRING CREEK VINTNERS LIMITED,,LIQUOR DISTRIBUTORS
C371508Z40,SPRING CREEK VINTNERS LIMITED / CAP,SPRING CREEK VINTNERS LIMITED,,LIQUOR DISTRIBUTORS
NCI8692N,SPRING GROVE FRESH FOOD COMPANY PTY LTD,SPRING GROVE FRESH FOOD COMPANY PTY LTD,NSW,FREIGHT FORWARDERS
AU-97405,SPRING GROVE FRESH FOOD COMPANY PTY LTD,SPRING GROVE FRESH FOOD COMPANY PTY LTD,NSW,FOOD / PROVISIONS
AU-90521,SRC QUEENSLAND PTY LTD,QUEENSLAND ROAD CONSTRUCTION PTY LTD,QLD,BUILDING / HARDWARE
NZ24030600,STAFFWISE PERSONNEL LIMITED,STAFFWISE PERSONNEL LIMITED,,LABOUR HIRE
NCI8827N,"STAG ELECTRICAL, SOLAR & REFRIGERATION PTY LTD","STAG ELECTRICAL, SOLAR & REFRIGERATION PTY LTD",NSW,ELECTRICAL
AU19064000,STAGE II PTY LTD,STAGE II PTY LTD,VIC,CLOTHING / TEXTILE
NCI7036S,STAIR LOCK PTY LTD,STAIR LOCK PTY LTD,SA,MANUFACTURING
NCI5359Z,STAIRWAY SOLUTIONS LIMITED,STAIRWAY SOLUTIONS LIMITED,,BUILDING / HARDWARE
NZ16007800,STAIRWAY SOLUTIONS LIMITED,STAIRWAY SOLUTIONS LIMITED,,BUILDING / HARDWARE
AU-47697,STAPYLTON COMMERCIAL PTY LIMITED,HARVEY NORMAN COMMERCIAL GROUP,QLD,BUILDING / HARDWARE
10235,STAPYLTON COMMERCIAL PTY LIMITED,HARVEY NORMAN COMMERCIAL GROUP,QLD,BUILDING / HARDWARE
TB-05197,STAPYLTON COMMERCIAL PTY LIMITED,HARVEY NORMAN COMMERCIAL GROUP,QLD,ELECTRICAL
NCI8653Q,STAPYLTON COMMERCIAL PTY LIMITED,HARVEY NORMAN COMMERCIAL GROUP,QLD,BUILDING / HARDWARE
NCI8770Q,STAR COMMERCIAL PTY LTD,SOUTHERN STAR WINDOWS PTY. LTD.,QLD,MANUFACTURING
AU-99391,STAR COMMERCIAL PTY LTD,SOUTHERN STAR WINDOWS PTY. LTD.,QLD,BUILDING / HARDWARE
NCI7068N,STAR ELECTRICAL CO PTY LTD,STAR ELECTRICAL CO PTY LTD,NSW,ELECTRICAL
1139691,STAR ELECTRICAL CO PTY LTD,STAR ELECTRICAL CO PTY LTD,NSW,ELECTRICAL
NCI8509N,STAR STEEL STRUCTURES & FRAMES PTY LTD,STAR STEEL STRUCTURES & FRAMES PTY LTD,NSW,BUILDING / HARDWARE
AU25135500,STAR STEEL STRUCTURES & FRAMES PTY LTD,STAR STEEL STRUCTURES & FRAMES PTY LTD,NSW,BUILDING / HARDWARE
731540,STARA FOODS (UK) LTD,STARA FOODS (UK) LTD,,FOOD / PROVISIONS
NCI5870V,STARBUCK PLANT HIRE PTY LTD,STARBUCK PLANT HIRE PTY LTD,VIC,LANDSCAPING
NCI2655W,STARCLIP ENTERPRISES PTY LTD,STARCLIP ENTERPRISES PTY LTD,WA,ELECTRICAL
AU-45367,STARCLIP ENTERPRISES PTY LTD,STARCLIP ENTERPRISES PTY LTD,WA,ELECTRICAL
1347282-1,STARDOM LIMITED,STARDOM LIMITED,,BUILDING / HARDWARE
NCI7898N,STAREAST INTERNATIONAL PTY. LTD.,STAREAST INTERNATIONAL PTY. LTD.,NSW,AIRCONDITIONING
1336931,STARK BUILDING MATERIALS UK LIMITED,STARK BUILDING MATERIALS UK LIMITED,,BUILDING / HARDWARE
AU21086600,STARZEN AUSTRALIA PTY LTD,STARZEN AUSTRALIA PTY LTD,QLD,FOOD / PROVISIONS
NCI8793W,STEALTH GROUP HOLDINGS LTD,STEALTH GROUP HOLDINGS LTD,WA,RETAIL
AU25147500,STEALTH GROUP HOLDINGS LTD,STEALTH GROUP HOLDINGS LTD,WA,TELECOMMUNICATIONS
NCI8288Q,STEEL BUILD INTERNATIONAL PTY LTD,STEEL BUILD INTERNATIONAL PTY LTD,QLD,MAJOR STEEL
AU-47749,STEEL FRAME SOLUTIONS PTY LTD,STEEL FRAME SOLUTIONS PTY LTD,VIC,BUILDING / HARDWARE
1478658-1,STEEL FRAMING AND TRUSS FABRICATION COMPANY PTY LTD,STEEL FRAMING AND TRUSS FABRICATION COMPANY PTY LTD,QLD,MAJOR STEEL
AU26154000,STEEL MASTERS VICTORIA PTY LTD,STEEL MASTERS VICTORIA PTY LTD,VIC,BUILDING / HARDWARE
NZ15003100,STEEL ROLLFORMED PRODUCTS LIMITED,STEEL ROLLFORMED PRODUCTS LIMITED,,MAJOR STEEL
NCI5231W,STEELCAPE NOMINEES PTY LTD,STEELCAPE NOMINEES PTY LTD,WA,MANUFACTURING
TW-06068,STEELCAPE NOMINEES PTY LTD,STEELCAPE NOMINEES PTY LTD,WA,MANUFACTURING
AU-96406,STEELCRAFT FRAMING PTY LTD,STEELCRAFT FRAMING PTY LTD,QLD,BUILDING / HARDWARE
297992201,STEF LANGDON'S LIMITED,STEF LANGDON'S LIMITED,,FOOD / PROVISIONS
NCI8795Z,STEFANO ORLATI LIMITED,TITUS TEKFORM PTY LIMITED,NZ,BUILDING / HARDWARE
C21A8130A,STELEX ENGINEERING LIMITED,STELEX ENGINEERING LIMITED,,MAJOR STEEL
AU21085100,STELLAR RECRUITMENT PTY LTD,STELLAR RECRUITMENT PTY LTD,QLD,LABOUR HIRE
AU-97735,STEPHENS CONTAINERS PTY LTD,J.R. STEPHENS & CO. PTY. LTD.,QLD,TRANSPORT
T105338,STERLAND ROOFING & CLADDING PTY LTD,STERLAND ROOFING & CLADDING PTY LTD,NSW,MANUFACTURING
NCI6879Q,STERLING AND WILSON SOLAR AUSTRALIA PTY LTD,STERLING AND WILSON SOLAR AUSTRALIA PTY LTD,QLD,SOLAR
NCI1823V,STERLING PUMPS PTY. LTD.,STERLING PUMPS PTY. LTD.,VIC,MINING
NZ23029400,STEVE BIRD WINERY AND VINEYARDS LIMITED,STEVE BIRD WINERY AND VINEYARDS LIMITED,,LIQUOR DISTRIBUTORS
NCI5222S,STEVENS STRUCTURAL PTY LTD,STEVENS STRUCTURAL PTY LTD,SA,BUILDING / HARDWARE
645539,STEVENS STRUCTURAL PTY LTD,STEVENS STRUCTURAL PTY LTD,SA,BUILDING / HARDWARE
1361256-1,STICKS BUILDING SUPPLIES LIMITED,STICKS BUILDING SUPPLIES LIMITED,,BUILDING / HARDWARE
NCI2153V,STILCON HOLDINGS PTY LTD,STILCON HOLDINGS PTY LTD,VIC,BUILDING / HARDWARE
AU-45848,STILCON HOLDINGS PTY LTD,STILCON HOLDINGS PTY LTD,VIC,MAJOR STEEL
NCI8528V,STILCON INDUSTRIAL SERVICES PTY LTD,STILCON HOLDINGS PTY LTD,VIC,BUILDING / HARDWARE
AU-89636,STILCON INDUSTRIAL SERVICES PTY LTD,STILCON HOLDINGS PTY LTD,VIC,BUILDING / HARDWARE
NCI8791Z,STL TRADING COMPANY LIMITED,STL TRADING COMPANY LIMITED,,BUILDING / HARDWARE
NZ25034600,STL TRADING COMPANY LIMITED,STL TRADING COMPANY LIMITED,,ACCOUNTING
NCI5293V,STO AUSTRALIA PTY LTD,STO AUSTRALIA PTY LTD,VIC,BUILDING / HARDWARE
AU-66641,STO AUSTRALIA PTY LTD,STO AUSTRALIA PTY LTD,VIC,BUILDING / HARDWARE
NCI2209Q,STODDART GROUP PTY LTD,STODDART GROUP P/L,QLD,BUILDING / HARDWARE
847538,STODDART GROUP PTY LTD,STODDART GROUP P/L,QLD,BUILDING / HARDWARE
1350231-1,STONE-TECH HOLDINGS AUSTRALIA PTY LTD,STONE-TECH HOLDINGS AUSTRALIA PTY LTD,NSW,MANUFACTURING
AU-76940,STONECORP QLD PTY LTD,STONECORP QLD PTY LTD,QLD,BUILDING / HARDWARE
NZ26035400,STORETECH INDUSTRIES LIMITED,STORETECH INDUSTRIES LIMITED,,BUILDING / HARDWARE
10464,STRAMIT CORPORATION PTY LTD,STRAMIT CORPORATION PTY LTD,QLD,BUILDING / HARDWARE
NCI0842N,STRAMIT CORPORATION PTY LTD,STRAMIT CORPORATION PTY LTD,QLD,BUILDING / HARDWARE
1266981,STRAMIT CORPORATION PTY LTD,STRAMIT CORPORATION PTY LTD,QLD,BUILDING / HARDWARE
NCI8481S,STRATCO (AUSTRALIA) PTY. LIMITED,STRATCO (AUSTRALIA) PTY. LIMITED,SA,BUILDING / HARDWARE
NCI8482Z,STRATCO (N.Z.) LIMITED,STRATCO (AUSTRALIA) PTY. LIMITED,NZL,BUILDING / HARDWARE
NZ24030800,STRATFORD FURNITURE MANUFACTURING CO LIMITED,STRATFORD FURNITURE MANUFACTURING CO LIMITED,,FURNITURE / FLOORS
UA00313,STRATOSPHERE MEDIA AGENCY PTY LTD,STRATOSPHERE MEDIA AGENCY PTY LTD,VIC,ADVERTISING
AU21085200,STRAVIA PTY LTD,STRAVIA PTY LTD,QLD,AGRICULTURE
AU24125100,STREAMLINE ENERGY GROUP PTY LTD,STREAMLINE ENERGY GROUP PTY LTD,NSW,ELECTRICAL
STREAMWORK,STREAMWORKS PLUMBING & BACKFLOW PTY LTD,STREAMWORKS PLUMBING & BACKFLOW PTY LTD,QLD,PLUMBING
P120000386,STREETSPACE LIMITED,STREETSPACE LIMITED,,MISCELLANEOUS
NCI8933V,STRENGTH ENGINEERING PTY. LTD.,STRENGTH ENGINEERING PTY. LTD.,VIC,ENGINEERING
1153398,STRIDE REINFORCEMENT PTY LTD,STRIDE REINFORCEMENT PTY LTD,VIC,BUILDING / HARDWARE
NCI4513V,STRIKEFORCE AMC PTY LTD,STRIKEFORCE AMC PTY LTD,VIC,ADVERTISING
1418807-1,STRIPES ENGINEERING SERVICES PTY LTD,STRIPES ENGINEERING SERVICES PTY LTD,NSW,ENGINEERING
NCI8982W,STRUCTOOL PTY LTD,STRUCTOOL PTY LTD,WA,BUILDING / HARDWARE
1488006-1,STRUCTOOL PTY LTD,STRUCTOOL PTY LTD,WA,BUILDING / HARDWARE
1345758-1,STS SYSTEMS PTY LTD,STS SYSTEMS PTY LTD,NSW,BUILDING / HARDWARE
1013175,STUDCO AUSTRALIA PTY LTD,STUDCO AUSTRALIA PTY LTD,VIC,BUILDING / HARDWARE
AU25143100,STUDFORM PTY LTD,STUDFORM PTY LTD,SA,BUILDING / HARDWARE
NCI7912V,STUDWORKS PROFILE SYSTEMS PTY LTD,STUDWORKS PROFILE SYSTEMS PTY LTD,VIC,BUILDING / HARDWARE
TW-08731,STUDWORKS PROFILE SYSTEMS PTY LTD,STUDWORKS PROFILE SYSTEMS PTY LTD,VIC,BUILDING / HARDWARE
AU-99077,STYROPOL INDUSTRIES PTY LTD,STYROPOL INDUSTRIES PTY LTD,QLD,BUILDING / HARDWARE
291384801,SUB-ZERO WOLF EUROPE,SUB-ZERO WOLF EUROPE,,MISCELLANEOUS
NCI6728S,SUBER LEFORT GROUP PTY LIMITED,SUBER LEFORT GROUP PTY LIMITED,SA,MANUFACTURING
TW-11446,SUBLIME ALUMINIUM & GLASS PTY LIMITED,SUBLIME ALUMINIUM & GLASS PTY LIMITED,NSW,BUILDING / HARDWARE
NCI8781N,SUMITOMO (SHI) HANSEN AUSTRALIA PTY LTD,SUMITOMO (SHI) HANSEN AUSTRALIA PTY LTD,NSW,MISCELLANEOUS
AU24131700,SUMITOMO (SHI) HANSEN AUSTRALIA PTY LTD,SUMITOMO (SHI) HANSEN AUSTRALIA PTY LTD,NSW,AUTOMOTIVE
NCI8909Q,SUMMACON GROUP PTY LTD,SUMMACON GROUP PTY LTD,QLD,BUILDING / HARDWARE
NZ-51905,SUMMIT FORESTS NEW ZEALAND LIMITED,SUMMIT FORESTS NEW ZEALAND LIMITED,,TIMBER
AU25144600,SUMMIT POWER PTY LTD,SUMMIT POWER PTY LTD,NSW,ELECTRICAL
1448777-1,SUMMIT ROOFING HOLDINGS PTY LTD,SUMMIT ROOFING HOLDINGS PTY LTD,QLD,BUILDING / HARDWARE
AU-57014,SUMMIT RURAL (WA) PTY LTD,SUMMIT RURAL (WA) PTY LTD,WA,AGRICULTURE
NCI5049W,SUMMIT RURAL (WA) PTY LTD,SUMMIT RURAL (WA) PTY LTD,WA,AGRICULTURE
NCI8639V,SUMMIT SUPPLIES (AUST) PTY LTD,SUMMIT SUPPLIES (AUST) PTY LTD,VIC,BUILDING / HARDWARE
722373,SUMMIT SUPPLIES (AUST) PTY LTD,SUMMIT SUPPLIES (AUST) PTY LTD,VIC,BUILDING / HARDWARE
832775,SUNBEAM FOODS PTY LTD,SUNBEAM FOODS GROUP LIMITED,VIC,FOOD / PROVISIONS
AU25146600,SUNCLOUD ENERGY PTY LTD,SUNCLOUD ENERGY PTY LTD,VIC,SOLAR
933024,SUNCOAST GOLD MACADAMIAS (AUST) LTD,SUNCOAST GOLD MACADAMIAS (AUST) LTD,QLD,FOOD / PROVISIONS
1453209-1,SUNDAE BODY PTY LTD,SUNDAE BODY PTY LTD,VIC,RETAIL
597508,SUNGROW AUSTRALIA GROUP PTY LTD,SUNGROW AUSTRALIA GROUP PTY LTD,NSW,SOLAR
NCI8811N,SUNLINE SHUTTERS PTY LTD,SUNLINE SHUTTERS PTY LTD,NSW,BUILDING / HARDWARE
AU-100015,SUNLINE SHUTTERS PTY LTD,SUNLINE SHUTTERS PTY LTD,NSW,BUILDING / HARDWARE
NCI1629Q,SUNLINE SWITCHBOARDS PTY LTD,SUNLINE SWITCHBOARDS PTY LTD,QLD,ELECTRICAL
AU-51174,SUNLINE SWITCHBOARDS PTY. LTD.,SUNLINE SWITCHBOARDS PTY LTD,QLD,ELECTRICAL
AU-75757,SUNSET GROUP AUSTRALIA PTY LTD,SUNSET GROUP AUSTRALIA PTY LTD,NSW,EQUIPMENT HIRE
NCI5408Q,SUNSHINE HARDWARE PTY LTD,SUNSHINE HARDWARE PTY LTD,QLD,TIMBER
AU-48995,SUNSHINE HARDWARE PTY LTD,SUNSHINE HARDWARE PTY LTD,QLD,BUILDING / HARDWARE
AU-86333,SUNSTATE PETROLEUM PTY LTD,SUNSTATE PETROLEUM PTY LTD,QLD,FUEL DISTRIBUTORS
NCI8737V,SUPAPANEL AUSTRALIA PTY LTD,SUPAPANEL AUSTRALIA PTY LTD,VIC,MANUFACTURING
TW-11260,SUPAPANEL AUSTRALIA PTY LTD,SUPAPANEL AUSTRALIA PTY LTD,VIC,MANUFACTURING
1332628-1,SUPERIOR HAULAGE PTY LTD,SUPERIOR HAULAGE PTY LTD,QLD,TRANSPORT
T101592,SUPERKOTE GLASS FINISHES PTY LTD,SUPERKOTE GLASS FINISHES PTY LTD,QLD,MANUFACTURING
NCI2703Q,SUPPLY PARTNERS PTY LTD,SUPPLY PARTNERS PTY LTD,QLD,SOLAR
NCI8845Q,SUPPLYHAUS PTY LTD,ELECTRORIG RENTALS (AUSTRALIA) PTY LTD,QLD,OTHER STEEL
AU25148100,SUPPLYHAUS PTY LTD,ELECTRORIG RENTALS (AUSTRALIA) PTY LTD,QLD,BUILDING / HARDWARE
NCI0116V,SURDEX STEEL PTY. LIMITED,SOUTHERN STEEL GROUP PTY LTD,VIC,MAJOR STEEL
C190683A00,SURE PEOPLE SOLUTIONS PTY LTD / CAP (ADMINISTRATORS APPOINTED),SURE PEOPLE SOLUTIONS PTY LTD (ADMINISTRATORS APPOINTED),WA,EMPLOYMENT AGENCIES
NCI4498W,SURE PEOPLE SOLUTIONS PTY LTD (ADMINISTRATORS APPOINTED),SURE PEOPLE SOLUTIONS PTY LTD (ADMINISTRATORS APPOINTED),WA,EMPLOYMENT AGENCIES
AU19068300,SURE PEOPLE SOLUTIONS PTY LTD (ADMINISTRATORS APPOINTED),SURE PEOPLE SOLUTIONS PTY LTD (ADMINISTRATORS APPOINTED),WA,EMPLOYMENT AGENCIES
TW-00729,SURTECO AUSTRALIA PTY LIMITED,SURTECO AUSTRALIA PTY LIMITED,NSW,MANUFACTURING
NCI8577W,SVL COMMERCIAL PTY LTD,SVL COMMERCIAL PTY LTD,WA,MISCELLANEOUS
AU-96074,SVL COMMERCIAL PTY LTD,SVL COMMERCIAL PTY LTD,WA,MISCELLANEOUS
1251796,SVRI UK LIMITED,SVRI UK LIMITED,,FOOD / PROVISIONS
AU26149000,SWD AUST PTY LTD,SWD AUST PTY LTD,QLD,AUTOMOTIVE
NCI5237W,SWI (WS) PTY LTD,SWI (WS) PTY LTD,WA,MANUFACTURING
NCI7184N,SWIFTPOS GLOBAL PTY LTD,SWIFTPOS GLOBAL PTY LTD,NSW,COMPUTERS / ELECTRONICS
1286053,SWISSWERKZ (S) PTE. LTD.,SWISSWERKZ (S) PTE. LTD.,,FURNITURE / FLOORS
NCI7946V,SWITCH SUPPLY PTY LTD,SWITCH SUPPLY PTY LTD,VIC,FOOD / PROVISIONS
TW-08824,SWITCH SUPPLY PTY LTD,SWITCH SUPPLY PTY LTD,VIC,FOOD / PROVISIONS
NCI2137W,SWIVELPOLE AUSTRALIA PTY LTD,SWIVELPOLE AUSTRALIA PTY LTD,WA,ENGINEERING
AU-60109,SWIVELPOLE AUSTRALIA PTY LTD,SWIVELPOLE AUSTRALIA PTY LTD,WA,ENGINEERING
181035,SWP COMMERCIAL LIMITED,SWP COMMERCIAL LIMITED,,BUILDING / HARDWARE
AU23112800,SYDNEY AUTOMOTIVE PAINTS & EQUIPMENT PTY LTD,SYDNEY AUTOMOTIVE PAINTS & EQUIPMENT PTY LTD,NSW,MANUFACTURING
AU-57701,SYDNEY CORIAN FABRICATIONS PTY LIMITED,SYDNEY CORIAN FABRICATIONS PTY LIMITED,NSW,MANUFACTURING
T107078,SYDNEY STEEL SUPPLIES PTY LTD,SYDNEY STEEL SUPPLIES PTY LTD,NSW,BUILDING / HARDWARE
1368890-1,SYDNEY WIDE BUILDING SUPPLIES PTY LTD,SYDNEY WIDE BUILDING SUPPLIES PTY LTD,NSW,BUILDING / HARDWARE
NCI4360S,SYNACO GLOBAL RECRUITMENT PTY LTD,SYNACO GLOBAL RECRUITMENT PTY LTD,SA,LABOUR HIRE
292131,SYNACO GLOBAL RECRUITMENT PTY LTD,SYNACO GLOBAL RECRUITMENT PTY LTD,SA,LABOUR HIRE
SYNCHRONOU,SYNCHRONOUS BUILDING AUTOMATION ACT PTY LTD,SYNCHRONOUS BUILDING AUTOMATION ACT PTY LTD,ACT,BUILDING / HARDWARE
NCI8882N,SYNDICATE PLUMBING GROUP PTY LTD,SYNDICATE PLUMBING GROUP PTY LTD,ACT,PLUMBING
NCI7652Q,SYNERGY BUSINESS SYSTEMS PTY LTD,METAL MANUFACTURES PTY LIMITED,QLD,ENGINEERING
NCI8579W,SYNERGY UNDERCARRIAGE COMPONENTS PTY LTD,SYNERGY UNDERCARRIAGE COMPONENTS PTY LTD,WA,MINING
1217832,SYSCO GUEST SUPPLY EUROPE LIMITED,SYSCO GUEST SUPPLY EUROPE LIMITED,,MISCELLANEOUS
239043501,SZ&W LIMITED,SZ&W LIMITED,,WHITEGOODS / ELECTRICAL
NCI6157W,T ONE TWO THREE PTY LTD,T ONE TWO THREE PTY LTD,WA,BUILDING / HARDWARE
74601,T.D.J. AUSTRALIA PTY LTD,T.D.J. AUSTRALIA PTY LTD,VIC,ELECTRONICS
NCI7163V,T.I.G FREIGHT MANAGEMENT PTY LTD,T.I.G. FREIGHT MANAGEMENT PTY LTD,VIC,FREIGHT FORWARDERS
AU-46149,T.I.G. FREIGHT MANAGEMENT PTY LTD,T.I.G. FREIGHT MANAGEMENT PTY LTD,VIC,FREIGHT FORWARDERS
720582,TAB BATTERY UK LIMITED,TAB BATTERY UK LIMITED,,MISCELLANEOUS
NCI4596W,TACOMA GROUP PTY LTD,TACOMA GROUP PTY LTD,WA,BUILDING / HARDWARE
AU16043100,TACOMA GROUP PTY LTD,TACOMA GROUP PTY LTD,WA,BUILDING / HARDWARE
AU-90493,TAG LOGISTICS PTY LTD,TAG LOGISTICS PTY LTD,VIC,ACCOUNTING
NCI8877N,TAGCOM PTY LTD,TAGCOM PTY LTD,NSW,WHITEGOODS / ELECTRICAL
NCI8786Q,TAIPAN PTY LTD,TAIPAN PTY LTD,QLD,BUILDING / HARDWARE
854670BF,TAIT INTERNATIONAL LIMITED,TAIT INTERNATIONAL LIMITED,,MANUFACTURING
854670,TAIT INTERNATIONAL LIMITED,TAIT INTERNATIONAL LIMITED,,MANUFACTURING
AU-91630,TALENTBLUE PTY LTD,TALENTBLUE PTY LTD,VIC,LABOUR HIRE
NCI7969V,TAMA AUSTRALIA PTY LTD,TAMA AUSTRALIA PTY LTD,VIC,AGRICULTURE
NCI8326W,TAMA INNOVATIONS PTY LTD,TAMA INNOVATIONS PTY LTD,WA,EQUIPMENT HIRE
NCI8952Z,TANA NZ LIMITED,TANA NZ LIMITED,,BUILDING / HARDWARE
NCI6725S,TARAC TECHNOLOGIES PTY LTD,TARAC TECHNOLOGIES PTY LIMITED,SA,CHEMICALS
NCI8940V,TARANTINO INVESTMENTS PTY LTD,TARANTINO INVESTMENTS PTY LTD,VIC,TRANSPORT
NCI7320N,TARDIS GROUP PTY LTD,TARDIS GROUP PTY LTD,NSW,LABOUR HIRE
NCI7273Q,TAREVE PTY LTD,TAREVE PTY LTD,QLD,BUILDING / HARDWARE
1423604-1,TAREVE PTY LTD,TAREVE PTY LTD,QLD,EQUIPMENT HIRE
NCI4274S,TARMAC (S.A.) PTY LTD,TARMAC (S.A.) PTY. LTD.,SA,TIMBER
AU-50917,TARMAC (S.A.) PTY. LTD.,TARMAC (S.A.) PTY. LTD.,SA,TIMBER
1348933-1,TASC FLOORING GROUP PTY LTD,TASC FLOORING GROUP PTY LTD,NSW,BUILDING / HARDWARE
410353,TASCO INLAND AUSTRALIA PTY LTD,TASCO INLAND AUSTRALIA PTY LTD,VIC,FUEL DISTRIBUTORS
AU20081300,TASCO SALES (AUST) PTY LTD,TASCO SALES (AUST) PTY LTD,NSW,MISCELLANEOUS
NCI8949Z,TASKA PROSTHETICS LIMITED,TASKA PROSTHETICS LIMITED,,ELECTRONICS
1254395-1,TASKLAKE JOINERY PTY LTD,TASKLAKE JOINERY PTY LTD,QLD,BUILDING / HARDWARE
NCI8856T,TASMANIA HARDWARE PTY LTD,TOTAL TOOLS & HARDWARE GROUP,TAS,BUILDING / HARDWARE
TW-06624,TASMANIA HARDWARE PTY LTD,TOTAL TOOLS & HARDWARE GROUP,TAS,BUILDING / HARDWARE
NCI0905T,TASSAL OPERATIONS PTY LTD,TASSAL OPERATIONS PTY LTD,TAS,FOOD / PROVISIONS
688508,TASTY ONE PTY LTD,TASTY ONE PTY LTD,VIC,FOOD / PROVISIONS
145824,TAURANGA ITM BUILDING & FENCING SUPPLIES LIMITED,TAURANGA ITM BUILDING & FENCING SUPPLIES LIMITED,,BUILDING / HARDWARE
P120001272,TAYLOR WEST,TAYLOR WEST,,FURNITURE / FLOORS
AU24133000,TAYLORED AUTOMOTIVE SERVICES PTY LTD,TAYLORED AUTOMOTIVE SERVICES PTY LTD,QLD,AUTOMOTIVE
AU24128000,TAYLORS WINES PTY LTD,TAYLORS WINES PTY LTD,NSW,LIQUOR DISTRIBUTORS
WP56001009,TBWA MELBOURNE PTY LTD,OMNICOM,VIC,ADVERTISING
NCI7569Z,TBWA NEW ZEALAND LIMITED,OMNICOM,,ADVERTISING
WP56027003,TBWA NEW ZEALAND LIMITED,OMNICOM,,ADVERTISING
NCI3973N,TBWA SYDNEY PTY LTD,OMNICOM,NSW,ADVERTISING
WP56001008,TBWA SYDNEY PTY LTD,OMNICOM,NSW,ADVERTISING
AU-91687,TCF INTERNATIONAL PTY LTD,TCF INTERNATIONAL PTY LIMITED,NSW,FREIGHT FORWARDERS
AU22105500,TCM ELECTRONICS PTY LTD,TCM ELECTRONICS PTY LTD,SA,ELECTRONICS
TCUALNKINS,TCUA,TRADE CREDIT UNDERWRITING AGENCY PTY LTD,SA,MISCELLANEOUS
NCI2565S,TCUA CRM,TRADE CREDIT UNDERWRITING AGENCY PTY LTD,SA,MISCELLANEOUS
1346649-1,TDX PTY LTD,TDX PTY LTD,NSW,BUILDING / HARDWARE
NZ22027900,TE MATA EXPORTS 2012 LIMITED,TE MATA EXPORTS 2012 LIMITED,,AGRICULTURE
C220279Z00,TE MATA EXPORTS 2012 LIMITED / CAP,TE MATA EXPORTS 2012 LIMITED,,AGRICULTURE
NCI4408Q,TEAM TRANSPORT & LOGISTICS PTY LTD,TEAM TRANSPORT & LOGISTICS PTY LTD,QLD,TRANSPORT
TW-04683,TEAM TRANSPORT & LOGISTICS PTY LTD,TEAM TRANSPORT & LOGISTICS PTY LTD,QLD,TRANSPORT
NCI5500Z,TECHLAM LIMITED,AL & AL HAMILTON PARTNERSHIP,,MANUFACTURING
NZ18018601,TECHLAM LIMITED,AL & AL HAMILTON PARTNERSHIP,,MANUFACTURING
NCI5048N,TECHNICAL AUDIO GROUP PTY LTD,TECHNICAL AUDIO GROUP PTY LIMITED,NSW,ELECTRICAL
AU-54649,TECHNICAL AUDIO GROUP PTY LTD,TECHNICAL AUDIO GROUP PTY LIMITED,NSW,ELECTRICAL
NCI1400V,TECHNOLOGY CORE PTY LTD,TECHNOLOGY CORE PTY LTD,VIC,WHITEGOODS / ELECTRICAL
NCI7877S,TECHNOWELD PTY LTD,TECHNOWELD PTY LTD,SA,BUILDING / HARDWARE
1014695,TEE YIH JIA FOOD MANUFACTURING PTE LTD,TEE YIH JIA FOOD MANUFACTURING PTE LTD,,FOOD / PROVISIONS
NCI8293V,TEFCO DISTRIBUTORS TASMANIA PTY LTD,TEFCO DISTRIBUTORS TASMANIA PTY LTD,TAS,PLUMBING
AU24127600,TEFCO DISTRIBUTORS TASMANIA PTY LTD,TEFCO DISTRIBUTORS TASMANIA PTY LTD,TAS,MANUFACTURING
NCI7949N,TEKOI CONSULTING PTY LTD,TEKOI CONSULTING PTY LTD,NSW,COMPUTERS / ELECTRONICS
AU-89264,TEKOI CONSULTING PTY LTD,TEKOI CONSULTING PTY LTD,NSW,COMPUTERS / ELECTRONICS
TW-08671,TELTONIKA AUSTRALIA PTY LTD,TELTONIKA AUSTRALIA PTY LTD,NSW,ELECTRONICS
7120036007,TELTONIKA JAPAN G.K.,TELTONIKA JAPAN G.K.,,ELECTRONICS
24AKL/1840,TELTONIKA MALAYSIA SDN. BHD.,TELTONIKA AUSTRALIA PTY LTD,,MISCELLANEOUS
947619,TENITE PTY LTD,TENITE PTY LTD,NSW,LANDSCAPING
288059101,TENSTEP LIMITED,TENSTEP LIMITED,,ELECTRICAL
SG16021700,TEO GARMENTS CORPORATION PTE LTD,TEO GARMENTS CORPORATION PTE LTD,,CLOTHING / TEXTILE
NCI7854V,TERRA- MATER FLOORS PTY LTD,TERRA- MATER FLOORS PTY LTD,VIC,BUILDING / HARDWARE
AU15019000,TERRACE TIMBER TRUSSES PTY LTD,TERRACE TIMBER TRUSSES PTY LTD,NSW,TIMBER
1296356,TERRADACE HOLDINGS LIMITED,TERRADACE HOLDINGS LIMITED,,FOOD / PROVISIONS
SG23078200,TERRAPOLIS GLOBAL PTE LTD,TERRAPOLIS GLOBAL PTE LTD,,MISCELLANEOUS
1390003-1,TESKO FIRE PROTECTION PTY LTD,TESKO FIRE PROTECTION PTY LTD,VIC,BUILDING / HARDWARE
P120000686,TGS (UK) LTD,TGS (UK) LTD,,AUTOMOTIVE
NCI5168N,THE ALMAR GROUP PTY LTD,THE ALMAR GROUP PTY LTD,NSW,BUILDING / HARDWARE
AU15036300,THE ALMAR GROUP PTY LTD,THE ALMAR GROUP PTY LTD,NSW,BUILDING / HARDWARE
NCI7799V,THE AMAZING BABY COMPANY PTY LTD,THE AMAZING BABY COMPANY PTY LTD,VIC,MANUFACTURING
606914,THE BRAND AGENCY PTY LTD,W P P / GROUPM,WA,ADVERTISING
AU26153600,THE COFFEE COMMUNE PTY LTD,THE COFFEE COMMUNE PTY LTD,QLD,FOOD / PROVISIONS
NCI7245V,THE COUTA GROUP PTY LIMITED,METAL MANUFACTURES PTY LIMITED,VIC,MANUFACTURING
NCI2213Q,THE DANEBRITT GROUP PTY. LTD.,THE DANEBRITT GROUP PTY. LTD.,QLD,BUILDING / HARDWARE
NCI8002N,THE DISTRIBUTION AND LOGISTICS COMPANY PTY LIMITED,THE DISTRIBUTION AND LOGISTICS COMPANY PTY LIMITED,NSW,TRANSPORT
NCI2961W,THE DOBBIE DICO METER COMPANY (WA) PTY LTD,THE DOBBIE DICO METER COMPANY (WA) PTY LTD,WA,MANUFACTURING
AU-46025,THE DOBBIE DICO METER COMPANY (WA) PTY LTD,THE DOBBIE DICO METER COMPANY (WA) PTY LTD,WA,MANUFACTURING
NCI8674Q,THE ENERGY NETWORK (AUSTRALIA) PTY. LTD.,THE ENERGY NETWORK (AUSTRALIA) PTY. LTD.,QLD,EQUIPMENT HIRE
AU25142500,THE ENERGY NETWORK (AUSTRALIA) PTY. LTD.,THE ENERGY NETWORK (AUSTRALIA) PTY. LTD.,QLD,EQUIPMENT HIRE
AU-89502,THE ENGAGEMENT WARD PTY LTD,THE ENGAGEMENT WARD PTY LTD,NSW,ADVERTISING
NZ18018100,THE FIREPLACE LIMITED,THE FIREPLACE LIMITED,,ELECTRICAL
NCI7952Z,THE FLOORING CENTRE LIMITED,THE FLOORING CENTRE LTD,,CARPETS
NZ21027400,THE FLOORING CENTRE LTD,THE FLOORING CENTRE LTD,,FURNITURE / FLOORS
NCITHEGOOD,THE GOOD GUYS DISCOUNT WAREHOUSES (AUSTRALIA) PTY LTD,JB HI-FI GROUP PTY LTD,VIC,ELECTRONICS
AU-46104,THE GOOD GUYS DISCOUNT WAREHOUSES (AUSTRALIA) PTY LTD,JB HI-FI GROUP PTY LTD,VIC,MISCELLANEOUS
NCI8731V,THE GOOD GUYS DISCOUNT WAREHOUSES (AUSTRALIA) PTY LTD,JB HI-FI GROUP PTY LTD,VIC,ELECTRONICS
NCI6983N,THE HEALTH INGREDIENTS CO. PTY LTD,THE HEALTH INGREDIENTS CO. PTY LTD,NSW,FOOD / PROVISIONS
AU-100191,THE HEALTH INGREDIENTS CO. PTY LTD,THE HEALTH INGREDIENTS CO. PTY LTD,NSW,FOOD / PROVISIONS
NCI8742N,THE IT AGENCY PTY LTD,THE IT AGENCY PTY LTD,NSW,COMPUTERS / ELECTRONICS
UA00153,THE JOINERY SHOP (SA) PTY LTD,THE JOINERY SHOP (SA) PTY LTD,SA,BUILDING / HARDWARE
NCI8959N,THE JOY AGENCY PTY LTD,THE JOY AGENCY PTY LTD,NSW,
AU-52082,THE JOY AGENCY PTY LTD,THE JOY AGENCY PTY LTD,NSW,ADVERTISING
NCI8584N,THE KITCHENARY PTY LTD,THE KITCHENARY PTY LTD,NSW,MISCELLANEOUS
WP56027022,THE LOOM LIMITED,OMNICOM,NZ,ADVERTISING
NCI7143V,THE LXANDA GROUP PTY LTD,THE LXANDA GROUP PTY LTD,VIC,FREIGHT FORWARDERS
TW-09967,THE LXANDA GROUP PTY LTD,THE LXANDA GROUP PTY LTD,VIC,FOOD / PROVISIONS
AU22096400,THE MEDIA PLANNING AGENCY PTY LTD,THE MEDIA PLANNING AGENCY PTY LTD,NSW,ADVERTISING
NCI8188N,THE METAL SHOP PTY LTD,THE METAL SHOP PTY LTD,ACT,OTHER STEEL
628654,THE NAIROBI COFFEE & TEA CO LIMITED,THE NAIROBI COFFEE & TEA CO LIMITED,,FOOD / PROVISIONS
814734,THE NEW ZEALAND BLACKCURRANT CO-OPERATIVE LIMITED,THE NEW ZEALAND BLACKCURRANT CO-OPERATIVE LIMITED,,EXPORT
1269344,THE RED AGENCY PTY LTD,HAVAS WORLDWIDE AUSTRALIA PTY LTD,NSW,ADVERTISING
NCI1714V,THE ROOFING CENTRE (TASMANIA) PTY LTD,BLUESCOPE STEEL LTD,TAS,MAJOR STEEL
1014412,THE ROOFING CENTRE ALBURY/WODONGA PTY LTD,THE ROOFING CENTRE ALBURY/WODONGA PTY LTD,NSW,BUILDING / HARDWARE
NCI5849W,THE SEEDLING FACTORY PTY LTD,THE SEEDLING FACTORY PTY LTD,WA,AGRICULTURE
921525,THE SILVER CRANE COMPANY LIMITED,THE SILVER CRANE COMPANY LIMITED,,FOOD / PROVISIONS
BE-93279,THE SUMMER BERRY COMPANY PORTUGAL S.A,THE SUMMER BERRY COMPANY PORTUGAL S.A,,FOOD / PROVISIONS
GB-92274,THE SUMMER BERRY COMPANY UK,THE SUMMER BERRY COMPANY UK,,FOOD / PROVISIONS
808861,THE TASMAN TANNING COMPANY LTD,TASMAN TANNING COMPANY LTD,,CLOTHING / TEXTILE
1208734,THE TRUE HONEY CO LIMITED,THE TRUE HONEY CO LIMITED,,FOOD / PROVISIONS
AU25143500,THE TRUSTEE FOR THE CARRARA PHARMACY TRUST & THE TRUSTEE FOR THE G,WELLPHARM PTY LTD AND MATTHEW BELLGROVE PHARMACY PTY LTD,QLD,MISCELLANEOUS
AU25143400,THE TRUSTEE FOR THE LENFERNA FAMILY TRUST,IAN HENRI LENFERNA,NSW,EQUIPMENT HIRE
NCI8708N,THE WATERPROOFING SHOP PTY LTD,THE WATERPROOFING SHOP PTY LTD,NSW,RETAIL
1426862-1,THE WATERPROOFING SHOP PTY LTD,THE WATERPROOFING SHOP PTY LTD,NSW,RETAIL
NCI8190S,THE ZANARDO GROUP PTY LTD,THE ZANARDO GROUP PTY LTD,SA,OTHER STEEL
NCI4222N,THERMAL PANEL SOLUTIONS PTY LIMITED,THERMAL PANEL SOLUTIONS PTY LIMITED,NSW,MANUFACTURING
AU21089600,THERMALTAKE AUSTRALIA & NEW ZEALAND PTY LTD,THERMALTAKE AUSTRALIA & NEW ZEALAND PTY LTD,VIC,WHITEGOODS / ELECTRICAL
P110014125,THERMOGROUP LTD,THERMOGROUP LTD,,ELECTRICAL
AU22101500,THINKERBELL PTY LTD,THINKERBELL PTY LTD,VIC,ENTERTAINMENT
844818,THINKING ERGONOMIX PTY LTD,THINKING ERGONOMIX PTY LTD,NSW,MANUFACTURING
AU25135400,THISTLEDOWN WINE COMPANY PTY LTD,THISTLEDOWN WINE COMPANY PTY LTD,SA,LIQUOR DISTRIBUTORS
NCI7059W,THOMAS BUILDING PTY LTD,THOMAS BUILDING PTY LTD,WA,BUILDING / HARDWARE
W042300001,THOMAS FOODS INTERNATIONAL PTY LTD,THOMAS FOODS INTERNATIONAL PTY LTD,SA,FOOD / PROVISIONS
P1001033,THOMAS FOODS INTERNATIONAL USA,THOMAS FOODS INTERNATIONAL PTY LTD,,FREIGHT FORWARDERS
13258891,THOMAS FOODS INTERNATIONAL USA,THOMAS FOODS INTERNATIONAL PTY LTD,,FOOD / PROVISIONS
W042300002,"THOMAS FOODS INTERNATIONAL, CANADA LTD.",THOMAS FOODS INTERNATIONAL PTY LTD,,FREIGHT FORWARDERS
NCI8606Z,THOMPSON SPENCER GROUP LIMITED,THOMPSON SPENCER GROUP LIMITED,,ADVERTISING
P110014572,THORNICROFTS LIMITED,THORNICROFTS LIMITED,,FOOD / PROVISIONS
841276,TIERNEY CRUSHING & TRANSPORT PTY LTD,TIERNEY CRUSHING & TRANSPORT PTY LTD,QLD,TRANSPORT
189345301,TILDA LIMITED,TILDA LIMITED,,FOOD / PROVISIONS
NCI8346S,TIM ADAMS WINES PTY. LTD.,TIM ADAMS WINES PTY. LTD.,SA,LIQUOR DISTRIBUTORS
AU24128400,TIM ADAMS WINES PTY. LTD.,TIM ADAMS WINES PTY. LTD.,SA,LIQUOR DISTRIBUTORS
AU-84063,TIM DAVIES LANDSCAPING PTY LTD,TIM DAVIES LANDSCAPING PTY LTD,WA,LANDSCAPING
NCI5016N,TIM FINANCE PTY LTD,TIM FINANCE PTY LTD,NSW,FINANCE
AU22099500,TIM FINANCE PTY LTD (DEBTOR FINANCE),TIM FINANCE PTY LTD,NSW,FINANCE
TW-02251,TIMBERTEN PTY LTD,TOTAL TOOLS & HARDWARE GROUP,VIC,BUILDING / HARDWARE
AU21087600,TIMOTHY COSTELLO ATF JCOCO FAMILY TRUST,TIMOTHY COSTELLO,NSW,ADVERTISING
1000457,TINTOP PLUMBING PTY LTD,TINTOP PLUMBING PTY LTD,VIC,BUILDING / HARDWARE
NCI5866Q,TIP TRUCK SOLUTIONS PTY LTD,TIP TRUCK SOLUTIONS PTY LTD,QLD,EQUIPMENT HIRE
1004511,TIP TRUCK SOLUTIONS PTY LTD,TIP TRUCK SOLUTIONS PTY LTD,QLD,EQUIPMENT HIRE
P100000090,TISSINO LTD,TISSINO LTD,,MISCELLANEOUS
AU-72909,TITAN (NSW) PTY LIMITED & FGK PTY LTD & LESVOS PTY LTD,TITAN (NSW) PTY LIMITED & FGK PTY LTD & LESVOS PTY LTD,NSW,FOOD / PROVISIONS
AU25139400,TITAN CIVIL & EARTHMOVING PTY LTD,TITAN CIVIL & EARTHMOVING PTY LTD,QLD,BUILDING / HARDWARE
AU-100338,TITAN CONCRETE CUTTING PTY LTD,TITAN CONCRETE CUTTING PTY LTD,QLD,BUILDING / HARDWARE
AU-71608,TITAN CONTRACTORS PTY. LIMITED,TITAN CONTRACTORS PTY. LIMITED,NSW,BUILDING / HARDWARE
682744,TITAN IND PTY LTD,TITAN IND PTY LTD,QLD,LABOUR HIRE
NCI8694N,TITUS TEKFORM PTY LIMITED,TITUS TEKFORM PTY LIMITED,NSW,BUILDING / HARDWARE
AU-97998,TITUS TEKFORM PTY LIMITED,TITUS TEKFORM PTY LIMITED,NSW,BUILDING / HARDWARE
1004937,TK CHEMICALS PTY LTD,TK CHEMICALS PTY LTD,NSW,PLASTICS
1265422-1,TODAY MEDIA PTY LTD,TODAY MEDIA PTY LTD,VIC,ADVERTISING
NZ18017300,TOGETHER COMMUNICATIONS LIMITED,TOGETHER COMMUNICATIONS LIMITED,,ADVERTISING
NCI8713N,TOILET PARTITION INDUSTRIES PTY. LTD.,TOILET PARTITION INDUSTRIES PTY. LTD.,NSW,MISCELLANEOUS
AU-47144,TOILET PARTITION INDUSTRIES PTY. LTD.,TOILET PARTITION INDUSTRIES PTY. LTD.,NSW,BUILDING / HARDWARE
NCITOMSTRA,TOM'S TRAILER HIRE PTY LTD,CREDENTIAL,,
NCI4129V,TOMORROW AGENCY PTY LTD,TOMORROW AGENCY PTY LTD,VIC,ADVERTISING
865558,TOMORROW AGENCY PTY LTD,TOMORROW AGENCY PTY LTD,VIC,ADVERTISING
SR100156,TOOEZY PLASTERING PTY LTD,TOOEZY PLASTERING PTY LTD,QLD,BUILDING / HARDWARE
NCI6096Q,TOOEZY PLASTERING PTY LTD,TOOEZY PLASTERING PTY LTD,QLD,BUILDING / HARDWARE
AU-97539,TOOEZY PLASTERING PTY LTD,TOOEZY PLASTERING PTY LTD,QLD,BUILDING / HARDWARE
NCI6165Q,TOP GUN PROJECT SERVICES PTY LTD,TOP GUN PROJECT SERVICES PTY LTD,QLD,BUILDING / HARDWARE
1062780,TOP GUN PROJECT SERVICES PTY LTD,TOP GUN PROJECT SERVICES PTY LTD,QLD,BUILDING / HARDWARE
NCI7987V,TOP UP LABOUR HIRE PTY LTD,TOP UP LABOUR HIRE PTY LTD,VIC,LABOUR HIRE
AU-99357,TOP UP LABOUR HIRE PTY LTD,TOP UP LABOUR HIRE PTY LTD,VIC,LABOUR HIRE
NCIDTTOPUP,TOP UP LIMITS,NCI COVERGAP/DEBTOR TRACK,,
NCITOPUP,TOP UP MONITOR,EQUINOX TOP UP COVER,SA,
NCI2524Q,TOPTYRES AUSTRALIA PTY LTD,TOPTYRES AUSTRALIA PTY LTD,QLD,VEHICLE / TYRES
350957,TOPTYRES AUSTRALIA PTY LTD,TOPTYRES AUSTRALIA PTY LTD,QLD,VEHICLE / TYRES
TW-04553,TORQUE ENTERPRISES PTY LTD,TORQUE ENTERPRISES PTY LTD,QLD,ENGINEERING
NCI7201S,TOTAL BUILDING SYSTEMS PTY LTD,TOTAL BUILDING SYSTEMS PTY LTD,SA,BUILDING / HARDWARE
NCI8967N,TOTAL CONCRETE SOLUTIONS PTY LTD & SOUTH COAST BASALT PTY LTD,TOTAL CONCRETE SOLUTIONS PTY LTD & SOUTH COAST BASALT PTY LTD,NSW,
TW-11274,TOTAL CONCRETE SOLUTIONS PTY LTD & SOUTH COAST BASALT PTY LTD,TOTAL CONCRETE SOLUTIONS PTY LTD & SOUTH COAST BASALT PTY LTD,NSW,BUILDING / HARDWARE
NCI6249V,TOTAL TOOLS COMMERCIAL PTY LTD,TOTAL TOOLS COMMERCIAL PTY LTD,VIC,BUILDING / HARDWARE
635816,TOTAL TOOLS COMMERCIAL PTY LTD,TOTAL TOOLS COMMERCIAL PTY LTD,VIC,BUILDING / HARDWARE
455814,TOTALENERGIES MARKETING AUSTRALIA PTY LTD,TOTALENERGIES MARKETING AUSTRALIA PTY LTD,VIC,AUTOMOTIVE
559526,TOWERS THOMPSON HOLDINGS LTD,TOWERS THOMPSON HOLDINGS LTD,,MISCELLANEOUS
NCI6245N,TOYO TYRE AUSTRALIA PTY LTD,TOYO TYRE AUSTRALIA PTY LTD,NSW,VEHICLE / TYRES
AU-48687,TOYO TYRE AUSTRALIA PTY LTD,TOYO TYRE AUSTRALIA PTY LTD,NSW,VEHICLE / TYRES
NCI8920N,TP-LINK AUSTRALIA PTY LTD,TP-LINK AUSTRALIA PTY LTD,NSW,MISCELLANEOUS
NCI8017Q,TRADE IMPORT SERVICES PTY LTD,TRADE IMPORT SERVICES PTY LTD,QLD,CLOTHING / TEXTILE
1350039-1,TRADE IMPORT SERVICES PTY LTD,TRADE IMPORT SERVICES PTY LTD,QLD,CLOTHING / TEXTILE
NCI8705V,TRADEFLOR PTY LTD,TRADEFLOR PTY LTD,VIC,MISCELLANEOUS
NCI8711Z,TRADELANDS LIMITED,TRADELANDS LIMITED,,BUILDING / HARDWARE
NZ25033700,TRADELANDS LIMITED,TRADELANDS LIMITED,,BUILDING / HARDWARE
NCI5308Q,TRADEZONE PTY LTD,ALL INTERACTIVE DISTRIBUTION PTY LTD,QLD,ELECTRICAL
NCI8743N,TRADIES ONLY PTY LTD,TRADIES ONLY PTY LTD,NSW,BUILDING / HARDWARE
1437406-1,TRADIES ONLY PTY LTD,TRADIES ONLY PTY LTD,NSW,BUILDING / HARDWARE
NZ-93114,TRAFALGAR FIRE LIMITED,TRAFALGAR FIRE LIMITED,NZ,MANUFACTURING
NCI7096N,TRAFALGAR GROUP PTY LTD,TRAFALGAR GROUP PTY LTD,NSW,MANUFACTURING
AU-58915,TRAFALGAR GROUP PTY LTD,TRAFALGAR GROUP PTY LTD,NSW,MANUFACTURING
NCI7014Q,TRAFFEX AUSTRALIA PTY LTD,CIVFORCE TRAFFIC MANAGEMENT PTY LTD,QLD,TRANSPORT
640098,TRAFFEX AUSTRALIA PTY LTD,CIVFORCE TRAFFIC MANAGEMENT PTY LTD,QLD,TRANSPORT
NCI4306Q,TRAFQUIP PTY LTD,CIVFORCE TRAFFIC MANAGEMENT PTY LTD,QLD,TRANSPORT
640094,TRAFQUIP PTY LTD,CIVFORCE TRAFFIC MANAGEMENT PTY LTD,QLD,TRANSPORT
NCI5830Z,TRAILEQUIP LIMITED,TRAILEQUIP LIMITED,,AUTOMOTIVE
718105,TRAILEQUIP LIMITED,TRAILEQUIP LIMITED,,MANUFACTURING
NCI8905Q,TRAINHQ PTY LTD,TRAINHQ PTY LTD,QLD,LABOUR HIRE
24AKL/1458,TRANS ELEVATOR (M) SDN BHD,TRANS ELEVATOR (M) SDN BHD,,MANUFACTURING
NCI1175V,TRANSCRETE AUST PTY LTD,TRANSCRETE AUST PTY LTD,VIC,BUILDING / HARDWARE
NCI8437N,TRAVEL AMBITIONS PTY LTD (1000 MILE TRAVEL GROUP),1000 MILE TRAVEL GROUP PTY LTD,NSW,MISCELLANEOUS
NCI8425N,TRAVEL BY SAVILL PTY LTD (1000 MILE TRAVEL GROUP),1000 MILE TRAVEL GROUP PTY LTD,NSW,MISCELLANEOUS
HOTSAFI-BF,TRAVELMANAGERS AUSTRALIA P/L (SCHEDULED AIRLINE FAILURE INSURANCE),TRAVELMANAGERS AUSTRALIA PTY LTD,,HOSPITALITY
HOTESFI-BF,TRAVELMANAGERS AUSTRALIA PTY LTD (END SUPPLIER FINANCIAL FAILURE),TRAVELMANAGERS AUSTRALIA PTY LTD,,HOSPITALITY
NCI8442W,TRAVEZY PTY LTD (1000 MILE TRAVEL GROUP),1000 MILE TRAVEL GROUP PTY LTD,WA,MISCELLANEOUS
NCI5470Z,TRENDS KITCHENS LIMITED,TRENDS KITCHENS LIMITED,,BUILDING / HARDWARE
NZ-48525,TRENDS KITCHENS LIMITED,TRENDS KITCHENS LIMITED,,BUILDING / HARDWARE
NCI5837V,TRENERRY PLASTERING PTY LTD,TRENERRY PLASTERING PTY LTD,VIC,FOOD / PROVISIONS
NCI8459N,TRENT PROJECTS PTY LTD (1000 MILE TRAVEL GROUP),1000 MILE TRAVEL GROUP PTY LTD,NSW,MISCELLANEOUS
NCI6208W,TREVOR'S (1977) PTY LTD,TREVOR'S (1977) PTY LTD,WA,CARPETS
522375,TRIANGLE LOGISTICS MANAGEMENT PTY LTD,TRIANGLE LOGISTICS MANAGEMENT PTY LTD,NSW,FREIGHT FORWARDERS
AU25147400,TRIDENT LOGISTICS GROUP PTY LTD,TRIDENT LOGISTICS GROUP PTY LTD,NSW,MISCELLANEOUS
NCI7535V,TRIFINX (AU) PTY LTD,TRIFINX (AU) PTY LTD,VIC,ELECTRONICS
256720601,TRIMLINE,TRIMLINE,,BUILDING / HARDWARE
NCI8681W,TRINOX ALLIANCE PTY LTD,WARBROOK ENTERPRISES PTY LTD,WA,BUILDING / HARDWARE
484704,TRIVANTAGE GROUP PTY LTD,TRIVANTAGE GROUP PTY LTD,VIC,ENGINEERING
NCI7211V,TRIVANTAGE GROUP PTY LTD,TRIVANTAGE GROUP PTY LTD,VIC,ENGINEERING
NCI7568Z,TRKKN NEW ZEALAND LIMITED,OMNICOM,,ADVERTISING
WP56027019,TRKKN NEW ZEALAND LIMITED,OMNICOM,,ADVERTISING
NCI4588Q,TRO PACIFIC HOLDINGS PTY LTD,TRO PACIFIC HOLDINGS PTY LTD,QLD,ELECTRICAL
AU16045700,TRO PACIFIC HOLDINGS PTY LTD,TRO PACIFIC HOLDINGS PTY LTD,QLD,ELECTRICAL
NCI1678Q,TROJAN (QLD) PTY LTD,TROJAN (QLD) PTY LTD,QLD,LANDSCAPING
P110014831,TROVEX LIMITED,TROVEX LIMITED,,MISCELLANEOUS
284444901,TRS WHOLESALE LIMITED,TRS WHOLESALE LIMITED,,FOOD / PROVISIONS
NZ26035300,TRU GROUP LIMITED,TRU GROUP LIMITED,,MISCELLANEOUS
AU24127400,TRU-STRUCT STRUCTURAL SOLUTIONS PTY LTD,TRU-STRUCT STRUCTURAL SOLUTIONS PTY LTD,WA,BUILDING / HARDWARE
621751,TRUCK LOAD AUSTRALIA PTY LTD,TRUCK LOAD AUSTRALIA PTY LTD,VIC,FREIGHT FORWARDERS
NCI5226N,TRUE BLUE SOLUTIONS TRADING PTY. LTD.,TRUE BLUE SOLUTIONS TRADING PTY. LTD.,NSW,TIMBER
AU-65697,TRUE BLUE SOLUTIONS TRADING PTY. LTD.,TRUE BLUE SOLUTIONS TRADING PTY. LTD.,NSW,MISCELLANEOUS
NCI8980N,TRUE BLUE STEEL FRAMES PTY LTD,TRUE BLUE STEEL FRAMES PTY LTD,NSW,MISCELLANEOUS
NCI7700N,TRUE FLOORS PTY LTD,TRUE FLOORS PTY LTD,NSW,FURNITURE / FLOORS
AU-76605,TRUE STEEL FRAMES PTY LTD,TRUE STEEL FRAMES PTY LTD,SA,OTHER STEEL
NCI8810Q,TRUMP STEEL PTY LTD,TRUMP STEEL PTY LTD,QLD,MAJOR STEEL
NCI2164Q,TRUSSCORP PTY LTD,TRUSSCORP PTY LTD,QLD,BUILDING / HARDWARE
310303,TRUSSCORP PTY LTD,TRUSSCORP PTY LTD,QLD,BUILDING / HARDWARE
1476628-1,TRUSSMASTER (QLD) PTY LTD,TRUSSMASTER (QLD) PTY LTD,QLD,BUILDING / HARDWARE
NCI2444Q,TRUSSMASTER (QLD) PTY. LTD.,TRUSSMASTER (QLD) PTY LTD,QLD,TIMBER
NCI8178N,TS GLOBAL PTY LIMITED,TS GLOBAL PTY LIMITED,NSW,MINING
1327863-1,TS GLOBAL PTY LIMITED,TS GLOBAL PTY LIMITED,NSW,BUILDING / HARDWARE
AU-81574,TSS GRAIN PTY LTD,TSS GRAIN PTY LTD,TAS,AGRICULTURE
NZ22028500,TSS WORKFORCE LIMITED,TSS WORKFORCE LIMITED,,EMPLOYMENT AGENCIES
NCI6101W,TSURUMI AUSTRALIA PTY LTD,TSURUMI AUSTRALIA PTY LTD,WA,PLUMBING
NCI8434N,TT TRAVEL PTY LTD (1000 MILE TRAVEL GROUP),1000 MILE TRAVEL GROUP PTY LTD,NSW,MISCELLANEOUS
NZ22027700,TTRS 2022 LIMITED,TTRS 2022 LIMITED,,BUILDING / HARDWARE
NCI5362Q,TUFF AUSTRALIA PTY LTD,TUFF AUSTRALIA PTY LTD,QLD,BUILDING / HARDWARE
AU19064700,TUFF AUSTRALIA PTY LTD,TUFF AUSTRALIA PTY LTD,QLD,MANUFACTURING
NCI4650V,TUFF STUFF AUSTRALIA PTY LTD,TUFF STUFF AUSTRALIA PTY LTD,VIC,BUILDING / HARDWARE
AU19062400,TUFF STUFF AUSTRALIA PTY LTD,TUFF STUFF AUSTRALIA PTY LTD,VIC,BUILDING / HARDWARE
NCI1407W,TULLYRONE PTY LTD,TULLYRONE PTY LTD,WA,OTHER STEEL
AU-47078,TULLYRONE PTY LTD,TULLYRONE PTY LTD,WA,OTHER STEEL
AU24125700,TURKEY FLAT VINEYARDS PTY LTD,TURKEY FLAT VINEYARDS PTY LTD,SA,LIQUOR DISTRIBUTORS
NCI0685W,TURNER ENGINEERING W.A. PTY LTD,BEIJER REF HOLDINGS AUSTRALIA PTY LTD,WA,ENGINEERING
AU-45172,TURNER ENGINEERING WA PTY LTD,BEIJER REF HOLDINGS AUSTRALIA PTY LTD,WA,AIRCONDITIONING
AU25141300,TUSCANY HILLS PTY LTD,TUSCANY HILLS PTY LTD,SA,LIQUOR DISTRIBUTORS
NCI5158Q,TWIN DISC (PACIFIC) PTY. LTD.,TWIN DISC (PACIFIC) PTY LTD,QLD,WHITEGOODS / ELECTRICAL
AU23105800,TWIN DISC (PACIFIC) PTY. LTD.,TWIN DISC (PACIFIC) PTY LTD,QLD,WHITEGOODS / ELECTRICAL
NCI8657N,TWIN STAR AUSTRALASIA PTY LTD,TWIN STAR AUSTRALASIA PTY LTD,NSW,CHEMICALS
AU25142200,TWIN STAR AUSTRALASIA PTY LTD,TWIN STAR AUSTRALASIA PTY LTD,NSW,CHEMICALS
C24A2830A,TWO COUNTIES FOODS LIMITED,TWO COUNTIES FOODS LIMITED,,FOOD / PROVISIONS
NCI8820N,TWO EIGHTS (AUSTRALIA) PTY LTD,TWO EIGHTS (AUSTRALIA) PTY LTD,NSW,LIQUOR DISTRIBUTORS
737164,TWO EIGHTS (AUSTRALIA) PTY LTD,TWO EIGHTS (AUSTRALIA) PTY LTD,NSW,LIQUOR DISTRIBUTORS
AU22103600,TWO HANDS WINES PTY LTD,TWO HANDS WINES PTY LTD,SA,LIQUOR DISTRIBUTORS
NCI8330Z,TWO RIVERS MARLBOROUGH LIMITED,TWO RIVERS MARLBOROUGH LIMITED,,LIQUOR DISTRIBUTORS
NZ24031400,TWO RIVERS MARLBOROUGH LIMITED,TWO RIVERS MARLBOROUGH LIMITED,,LIQUOR DISTRIBUTORS
0457226.BF,TWV LIMITED,TWV LIMITED,,LIQUOR DISTRIBUTORS
457226,TWV LIMITED,TWV LIMITED,,LIQUOR DISTRIBUTORS
C457226Z00,TWV LIMITED / CAP,TWV LIMITED,,LIQUOR DISTRIBUTORS
NCI7670Q,TYRE NETWORK GROUP PTY LTD,TYRE NETWORK GROUP PTY LTD,QLD,AUTOMOTIVE
NCI2569Q,TYRE NETWORK PTY LTD,TYRE NETWORK PTY LTD,VIC,VEHICLE / TYRES
NZ21027200,TYREMAX LIMITED PARTNERSHIP,TYREMAX LIMITED PARTNERSHIP,,AUTOMOTIVE
NCI6140V,TYREMAX PTY LTD,TYREMAX PTY LTD,VIC,VEHICLE / TYRES
AU20073100,TYREMAX PTY LTD,TYREMAX PTY LTD,VIC,VEHICLE / TYRES
1212056,TYREPOINT TRADING AUSTRALIA PTY LTD,TYREPOINT TRADING AUSTRALIA PTY LTD,QLD,VEHICLE / TYRES
NZ-47801,TYREPOWER NEW ZEALAND (2000) LIMITED,TYREPOWER NEW ZEALAND (2000) LIMITED,,VEHICLE / TYRES
CN22167900,TYSON EAST CHINA FOOD DEVELOPMENT CO. LTD,TYSON EAST CHINA FOOD DEVELOPMENT CO. LTD,,FOOD / PROVISIONS
NCI7806N,U-POL AUSTRALIA PTY LTD,U-POL AUSTRALIA PTY LTD,NSW,AUTOMOTIVE
NCI7237V,UDC TRADING PTY LTD,RIDDOCH TRADING PTY LTD,VIC,FOOD / PROVISIONS
TW-06625,UDC TRADING PTY LTD,RIDDOCH TRADING PTY LTD,VIC,FOOD / PROVISIONS
W020300008,UK FUELS LTD,UK FUELS LTD,,FUEL DISTRIBUTORS
NCI5786Z,ULTI GROUP LTD,ULTI GROUP LTD,,BUILDING / HARDWARE
NZ19020800,ULTI GROUP LTD,ULTI GROUP LTD,,MANUFACTURING
NCI8990Z,ULTIMATE SOLUTIONS (NZ) LIMITED,ULTIMATE SOLUTIONS (NZ) LIMITED,NZ,BUILDING / HARDWARE
NZ-101999,ULTIMATE SOLUTIONS (NZ) LIMITED,ULTIMATE SOLUTIONS (NZ) LIMITED,NZ,BUILDING / HARDWARE
NCI8955V,ULTIMATE TRAVEL AGENT PTY LTD (1000 MILE TRAVEL GROUP PTY LTD),1000 MILE TRAVEL GROUP PTY LTD,VIC,MISCELLANEOUS
AU-91297,ULTIMATE TYRE SERVICES PTY LTD,ULTIMATE TYRE SERVICES PTY LTD,QLD,VEHICLE / TYRES
1109494,UMIOS FOOD UK LIMITED,UMIOS FOOD UK LIMITED,,
NCI5439Z,UNEX SYSTEMS (NZ) LIMITED,UNEX SYSTEMS (NZ) LIMITED,,BUILDING / HARDWARE
NZ16008800,UNEX SYSTEMS (NZ) LIMITED,UNEX SYSTEMS (NZ) LIMITED,,BUILDING / HARDWARE
NZ20025000,UNI-PAK LIMITED,UNI-PAK LIMITED,,MANUFACTURING
NCI7703V,UNIDEX CONSULTING PTY LTD,UNIDEX CONSULTING PTY LTD,VIC,LABOUR HIRE
659029,UNIDEX CONSULTING PTY LTD,UNIDEX CONSULTING PTY LTD,VIC,LABOUR HIRE
NCI7128Q,UNIFORM MANAGEMENT SERVICES PTY. LTD.,UNIFORM MANAGEMENT SERVICES PTY. LTD.,QLD,CLOTHING / TEXTILE
NCI8055N,UNIQUIP CENTRE PTY. LTD.,UNIQUIP CENTRE PTY. LTD.,NSW,BUILDING / HARDWARE
UA00322,UNIQUIP CENTRE PTY. LTD.,UNIQUIP CENTRE PTY. LTD.,NSW,BUILDING / HARDWARE
P110010698,UNISTOW GLOBAL LTD,UNISTOW GLOBAL LTD,,MISCELLANEOUS
NCI5126W,UNISURE ASSETS PTY LTD,UNISURE ASSETS PTY LTD,WA,TIMBER
1449544-1,UNISURE ASSETS PTY LTD,UNISURE ASSETS PTY LTD,WA,TIMBER
NCI8755V,UNITED BUILDING SUPPLY PTY LTD,UNITED BUILDING SUPPLY PTY LTD,VIC,BUILDING / HARDWARE
1015172,UNITED EXPORTS PTY LTD,UNITED EXPORTS PTY LTD,WA,ENGINEERING
NCI8764S,UNITED GJR PTY LTD,UNITED GJR PTY LTD,SA,BUILDING / HARDWARE
AU-99044,UNITED GJR PTY LTD,UNITED GJR PTY LTD,SA,BUILDING / HARDWARE
NZ-47536,UNITED INDUSTRIES LIMITED,UNITED INDUSTRIES LIMITED,,OTHER STEEL
AU-92982,UNITED PRECAST PTY LTD,UNITED PRECAST PTY LTD,SA,BUILDING / HARDWARE
NCI6064V,UNITED RETAIL GROUP PTY LTD,UNITED RETAIL GROUP PTY LTD,VIC,FREIGHT FORWARDERS
AU-75014,UNITED RETAIL GROUP PTY LTD,UNITED RETAIL GROUP PTY LTD,VIC,FREIGHT FORWARDERS
AU-66579,UNITED STEEL PTY LTD,UNITED INDUSTRIES LIMITED,NSW,MAJOR STEEL
UNITYLKINS,UNITY,UNITY TRADE CREDIT PTY LTD,NSW,MISCELLANEOUS
NCI8762N,UNITY CRM,UNITY TRADE CREDIT PTY LTD,NSW,MISCELLANEOUS
697148,UNIVERSAL HARDWARE LIMITED,UNIVERSAL HARDWARE LIMITED,,PLUMBING
396070,UNIVERSAL MUSIC NEW ZEALAND LIMITED,UNIVERSAL MUSIC NEW ZEALAND LIMITED,,ENTERTAINMENT
NCI5545Z,UNO WINDOWS & DOORS LIMITED,UNO WINDOWS & DOORS LIMITED,,MANUFACTURING
NZ18019400,UNO WINDOWS & DOORS LIMITED,UNO WINDOWS & DOORS LIMITED,,MANUFACTURING
NCI4960W,UON PTY LTD,UON PTY LTD,WA,ACCOUNTING
NCI6298Z,UPG NZ LIMITED,ES3 LIMITED,,MANUFACTURING
NZ20025100,UPG NZ LIMITED,ES3 LIMITED,,MANUFACTURING
641014,UPL NEW ZEALAND LIMITED,UPL NEW ZEALAND LIMITED,,AGRICULTURE
AU-100149,UPRITE SCAFFOLDING PTY LTD,UPRITE SCAFFOLDING PTY LTD,NSW,BUILDING / HARDWARE
NCI8994N,UPSIDE DOWN HEADS PTY LTD,UPSIDE DOWN HEADS PTY LTD,NSW,ADVERTISING
UA00340,UPSIDE DOWN HEADS PTY LTD,UPSIDE DOWN HEADS PTY LTD,NSW,ADVERTISING
NCI6089N,UPSTREAM COFFEE IMPORTS PTY LTD,UPSTREAM COFFEE IMPORTS PTY LTD,NSW,FREIGHT FORWARDERS
AU-76057,UPSTREAM COFFEE IMPORTS PTY LTD,UPSTREAM COFFEE IMPORTS PTY LTD,NSW,FOOD / PROVISIONS
NCI8289Z,URBAN GROUP (NZ) LIMITED,URBAN GROUP (NZ) LIMITED,,MANUFACTURING
NZ24031200,URBAN GROUP (NZ) LIMITED,URBAN GROUP (NZ) LIMITED,,MANUFACTURING
NCI6174V,URBAN LIGHTING GROUP PTY LTD,URBAN LIGHTING GROUP PTY LTD,VIC,BUILDING / HARDWARE
295128501,UREKA GLOBAL LTD,UREKA GLOBAL LTD,,MISCELLANEOUS
NCI7743V,US TRUSS PTY LTD,US TRUSS PTY LTD,VIC,BUILDING / HARDWARE
NZ20023801,UTEMASTER NZ LIMITED,UTEMASTER NZ LIMITED,,AUTOMOTIVE
NCI6158Z,UTEMASTER NZ LTD,UTEMASTER NZ LIMITED,,AUTOMOTIVE
1315254,UTP AUSTRALIA PTY LTD,UTP AUSTRALIA PTY LTD,NSW,OTHER STEEL
NCI7183N,UVS GROUP PTY. LTD.,UVS GROUP PTY. LTD.,NSW,LABOUR HIRE
AU21091700,UVS GROUP PTY. LTD.,UVS GROUP PTY. LTD.,NSW,LABOUR HIRE
NCI8724V,V-ZUG AUSTRALIA PTY LTD,V-ZUG AUSTRALIA PTY LTD,VIC,WHITEGOODS / ELECTRICAL
AU-91184,V-ZUG AUSTRALIA PTY LTD,V-ZUG AUSTRALIA PTY LTD,VIC,WHITEGOODS / ELECTRICAL
AU-93026,VALUE ADDED PTY LTD,WILLIAMS GROUP AUSTRALIA PTY LTD,NSW,BUILDING / HARDWARE
SR100132,VAN DAMME PLANT HIRE PTY LTD,VAN DAMME PLANT HIRE PTY LTD,QLD,MINING
SR100058,VAN DAMME PLANT HIRE PTY LTD,VAN DAMME PLANT HIRE PTY LTD,QLD,EQUIPMENT HIRE
AU24122900,VAN DAMME PLANT HIRE PTY LTD,VAN DAMME PLANT HIRE PTY LTD,QLD,EQUIPMENT HIRE
C241229A00,VAN DAMME PLANT HIRE PTY LTD / CAP,VAN DAMME PLANT HIRE PTY LTD,QLD,EQUIPMENT HIRE
P106728,VAN LEEUWEN KIPSPECIALITEITEN BV,VAN LEEUWEN KIPSPECIALITEITEN BV,,FOOD / PROVISIONS
NCI8294Q,VANTAGE POINT ROOFING PTY LTD,VANTAGE POINT ROOFING PTY LTD,QLD,BUILDING / HARDWARE
124885,VARDON INDUSTRIES PTY LTD,VARDON INDUSTRIES PTY LTD,VIC,MANUFACTURING
1440972-1,VDA ELECTRICAL PTY LTD,VDA ELECTRICAL PTY LTD,VIC,ELECTRICAL
AU25139500,VDS CONTRACT MANUFACTURING PTY LTD,VDS CONTRACT MANUFACTURING PTY LTD,QLD,FOOD / PROVISIONS
NCI5865Q,VE GROUP AU PTY LTD,VE GROUP AU PTY LTD,QLD,BUILDING / HARDWARE
1125167,VE GROUP AU PTY LTD,VE GROUP AU PTY LTD,QLD,BUILDING / HARDWARE
1024910,VEG (UK) LIMITED,VEG (UK) LIMITED,,FOOD / PROVISIONS
NCI7913Q,VEGANIC SKN LTD,VEGANIC SKN LTD,QLD,MANUFACTURING
AU25142600,VEGANIC SKN LTD,VEGANIC SKN LTD,QLD,MANUFACTURING
TW-09525,VELOCITY TRANSPORT SOLUTIONS PTY LTD,VELOCITY TRANSPORT SOLUTIONS PTY LTD,NSW,TRANSPORT
NCI6940W,VENICE RECRUITMENT PTY LTD,VENICE RECRUITMENT PTY LTD,WA,ELECTRICAL
AU26151100,VENICE RECRUITMENT PTY LTD,VENICE RECRUITMENT PTY LTD,WA,ELECTRICAL
NCI8216S,VENROSS PTY LTD,VENROSS PTY LTD,SA,ENTERTAINMENT
AU21086800,VENROSS PTY LTD,VENROSS PTY LTD,SA,ENTERTAINMENT
NCI7033V,VENTECH GLOBAL PTY LTD,VENTECH GLOBAL PTY LTD,VIC,MISCELLANEOUS
T106914,VENTECH GLOBAL PTY LTD,VENTECH GLOBAL PTY LTD,VIC,MISCELLANEOUS
NCI5826N,VENTORA GROUP PTY LIMITED,VENTORA GROUP PTY LIMITED,NSW,MANUFACTURING
621002,VENTORA GROUP PTY LIMITED,VENTORA GROUP PTY LIMITED,NSW,MANUFACTURING
AU24127900,VERBATIM AUSTRALIA PTY LTD,VERBATIM AUSTRALIA PTY LTD,VIC,COMPUTERS / ELECTRONICS
NCI3046Q,VERSACE TIMBERS PTY LTD,VERSACE TIMBERS PTY LTD,QLD,TIMBER
AU-47475,VERSACE TIMBERS PTY LTD,VERSACE TIMBERS PTY LTD,QLD,TIMBER
GA1649129,VERSUNI (THAILAND) LTD,PHILIPS ELECTRONICS SINGAPORE PTE LTD,,ELECTRICAL
649127,VERSUNI AUSTRALIA PTY. LTD.,PHILIPS ELECTRONICS SINGAPORE PTE LTD,NSW,ELECTRONICS
G60649130,VERSUNI HOME LIFE MALAYSIA SDN BHD,PHILIPS ELECTRONICS SINGAPORE PTE LTD,,ELECTRONICS
702553,VERSUNI SINGAPORE PTE LTD,PHILIPS ELECTRONICS SINGAPORE PTE LTD,,ELECTRONICS
GA1649131,VERSUNI VIETNAM COMPANY LIMITED,PHILIPS ELECTRONICS SINGAPORE PTE LTD,,ELECTRONICS
NCI8612Q,VERTICAL ENTERPRISES PTY LTD,VERTICAL ENTERPRISES PTY LTD,QLD,BUILDING / HARDWARE
680172,VESTEY FOODS INTERNATIONAL LIMITED,VESTEY FOODS INTERNATIONAL LIMITED,,FOOD / PROVISIONS
563261,VESTEY FOODS UK LTD,VESTEY FOODS UK LTD,,FOOD / PROVISIONS
772900,VETRO AUSTRALIA PTY LTD,VETRO AUSTRALIA PTY LTD,NSW,TIMBER
NCI7481Q,VEXEL PTY LTD,VEXEL PTY LTD,QLD,RETAIL
AU-91138,VEXEL PTY LTD,VEXEL PTY LTD,QLD,RETAIL
1105929,VFI WORLDWIDE LIMITED,VFI WORLDWIDE LIMITED,,FOOD / PROVISIONS
NCI1527V,VIACOM PTY LTD,VIACOM PTY LTD,VIC,COMPUTERS / ELECTRONICS
375314,VIACOM PTY LTD,VIACOM PTY LTD,VIC,BUILDING / HARDWARE
284414201,VIBRANT FOODS LIMITED,VIBRANT FOODS LIMITED,,FOOD / PROVISIONS
AU-47567,VIC COMMERCIAL PTY LIMITED,HARVEY NORMAN COMMERCIAL GROUP,VIC,WHITEGOODS / ELECTRICAL
10228,VIC COMMERCIAL PTY LIMITED,HARVEY NORMAN COMMERCIAL GROUP,VIC,WHITEGOODS / ELECTRICAL
NCI2926V,VIC COMMERCIAL PTY LIMITED,HARVEY NORMAN COMMERCIAL GROUP,VIC,WHITEGOODS / ELECTRICAL
NCI7988Q,VICKERY HOLDINGS TRADING PTY LTD,VICKERY HOLDINGS TRADING PTY LTD,QLD,OTHER STEEL
657252,VICKERY HOLDINGS TRADING PTY LTD,VICKERY HOLDINGS TRADING PTY LTD,QLD,OTHER STEEL
NCI8252V,VICPOLE PTY LTD,VICPOLE PTY LTD,VIC,MAJOR STEEL
AU25141700,VICTORIAN ALPS WINE COMPANY PTY LTD (ADMINISTRATORS APPOINTED),VICTORIAN ALPS WINE COMPANY PTY LTD (ADMINISTRATORS APPOINTED),VIC,MANUFACTURING
T105411,VICTORIAN SHEET METAL PTY LTD,VICTORIAN SHEET METAL PTY LTD,VIC,AIRCONDITIONING
NCI8652V,VICTORIAN TRANSPORT COMPANY PTY LTD,VICTORIAN TRANSPORT COMPANY PTY LTD,VIC,TRANSPORT
TW-10922,VICTORIAN TRANSPORT COMPANY PTY LTD,VICTORIAN TRANSPORT COMPANY PTY LTD,VIC,TRANSPORT
NCI4894Q,VIDA WOOD AUSTRALIA PTY LTD,VIDA WOOD AUSTRALIA PTY LTD,QLD,TIMBER
AU-59267,VIDA WOOD AUSTRALIA PTY LTD,VIDA WOOD AUSTRALIA PTY LTD,QLD,TIMBER
NCI7742N,VIDEO SECURITY PRODUCTS PTY LTD,VIDEO SECURITY PRODUCTS PTY LTD,NSW,ELECTRONICS
AU-66453,VIDEO SECURITY PRODUCTS PTY LTD,VIDEO SECURITY PRODUCTS PTY LTD,NSW,ELECTRONICS
1069004,VIDEOPRO PTY LTD,VIDEOPRO PTY LTD,QLD,ELECTRICAL
AU15017600,VIEWPARK GROUP PTY LTD,BEIJER REF HOLDINGS AUSTRALIA PTY LTD,VIC,MANUFACTURING
NCI4586V,VIEWPARK GROUP PTY LTD,BEIJER REF HOLDINGS AUSTRALIA PTY LTD,VIC,MANUFACTURING
AU-88098,VILLAWOOD TIMBER PTY LTD,VILLAWOOD TIMBER PTY LTD,NSW,BUILDING / HARDWARE
P110010100,VINE MEATS LIMITED - FRAUD,VINE MEATS LTD,,FOOD / PROVISIONS
278348001,VINE MEATS LTD,VINE MEATS LTD,,FOOD / PROVISIONS
NCI2140N,VINIDEX PTY LIMITED,VINIDEX PTY LIMITED,NSW,MANUFACTURING
NCI6667W,VINLINA NOMINEES PTY LTD,VINLINA NOMINEES PTY LTD,WA,FURNITURE / FLOORS
371235,VIRTUNET PTY LTD,VIRTUNET PTY LTD,NSW,COMPUTERS
AU20073900,VISCO QLD DISTRIBUTION PTY LTD,CSI FOODS TRADING LIMITED,QLD,FOOD / PROVISIONS
NCI4171N,VISION LIGHTING SUPPLIES PTY LTD,VISION LIGHTING SUPPLIES PTY LTD,NSW,ELECTRICAL
AU15015900,VISION LIGHTING SUPPLIES PTY LTD,VISION LIGHTING SUPPLIES PTY LTD,NSW,ELECTRICAL
AU21090400,VISION SURVEYS (QLD) PTY LTD,PEOPLEIN LIMITED,QLD,LABOUR HIRE
NCI7508Q,VISION SURVEYS (QLD) PTY LTD,PEOPLEIN LIMITED,QLD,LABOUR HIRE
NCI3036Q,VITAL CHEMICAL PTY LTD,VITAL CHEMICAL PTY. LTD.,QLD,CHEMICALS
AU-57897,VITAL CHEMICAL PTY LTD,VITAL CHEMICAL PTY. LTD.,QLD,CHEMICALS
NCI5179V,VITAL SOLUTIONS (AUST) PTY LTD,VITAL SOLUTIONS (AUST) PTY LTD,VIC,PAPER / PRINTING / STATIONERY
701613,VITAL SOLUTIONS (AUST) PTY LTD,VITAL SOLUTIONS (AUST) PTY LTD,VIC,PAPER / PRINTING / STATIONERY
NCI6324V,VITI FAMILY GROUP PTY LTD,VITI FAMILY GROUP PTY LTD,VIC,ELECTRICAL
1010217,VITOR MARKETING PTY LTD,VITOR MARKETING PTY LTD,VIC,FOOD / PROVISIONS
NCI8924V,VITRUM WINDOWS CLADDING & SHROUDS PTY LTD,VITRUM WINDOWS CLADDING & SHROUDS PTY LTD,VIC,BUILDING / HARDWARE
1417350-1,VIYA IMPORTS PTY LTD,VIYA IMPORTS PTY LTD,NSW,FOOD / PROVISIONS
664561,VML NEW ZEALAND LIMITED,W P P / GROUPM,,ADVERTISING
WP54600003,VOESTALPINE HIGH PERFORMANCE METALS (AUSTRALIA) PTY LTD,VOESTALPINE HIGH PERFORMANCE METALS (AUSTRALIA) PTY LTD,NSW,OTHER STEEL
1261240,VOESTALPINE HIGH PERFORMANCE METALS PACIFIC PTE LTD,ASSAB STEELS SINGAPORE PTE LTD,,MANUFACTURING
WP59400003,VOESTALPINE RAILWAY SYSTEMS AUSTRALIA PTY LTD,VOESTALPINE RAILWAY SYSTEMS AUSTRALIA PTY LTD,QLD,OTHER STEEL
139014,VOESTALPINE SPECIALTY METALS PTE. LTD.,VOESTALPINE SPECIALTY METALS PTE. LTD.,,MANUFACTURING
NCI4120Q,VOIGHT CONTRACTING PTY LTD,VOIGHT CONTRACTING PTY LTD,QLD,TRANSPORT
1012833,VOIGHT CONTRACTING PTY LTD,VOIGHT CONTRACTING PTY LTD,QLD,TRANSPORT
AU-91525,VOLLEY RECRUIT PTY LTD,VOLLEY RECRUIT PTY LTD,SA,LABOUR HIRE
AU24128500,VOLTEX ELECTRICAL ACCESSORIES PTY LTD,VOLTEX ELECTRICAL ACCESSORIES PTY LTD,SA,ELECTRICAL
NCI7894S,VOLTEX ELECTRICAL ACCESSORIES PTY LTD,VOLTEX ELECTRICAL ACCESSORIES PTY LTD,SA,ELECTRICAL
676769,VSL LANDSCAPES LTD,VSL LANDSCAPES LTD,NZ,LANDSCAPING
P110018263,VTEC GROUP LIMITED,VTEC GROUP LIMITED,,TIMBER
NCI5533V,VTW AUSTRALIA PTY LTD,VTW AUSTRALIA PTY LTD,VIC,TIMBER
AU-71405,VTW AUSTRALIA PTY LTD,VTW AUSTRALIA PTY LTD,VIC,TIMBER
AU21087400,VULCAN STEEL (AUSTRALIA) PTY LTD,VULCAN STEEL (AUSTRALIA) PTY LTD,VIC,MAJOR STEEL
NCI8986V,VULCAN STEEL (AUSTRALIA) PTY LTD,VULCAN STEEL (AUSTRALIA) PTY LTD,VIC,MAJOR STEEL
AU-95961,W D DESIGNS PTY LIMITED,W D DESIGNS PTY LIMITED,NSW,CLOTHING / TEXTILE
NCILOWRISK,W/B LOW RISK DEBTORS,NCI DEMO PTY LTD,,ELECTRICAL
417473,W.W. GILES (SMITHFIELD) LTD,W.W. GILES (SMITHFIELD) LTD,,FOOD / PROVISIONS
AU17052200,WAFEX PTY LTD,WAFEX PTY LTD,WA,ASSOCIATED EXPORT
C170522A00,WAFEX PTY LTD / CAP,WAFEX PTY LTD,WA,ASSOCIATED EXPORT
AU-92845,WAIEW PTY LTD,STARCLIP ENTERPRISES PTY LTD,WA,ELECTRICAL
NCI8676Z,WAIPAK NZ LIMITED,WAIPAK NZ LIMITED,,PLASTICS
NZ25033300,WAIPAK NZ LIMITED,WAIPAK NZ LIMITED,,MANUFACTURING
C250333Z00,WAIPAK NZ LIMITED / CAP,WAIPAK NZ LIMITED,,MANUFACTURING
NZ-52327,WAKEFIELD METALS LIMITED,WAKEFIELD METALS LIMITED,NZL,BUILDING / HARDWARE
1466216-1,WALKER LONGBOTTOM PTY. LTD.,WALKER LONGBOTTOM PTY. LTD.,VIC,FOOD / PROVISIONS
AU-100319,WALL SOLUTIONS (VIC) PTY. LTD.,WALL SOLUTIONS (VIC) PTY. LTD.,VIC,BUILDING / HARDWARE
257811201,WALSTEAD ROCHE LIMITED,WALSTEAD ROCHE LIMITED,,PAPER / PRINTING / STATIONERY
NCI8700N,WALTOCK PTY LTD,WALTOCK PTY LTD,NSW,BUILDING / HARDWARE
1223279,WALTOCK PTY LTD,WALTOCK PTY LTD,NSW,BUILDING / HARDWARE
AU19062700,WARBROOK ENTERPRISES PTY LTD,WARBROOK ENTERPRISES PTY LTD,WA,BUILDING / HARDWARE
NCI5746Q,WATER TRUCKS PTY LTD,WATER TRUCKS PTY LTD,QLD,BUILDING / HARDWARE
AU-66357,WATER TRUCKS PTY LTD,WATER TRUCKS PTY LTD,QLD,EQUIPMENT HIRE
AU19070800,WATERFORM TECHNOLOGIES PTY LTD,WATERFORM TECHNOLOGIES PTY LTD,VIC,MANUFACTURING
NCI5967V,WATERLINE TANKS PTY LTD,WATERLINE TANKS PTY LTD,VIC,MANUFACTURING
AU19069601,WATERLINE TANKS PTY LTD,WATERLINE TANKS PTY LTD,VIC,MANUFACTURING
NCI7080N,WATERPROOFING DIRECT PTY. LTD.,WATERPROOFING DIRECT PTY. LTD.,NSW,MISCELLANEOUS
T105262,WATERPROOFING DIRECT PTY. LTD.,WATERPROOFING DIRECT PTY. LTD.,NSW,MISCELLANEOUS
NCI8465N,WATS-ON CORPORATE TRAVEL PTY LTD (1000 MILE TRAVEL GROUP),1000 MILE TRAVEL GROUP PTY LTD,NSW,MISCELLANEOUS
NCI7559V,WATSCO PTY LTD,WATSCO PTY LTD,VIC,FURNITURE / FLOORS
581609,WAVEMAKER AUSTRALIA PTY LTD,W P P / GROUPM,NSW,ADVERTISING
663860,WAVEMAKER NEW ZEALAND LIMITED,W P P / GROUPM,,ADVERTISING
AU-84060,WAVERLEY CONSULTING PTY LTD,TREATED PINE DISTRIBUTORS,NSW,TIMBER
NCI7501V,WAYNE'S HIGH ACCESS PTY LTD,WAYNE'S HIGH ACCESS PTY LTD,VIC,BUILDING / HARDWARE
AU-84525,WAYNE'S HIGH ACCESS PTY LTD,WAYNE'S HIGH ACCESS PTY LTD,VIC,BUILDING / HARDWARE
914540,WEATHERBEETA LIMITED,WEATHERBEETA LIMITED,,MISCELLANEOUS
NCI8193N,WEBASTO THERMO & COMFORT AUSTRALIA PTY LTD,WEBASTO THERMO & COMFORT AUSTRALIA PTY LTD,NSW,AIRCONDITIONING
NCI5495Z,WEBBLINE AGRICULTURE LIMITED,WEBBLINE AGRICULTURE LIMITED,,AGRICULTURE
NZ17014600,WEBBLINE AGRICULTURE LIMITED,WEBBLINE AGRICULTURE LIMITED,,AGRICULTURE
727399,WEBER SOUTH PACIFIC PTY. LTD.,HAGER ELECTRO PTY LTD,QLD,MISCELLANEOUS
NCI5058S,WEBER-STEPHEN PRODUCTS CO. (AUSTRALIA) PTY. LTD.,WEBER-STEPHEN PRODUCTS CO. (AUSTRALIA) PTY. LTD.,SA,FURNITURE / FLOORS
604754,WEDDEL SWIFT DISTRIBUTION LIMITED,WEDDEL SWIFT LIMITED,,MISCELLANEOUS
605165,WEDDEL SWIFT LIMITED,WEDDEL SWIFT LIMITED,,MISCELLANEOUS
NCI7697N,WEHBE INDUSTRIES PTY. LTD.,WEHBE INDUSTRIES PTY. LTD.,NSW,BUILDING / HARDWARE
NCI4568V,WELD QUIP GROUP PTY LTD,WELD QUIP GROUP PTY LTD,NSW,BUILDING / HARDWARE
AU15032100,WELD QUIP GROUP PTY LTD,WELD QUIP GROUP PTY LTD,NSW,BUILDING / HARDWARE
AU-45396,WELDLOK INDUSTRIES PTY LTD,WELDLOK INDUSTRIES PTY LTD,NSW,OTHER STEEL
1050040,WELVIC AUSTRALIA PTY LTD,WELVIC AUSTRALIA PTY LTD,VIC,ELECTRONICS
AU-62258,WERX ENGINEERING PTY LTD,WERX ENGINEERING PTY LTD,QLD,ENGINEERING
AU-49912,WESBEAM PTY LTD,WESBEAM PTY LTD,WA,MANUFACTURING
NCI0039W,WEST AUSTRALIAN NEWSPAPERS LTD,WEST AUSTRALIAN NEWSPAPERS LTD,WA,ADVERTISING
NCI5110W,WEST STATE SEAFOODS (W.A) PTY LTD,WEST STATE SEAFOODS (WA) PTY LTD,WA,FOOD / PROVISIONS
AU24122400,WEST STATE SEAFOODS (W.A) PTY LTD,WEST STATE SEAFOODS (WA) PTY LTD,WA,HOSPITALITY
282777401,WESTBRIDGE FOODS LIMITED,WESTBRIDGE FOODS LIMITED,,FOOD / PROVISIONS
953181,WESTCO LUMBER LIMITED,WESTCO LUMBER LIMITED,,EXPORT
NCI6745W,WESTCOAST LIVESTOCK PTY LTD,WESTCOAST LIVESTOCK PTY LTD,WA,AGRICULTURE
NCI3047N,WESTERN FRAME AND TRUSS PTY LTD,WESTERN FRAME AND TRUSS PTY LTD,NSW,TIMBER
AU-47901,WESTERN FRAME AND TRUSS PTY LTD,WESTERN FRAME AND TRUSS PTY LTD,NSW,TIMBER
NCI8602N,WESTERN SYDNEY FORMWORK PTY LTD,WESTERN SYDNEY FORMWORK PTY LTD,NSW,BUILDING / HARDWARE
NCI7781W,WESTERN WORK FORCE FLEET HIRE PTY LTD,WESTERN WORK FORCE PTY LTD,WA,EQUIPMENT HIRE
NCI5228W,WESTERN WORK FORCE PTY LTD,WESTERN WORK FORCE PTY LTD,WA,LABOUR HIRE
798225,WESTERN WORK FORCE PTY LTD,WESTERN WORK FORCE PTY LTD,WA,BUILDING / HARDWARE
AU-46793,WESTPAC BANKING CORPORATION,WESTPAC BANKING CORP,NSW,FINANCE
NCI8001S,WESTSIDE GROUP HOLDINGS PTY LTD,WESTSIDE GROUP HOLDINGS PTY LTD,SA,ENGINEERING
NCI2696V,WESTSIDE MEAT PTY. LTD.,WESTSIDE MEAT PTY. LTD.,VIC,FOOD / PROVISIONS
421842,WESTSIDE MEAT PTY. LTD.,WESTSIDE MEAT PTY. LTD.,VIC,FOOD / PROVISIONS
NCI7833V,WETSPOT CONSOLIDATED (VIC) PTY LTD,WETSPOT CONSOLIDATED (VIC) PTY LTD,VIC,BUILDING / HARDWARE
1206177,WETSPOT CONSOLIDATED (VIC) PTY LTD,WETSPOT CONSOLIDATED (VIC) PTY LTD,VIC,BUILDING / HARDWARE
NCI7971V,WHITE RHINO ELECTRICAL PTY LTD,WHITE RHINO ELECTRICAL PTY LTD,VIC,ELECTRICAL
NCI8648N,WHITE SPOT GROUP PTY LTD,WHITE SPOT GROUP PTY LTD,NSW,MISCELLANEOUS
AU21087100,WHITE SPOT GROUP PTY LTD,WHITE SPOT GROUP PTY LTD,NSW,BUILDING / HARDWARE
NCI6670Q,WHITECROWN CAPITAL PTY LTD,WHITECROWN CAPITAL PTY LTD,QLD,FINANCE
AU-84408,WHITEHOUSE CONSTRUCTION SERVICES PTY LTD,WHITEHOUSE CONSTRUCTION SERVICES PTY LTD,WA,BUILDING / HARDWARE
NCI7711V,WHITELAW HYDRAULICS PTY. LTD.,WHITELAW HYDRAULICS PTY. LTD.,VIC,MISCELLANEOUS
1235306,WHITELAW HYDRAULICS PTY. LTD.,WHITELAW HYDRAULICS PTY. LTD.,VIC,MISCELLANEOUS
NCI8596V,WHITES POWERSPORTS AUSTRALIA PTY LIMITED,WHITES POWERSPORTS AUSTRALIA PTY LIMITED,VIC,RETAIL
AU25135200,WHITES POWERSPORTS AUSTRALIA PTY LIMITED,WHITES POWERSPORTS AUSTRALIA PTY LIMITED,VIC,RETAIL
NCI8534W,WHITTENS PLANT HIRE PTY LTD,WHITTENS PLANT HIRE PTY LTD,WA,LABOUR HIRE
1393331-1,WHITTENS PLANT HIRE PTY LTD,WHITTENS PLANT HIRE PTY LTD,WA,LABOUR HIRE
NCI1656N,WILLIAMS GROUP AUSTRALIA PTY LTD,WILLIAMS GROUP AUSTRALIA PTY LTD,NSW,TIMBER
361081,WILLIAMS GROUP AUSTRALIA PTY LTD,WILLIAMS GROUP AUSTRALIA PTY LTD,NSW,BUILDING / HARDWARE
AU-46230,WILLIAMS GROUP AUSTRALIA PTY LTD,WILLIAMS GROUP AUSTRALIA PTY LTD,NSW,BUILDING / HARDWARE
NCI8782W,WILLING BUILDING COMPANY PTY LTD,WILLING BUILDING COMPANY PTY LTD,WA,BUILDING / HARDWARE
NCI6148S,WILMURPH PTY LTD,WILMURPH PTY LTD,SA,LABOUR HIRE
457340,WILSON HELLABY LIMITED,WILSON HELLABY LIMITED,,FOOD / PROVISIONS
NCI3054V,WILSON TRANSFORMER COMPANY PROPRIETARY LIMITED,WILSON TRANSFORMER COMPANY PROPRIETARY LIMITED,VIC,MANUFACTURING
903813,WINAICO AUSTRALIA PTY LTD,WINAICO AUSTRALIA PTY LTD,NSW,BUILDING / HARDWARE
NCI6727S,WINBOLD PTY. LTD.,WINBOLD PTY LTD,SA,TIMBER
NCI1966V,WINDSOR SMITH PTY. LIMITED,WINDSOR SMITH PTY LTD,VIC,MANUFACTURING
AU24128200,WING HONG FOODS PTY LTD,WING HONG FOODS PTY LTD,NSW,FOOD / PROVISIONS
SR100167,WINIFRED HOLDINGS PTY LTD,WINIFRED HOLDINGS PTY LTD,VIC,CLOTHING / TEXTILE
AU-45584,WINNING APPLIANCES PTY LTD,WINNING APPLIANCES PTY LTD,NSW,WHITEGOODS / ELECTRICAL
NCI4465N,WINNING APPLIANCES PTY LTD,WINNING APPLIANCES PTY LTD,NSW,WHITEGOODS / ELECTRICAL
AU15037100,WINSPEAR GRAIN SERVICES PTY LTD,WINSPEAR GRAIN SERVICES PTY LTD,WA,AGRICULTURE
NCI2554N,WIRE INDUSTRIES PTY LTD,WIRE INDUSTRIES PTY. LIMITED,NSW,OTHER STEEL
NCI5895Q,WIREMARKERS AUSTRALIA PTY LTD,WIREMARKERS AUSTRALIA PTY LTD,QLD,MANUFACTURING
AU24124600,WIREMARKERS AUSTRALIA PTY LTD,WIREMARKERS AUSTRALIA PTY LTD,QLD,ELECTRICAL
NCI8237Q,WISE SOLUTIONS CARPENTRY PTY LTD,WISE SOLUTIONS CARPENTRY PTY LTD,QLD,BUILDING / HARDWARE
1169054,WITLEY JONES FURNITURE LTD,WITLEY JONES FURNITURE LTD,,FURNITURE / FLOORS
NCI6918N,WK TRADING SERVICES PTY LTD,WK TRADING SERVICES PTY LTD,NSW,ENGINEERING
AU-51484,WK TRADING SERVICES PTY LTD,WK TRADING SERVICES PTY LTD,NSW,BUILDING / HARDWARE
C22A6170A0,WLS LIMITED,WLS LIMITED,,MISCELLANEOUS
SR100198,WOLLEMI ENERGY GROUP PTY LTD,WOLLEMI ENERGY GROUP PTY LTD,NSW,ENGINEERING
NCI1436V,WOLTER STEEL CO PTY LTD,WOLTER STEEL CO PTY LTD,VIC,MAJOR STEEL
NCI8239Q,WOMBAT HIRE QLD PTY LTD,WOMBAT HIRE QLD PTY LTD,QLD,EQUIPMENT HIRE
AU24123800,WOMBAT HIRE QLD PTY LTD,WOMBAT HIRE QLD PTY LTD,QLD,EQUIPMENT HIRE
NCI2003Q,WOMBLE INVESTMENTS PTY. LIMITED,WOMBLE INVESTMENTS PTY. LIMITED,QLD,MANUFACTURING
AU23115900,WOMEN IN CONSTRUCTION PTY LTD,WOMEN IN CONSTRUCTION PTY LTD,VIC,BUILDING / HARDWARE
NCI2242Q,WOODMAN BEENLEIGH PTY. LTD.,WOODMAN GROUP,QLD,BUILDING / HARDWARE
AU-50021,WOODMAN BEENLEIGH PTY. LTD.,WOODMAN GROUP,QLD,TIMBER
NCI2235Q,WOODMAN MCDONALD HARDWARE PTY LTD,WOODMAN GROUP,QLD,BUILDING / HARDWARE
AU-50017,WOODMAN MCDONALD HARDWARE PTY LTD,WOODMAN GROUP,QLD,BUILDING / HARDWARE
AU-49052,WOODS GRAIN PTY LTD,WOODS GRAIN PTY LTD,QLD,AGRICULTURE
NCI7453V,WOODTRON PTY LTD,WOODTRON PTY LTD,VIC,BUILDING / HARDWARE
1441153,WOOLLEY BROS (WHOLESALE MEATS) LTD,WOOLLEY BROS (WHOLESALE MEATS) LTD,,FOOD / PROVISIONS
NZ-46096,WOOLSCOUR HOLDINGS LIMITED,WOOLSCOUR HOLDINGS LIMITED,,MANUFACTURING
NZ-46784,WOOLSCOUR HOLDINGS LIMITED,WOOLSCOUR HOLDINGS LIMITED,,WOOL SUPPLIERS
NZ-50306,WOOLYARNS LIMITED,WOOLYARNS LTD,,CLOTHING / TEXTILE
SR100180,WORKCON (QLD) PTY LTD,WORKCON (QLD) PTY LTD,QLD,LABOUR HIRE
AU-86278,WORKCON (QLD) PTY LTD,WORKCON (QLD) PTY LTD,QLD,LABOUR HIRE
AU-73368,WORKFAST MARKETPLACE PTY. LTD.,WORKFAST MARKETPLACE PTY. LTD.,NSW,LABOUR HIRE
NCI8207V,WORKFORCE SERVICES PTY LTD,WORKFORCE SERVICES PTY LTD,VIC,LABOUR HIRE
71095,WORKHOUSE ADVERTISING PTY LTD,WORKHOUSE ADVERTISING PTY LTD,WA,ADVERTISING
NCI5011W,WORKHOUSE ADVERTISING PTY. LTD.,WORKHOUSE ADVERTISING PTY LTD,WA,ADVERTISING
AU-70095,WORLD CARPETS PTY LTD,WORLD CARPETS PTY LTD,QLD,CARPETS
NCI2422N,WORLD'S BEST TECHNOLOGY DISTRIBUTORS PTY LIMITED,WORLD'S BEST TECHNOLOGY DISTRIBUTORS PTY LIMITED,NSW,
823925,WORLD'S BEST TECHNOLOGY DISTRIBUTORS PTY LTD,WORLD'S BEST TECHNOLOGY DISTRIBUTORS PTY LIMITED,NSW,COMPUTERS
1127927,WORTHY STEEL SOLUTIONS PTY LTD,WORTHY STEEL SOLUTIONS PTY LTD,VIC,MAJOR STEEL
NCI5285N,WOVEN IMAGE PTY LTD,WOVEN IMAGE PTY LTD,NSW,CLOTHING / TEXTILE
AU-61607,WOVEN IMAGE PTY LTD,WOVEN IMAGE PTY LTD,NSW,CLOTHING / TEXTILE
NCI6003Z,WPC 2020 LIMITED,WPC 2020 LIMITED,,BUILDING / HARDWARE
602332,WPP AUNZ PTY LTD,W P P / GROUPM,NSW,ADVERTISING
581631,WPP MEDIA AUSTRALIA PTY LTD,W P P / GROUPM,NSW,ADVERTISING
702304,WPP MEDIA AUSTRALIA PTY LTD T/AS NEO,W P P / GROUPM,NSW,ADVERTISING
738627,WPP MEDIA AUSTRALIA PTY LTD T/AS NEXUS AUSTRALIA ACCELERATION,W P P / GROUPM,NSW,ADVERTISING
669198,WPP MEDIA AUSTRALIA PTY LTD T/AS NEXUS AUSTRALIA GOAT,W P P / GROUPM,NSW,ADVERTISING
731898,WPP MEDIA AUSTRALIA PTY LTD T/AS OPEN ERA AUSTRALIA,W P P / GROUPM,NSW,ADVERTISING
706777,WPP MEDIA AUSTRALIA PTY LTD T/AS OPENMIND MEDIA,W P P / GROUPM,NSW,ADVERTISING
701209,WPP MEDIA AUSTRALIA PTY LTD T/AS WPP OPEN DOOR,W P P / GROUPM,NSW,ADVERTISING
660898,WPP MEDIA NEW ZEALAND LIMITED,W P P / GROUPM,NZL,ADVERTISING
606919,WPP PRODUCTION AUSTRALIA PTY LTD,W P P / GROUPM,NSW,ADVERTISING
1237836,WRB GROUP HOLDINGS PTY LTD,WRB GROUP HOLDINGS PTY LTD,QLD,BUILDING / HARDWARE
NCI8727W,WRIGHT MEDIA PTY LTD,WRIGHT MEDIA PTY LTD,WA,ADVERTISING
AU25143700,WRIGHT MEDIA PTY LTD,WRIGHT MEDIA PTY LTD,WA,ADVERTISING
NCI7890N,WYBG PTY LTD,WYBG PTY LTD,NSW,LANDSCAPING
AU23114400,WYBG PTY LTD,WYBG PTY LTD,NSW,LANDSCAPING
NCI8029V,WYLLIE TILES PTY LTD,WYLLIE TILES PTY LTD,TAS,FURNITURE / FLOORS
TW-08949,WYLLIE TILES PTY LTD,WYLLIE TILES PTY LTD,TAS,FURNITURE / FLOORS
NCI8046Q,X-RECRUITER PTY LTD,X-RECRUITER PTY LTD,QLD,LABOUR HIRE
AU23117900,X-RECRUITER PTY LTD,X-RECRUITER PTY LTD,QLD,LABOUR HIRE
XIGUALIMIT,XIGUA LIMITED,XIGUA LIMITED,,MISCELLANEOUS
1340006-1,XL PRECAST PTY LTD,XL PRECAST PTY LTD,NSW,BUILDING / HARDWARE
NCI8383V,XRF LABWARE PTY LTD,XRF LABWARE PTY LTD,VIC,ELECTRICAL
NCI5828Q,XT ELECTRICAL PTY LTD,XT ELECTRICAL PTY LTD,QLD,ELECTRICAL
938175,XT ELECTRICAL PTY LTD,XT ELECTRICAL PTY LTD,QLD,ELECTRICAL
NCI8053V,XTREME CAULKING PTY LTD,XTREME CAULKING PTY LTD,VIC,
1304826-1,XTREME CAULKING PTY LTD,XTREME CAULKING PTY LTD,VIC,MISCELLANEOUS
1424007,YACKANDANDAH ENGINEERING (VIC) PTY LTD,THE ROOFING CENTRE ALBURY/WODONGA PTY LTD,VIC,BUILDING / HARDWARE
NCI7155V,YAMAHA MUSIC AUSTRALIA PTY. LTD.,YAMAHA MUSIC AUSTRALIA PTY. LTD.,VIC,RETAIL
NZ-47281,YEALANDS ESTATE WINES LTD,YEALANDS ESTATE WINES LTD,,LIQUOR DISTRIBUTORS
1368318-1,YELLOWGATE GROUP PTY LTD,YELLOWGATE GROUP PTY LTD,QLD,EQUIPMENT HIRE
NCI7439W,YELVERTON WINERY PTY LTD,ST JOHNS VINEYARDS PTY LTD,WA,MISCELLANEOUS
AU26152500,YETI SERVICES PTY LTD,YETI SERVICES PTY LTD,QLD,PLUMBING
NCI8927W,YLY SOLUTIONS PTY LTD,YLY SOLUTIONS PTY LTD,WA,MAJOR STEEL
AU-45450,YOKOHAMA TYRE AUSTRALIA PTY LTD,YOKOHAMA TYRE AUSTRALIA PTY LTD,NSW,VEHICLE / TYRES
NCI8942V,YOKOR WINDOW AUS PTY LTD,YOKOR WINDOW AUS PTY LTD,VIC,BUILDING / HARDWARE
NCI8637S,YONDER GROUP TRAVEL PTY LTD (1000 MILE TRAVEL GROUP),1000 MILE TRAVEL GROUP PTY LTD,SA,MISCELLANEOUS
NCI7959N,YOUFOODZ PTY LTD,GROCERY DELIVERY E-SERVICES AUSTRALIA PTY LIMITED,NSW,FOOD / PROVISIONS
NCI8023V,YVE GROUP PTY LTD,YVE GROUP PTY LTD,VIC,MISCELLANEOUS
AU-89572,YVE GROUP PTY LTD,YVE GROUP PTY LTD,VIC,MISCELLANEOUS
NCI6846Q,ZAFA CONTRACTING PTY LTD,ZAFA CONTRACTING PTY LTD,QLD,BUILDING / HARDWARE
AU-76074,ZAFA CONTRACTING PTY LTD,ZAFA CONTRACTING PTY LTD,QLD,BUILDING / HARDWARE
AU-81693,ZANCOTT RECRUITMENT PTY LTD,ZANCOTT RECRUITMENT PTY LTD,SA,LABOUR HIRE
NCI5221S,ZANCOTT RECRUITMENT PTY LTD,ZANCOTT RECRUITMENT PTY LTD,SA,LABOUR HIRE
NCI8655V,ZAPCO OPERATIONS PTY LTD,ZAPCO OPERATIONS PTY LTD,VIC,ELECTRICAL
AU-48237,ZAPCO OPERATIONS PTY LTD,ZAPCO OPERATIONS PTY LTD,VIC,ELECTRICAL
NCI5768Q,ZAPEC PTY LTD,ZAPEC PTY LTD,QLD,ELECTRICAL
TW-04946,ZAPEC PTY LTD,ZAPEC PTY LTD,QLD,ELECTRICAL
1012442,ZEEL DESIGNER KITCHENS PTY LTD,ZEEL DESIGNER KITCHENS PTY LTD,WA,FURNITURE / FLOORS
457344,ZENER ELECTRIC PTY LTD,ZENER ELECTRIC PTY LTD,NSW,ELECTRONICS
AU22097000,ZENITH EXECUTIVE SEARCH PTY LTD,ZENITH EXECUTIVE SEARCH PTY LTD,WA,EMPLOYMENT AGENCIES
NCI8945S,ZINVIN PTY LTD,ZINVIN PTY LTD,SA,LIQUOR DISTRIBUTORS
NCI8258V,ZUND AUSTRALIA PTY LTD,ZUND AUSTRALIA PTY LTD,VIC,MISCELLANEOUS
